{
  "host": "127.0.0.1",
  "port": 44330,
  "tls_version": "1.3",
  "ciphers_requested": "AESGCM:CHACHA20:AES256:AES128",
  "ca_file": "server_cert.pem",
  "payload_bytes": 104857600,
  "use_hybrid": true,
  "tcp_connect_time_ms": 0.6295000202953815,
  "client_hello_time_ms": 0.13100006617605686,
  "server_hello_time_ms": 6.367599940858781,
  "ecdh_time_ms": 0.27710001450031996,
  "mlkem_encapsulation_time_ms": 0.2437999937683344,
  "signature_verification_time_ms": 1.44139991607517,
  "key_derivation_time_ms": 0.29340002220124006,
  "total_handshake_time_ms": 15.92290005646646,
  "handshake_time_ms": 15.92290005646646,
  "ping_rtt_ms": 0.5509000038728118,
  "bytes_sent": 104857600,
  "encrypt_time_ms": 184.25260006915778,
  "bytes_received": 104857600,
  "decrypt_time_ms": 233.0823999363929,
  "end_to_end_transfer_time_ms": 417.3366000177339,
  "throughput_bytes_per_sec": 251254263.33454648,
  "success": true
}