{
  "host": "127.0.0.1",
  "port": 44330,
  "tls_version": "1.3",
  "ciphers_requested": "AESGCM:CHACHA20:AES256:AES128",
  "ca_file": "server_cert.pem",
  "payload_bytes": 104857600,
  "use_hybrid": true,
  "tcp_connect_time_ms": 0.701499986462295,
  "client_hello_time_ms": 0.12350000906735659,
  "server_hello_time_ms": 6.637800019234419,
  "ecdh_time_ms": 0.2940000267699361,
  "mlkem_encapsulation_time_ms": 0.25349995121359825,
  "signature_verification_time_ms": 0.9768999880179763,
  "key_derivation_time_ms": 0.3144999500364065,
  "total_handshake_time_ms": 17.164899967610836,
  "handshake_time_ms": 17.164899967610836,
  "ping_ping_rtt_ms": 0.5393000319600105,
  "bytes_sent": 104857600,
  "encrypt_time_ms": 218.8116000033915,
  "bytes_received": 104857600,
  "decrypt_time_ms": 246.51169998105615,
  "end_to_end_transfer_time_ms": 465.3358000796288,
  "throughput_bytes_per_sec": 225337487.42748064,
  "success": true
}