{
  "versions": [
    {
      "tls_version": "1.3_hybrid",
      "runs": 16,
      "success_rate": 1.0,
      "server_stats": {
        "port": {
          "mean": 44330.0,
          "std": 0.0,
          "n": 16
        },
        "client_hello_time_ms": {
          "mean": 0.11537499813130125,
          "std": 0.013387191219931515,
          "n": 16
        },
        "server_hello_time_ms": {
          "mean": 0.10065624519484118,
          "std": 0.013538831728448225,
          "n": 16
        },
        "ecdh_time_ms": {
          "mean": 0.22655625798506662,
          "std": 0.026999614854373227,
          "n": 16
        },
        "mlkem_decapsulation_time_ms": {
          "mean": 0.47898748744046316,
          "std": 0.09617934135873532,
          "n": 16
        },
        "signature_generation_time_ms": {
          "mean": 0.8350437638000585,
          "std": 0.5003795033182483,
          "n": 16
        },
        "key_derivation_time_ms": {
          "mean": 0.2267437448608689,
          "std": 0.020230430201040282,
          "n": 16
        },
        "total_handshake_time_ms": {
          "mean": 108.73505000199657,
          "std": 1.0135254569449734,
          "n": 16
        },
        "handshake_time_ms": {
          "mean": 108.73505000199657,
          "std": 1.0135254569449734,
          "n": 16
        },
        "bytes_received": {
          "mean": 1048576.0,
          "std": 0.0,
          "n": 16
        },
        "decrypt_time_ms": {
          "mean": 3.023406236025039,
          "std": 0.22986606552898883,
          "n": 16
        },
        "bytes_sent": {
          "mean": 1048576.0,
          "std": 0.0,
          "n": 16
        },
        "encrypt_time_ms": {
          "mean": 2.401262514467817,
          "std": 0.24830651948877033,
          "n": 16
        },
        "transfer_duration_ms": {
          "mean": 5.4333125008270144,
          "std": 0.4278100776806404,
          "n": 16
        },
        "throughput_bytes_per_sec": {
          "mean": 193995146.07227018,
          "std": 13646443.323993152,
          "n": 16
        }
      },
      "client_stats": {
        "port": {
          "mean": 44330.0,
          "std": 0.0,
          "n": 16
        },
        "payload_bytes": {
          "mean": 1048576.0,
          "std": 0.0,
          "n": 16
        },
        "tcp_connect_time_ms": {
          "mean": 0.6624562593060546,
          "std": 0.0421121295473897,
          "n": 16
        },
        "client_hello_time_ms": {
          "mean": 0.12883124873042107,
          "std": 0.00952510827285322,
          "n": 16
        },
        "server_hello_time_ms": {
          "mean": 6.433643764466979,
          "std": 0.19711528860174868,
          "n": 16
        },
        "ecdh_time_ms": {
          "mean": 0.24253749870695174,
          "std": 0.043211672937323135,
          "n": 16
        },
        "mlkem_encapsulation_time_ms": {
          "mean": 0.2099687553709373,
          "std": 0.03747017154458418,
          "n": 16
        },
        "signature_verification_time_ms": {
          "mean": 1.1910187458852306,
          "std": 0.5266009914343902,
          "n": 16
        },
        "key_derivation_time_ms": {
          "mean": 0.2560812281444669,
          "std": 0.04572061841112937,
          "n": 16
        },
        "total_handshake_time_ms": {
          "mean": 15.54695624508895,
          "std": 0.5955430625329412,
          "n": 16
        },
        "handshake_time_ms": {
          "mean": 15.54695624508895,
          "std": 0.5955430625329412,
          "n": 16
        },
        "ping_rtt_ms": {
          "mean": 0.5040437681600451,
          "std": 0.03793891335559522,
          "n": 16
        },
        "bytes_sent": {
          "mean": 1048576.0,
          "std": 0.0,
          "n": 16
        },
        "encrypt_time_ms": {
          "mean": 2.4156812578439713,
          "std": 0.21358198068040454,
          "n": 16
        },
        "bytes_received": {
          "mean": 1048576.0,
          "std": 0.0,
          "n": 16
        },
        "decrypt_time_ms": {
          "mean": 2.851887489669025,
          "std": 0.25253522519882055,
          "n": 16
        },
        "end_to_end_transfer_time_ms": {
          "mean": 5.268512497423217,
          "std": 0.40218290306860743,
          "n": 16
        },
        "throughput_bytes_per_sec": {
          "mean": 200009808.7196071,
          "std": 13766543.554976607,
          "n": 16
        }
      }
    }
  ]
}