{
  "host": "127.0.0.1",
  "port": 44330,
  "tls_version": "1.3",
  "ciphers_requested": "AESGCM:CHACHA20:AES256:AES128",
  "ca_file": "server_cert.pem",
  "payload_bytes": 524288000,
  "use_hybrid": true,
  "tcp_connect_time_ms": 0.6482000462710857,
  "client_hello_time_ms": 0.12770004104822874,
  "server_hello_time_ms": 6.562699913047254,
  "ecdh_time_ms": 0.28769997879862785,
  "mlkem_encapsulation_time_ms": 0.2728999825194478,
  "signature_verification_time_ms": 1.072299899533391,
  "key_derivation_time_ms": 0.2733999863266945,
  "total_handshake_time_ms": 16.009399900212884,
  "handshake_time_ms": 16.009399900212884,
  "ping_ping_rtt_ms": 0.5181999877095222,
  "bytes_sent": 524288000,
  "encrypt_time_ms": 1020.1991000212729,
  "bytes_received": 524288000,
  "decrypt_time_ms": 1299.9540000455454,
  "end_to_end_transfer_time_ms": 2320.15460007824,
  "throughput_bytes_per_sec": 225971148.63911223,
  "success": true
}