{
  "host": "127.0.0.1",
  "port": 44330,
  "tls_version": "1.3",
  "ciphers_requested": "AESGCM:CHACHA20:AES256:AES128",
  "ca_file": "server_cert.pem",
  "payload_bytes": 524288000,
  "use_hybrid": true,
  "tcp_connect_time_ms": 0.6464000325649977,
  "client_hello_time_ms": 0.13379997108131647,
  "server_hello_time_ms": 6.233499967493117,
  "ecdh_time_ms": 0.2880999818444252,
  "mlkem_encapsulation_time_ms": 0.24770002346485853,
  "signature_verification_time_ms": 1.332300016656518,
  "key_derivation_time_ms": 0.3171999705955386,
  "total_handshake_time_ms": 15.606499975547194,
  "handshake_time_ms": 15.606499975547194,
  "ping_rtt_ms": 0.5903999553993344,
  "bytes_sent": 524288000,
  "encrypt_time_ms": 951.8158999271691,
  "bytes_received": 524288000,
  "decrypt_time_ms": 1313.4962000185624,
  "end_to_end_transfer_time_ms": 2265.3138999594375,
  "throughput_bytes_per_sec": 231441655.83824292,
  "success": true
}