{
  "versions": [
    {
      "tls_version": "1.3_hybrid",
      "runs": 16,
      "success_rate": 1.0,
      "server_stats": {
        "port": {
          "mean": 44330.0,
          "std": 0.0,
          "n": 16
        },
        "client_hello_time_ms": {
          "mean": 0.10733125964179635,
          "std": 0.010873485111286859,
          "n": 16
        },
        "server_hello_time_ms": {
          "mean": 0.0977999807219021,
          "std": 0.006954617513056432,
          "n": 16
        },
        "ecdh_time_ms": {
          "mean": 0.22591874585486948,
          "std": 0.022320968094298604,
          "n": 16
        },
        "mlkem_decapsulation_time_ms": {
          "mean": 0.5017312505515292,
          "std": 0.09617900435415824,
          "n": 16
        },
        "signature_generation_time_ms": {
          "mean": 0.6477062634075992,
          "std": 0.3074134000894432,
          "n": 16
        },
        "key_derivation_time_ms": {
          "mean": 0.23867499112384394,
          "std": 0.03671297310990205,
          "n": 16
        },
        "total_handshake_time_ms": {
          "mean": 108.84844374959357,
          "std": 1.5311834042656836,
          "n": 16
        },
        "handshake_time_ms": {
          "mean": 108.84844374959357,
          "std": 1.5311834042656836,
          "n": 16
        },
        "bytes_received": {
          "mean": 104857600.0,
          "std": 0.0,
          "n": 16
        },
        "decrypt_time_ms": {
          "mean": 236.0621187472134,
          "std": 9.401223885924734,
          "n": 16
        },
        "bytes_sent": {
          "mean": 104857600.0,
          "std": 0.0,
          "n": 16
        },
        "encrypt_time_ms": {
          "mean": 210.1343000176712,
          "std": 12.224589714309118,
          "n": 16
        },
        "transfer_duration_ms": {
          "mean": 446.48369374044705,
          "std": 17.656786019413914,
          "n": 16
        },
        "throughput_bytes_per_sec": {
          "mean": 235200641.7527472,
          "std": 9411294.91653461,
          "n": 16
        }
      },
      "client_stats": {
        "port": {
          "mean": 44330.0,
          "std": 0.0,
          "n": 16
        },
        "payload_bytes": {
          "mean": 104857600.0,
          "std": 0.0,
          "n": 16
        },
        "tcp_connect_time_ms": {
          "mean": 0.6386375025613233,
          "std": 0.03538390701104929,
          "n": 16
        },
        "client_hello_time_ms": {
          "mean": 0.13998748181620613,
          "std": 0.02969626336287639,
          "n": 16
        },
        "server_hello_time_ms": {
          "mean": 6.373337484546937,
          "std": 0.29948620434517764,
          "n": 16
        },
        "ecdh_time_ms": {
          "mean": 0.25191250460920855,
          "std": 0.037647037963824896,
          "n": 16
        },
        "mlkem_encapsulation_time_ms": {
          "mean": 0.2200312665081583,
          "std": 0.03736174225626444,
          "n": 16
        },
        "signature_verification_time_ms": {
          "mean": 1.0244937511743046,
          "std": 0.3307470260293412,
          "n": 16
        },
        "key_derivation_time_ms": {
          "mean": 0.26421251095598564,
          "std": 0.03550607210135352,
          "n": 16
        },
        "total_handshake_time_ms": {
          "mean": 15.368187509011477,
          "std": 0.4589180180421158,
          "n": 16
        },
        "handshake_time_ms": {
          "mean": 15.368187509011477,
          "std": 0.4589180180421158,
          "n": 16
        },
        "ping_rtt_ms": {
          "mean": 0.49714374472387135,
          "std": 0.05868224230131546,
          "n": 16
        },
        "bytes_sent": {
          "mean": 104857600.0,
          "std": 0.0,
          "n": 16
        },
        "encrypt_time_ms": {
          "mean": 198.30421875667525,
          "std": 9.49382575554099,
          "n": 16
        },
        "bytes_received": {
          "mean": 104857600.0,
          "std": 0.0,
          "n": 16
        },
        "decrypt_time_ms": {
          "mean": 240.39306874328759,
          "std": 12.112447784479174,
          "n": 16
        },
        "end_to_end_transfer_time_ms": {
          "mean": 438.69908749184106,
          "std": 17.50697425190927,
          "n": 16
        },
        "throughput_bytes_per_sec": {
          "mean": 239380422.4208738,
          "std": 9658013.563036796,
          "n": 16
        }
      }
    }
  ]
}