{
  "versions": [
    {
      "tls_version": "1.3_hybrid",
      "runs": 16,
      "success_rate": 1.0,
      "server_stats": {
        "port": {
          "mean": 44330.0,
          "std": 0.0,
          "n": 16
        },
        "client_hello_time_ms": {
          "mean": 0.10720625141402707,
          "std": 0.00996121926788709,
          "n": 16
        },
        "server_hello_time_ms": {
          "mean": 0.10176249634241685,
          "std": 0.012078376746515908,
          "n": 16
        },
        "ecdh_time_ms": {
          "mean": 0.22563749371329322,
          "std": 0.02301248357079039,
          "n": 16
        },
        "mlkem_decapsulation_time_ms": {
          "mean": 0.5405500050983392,
          "std": 0.09691864782060981,
          "n": 16
        },
        "signature_generation_time_ms": {
          "mean": 0.5662937546730973,
          "std": 0.13018575721807518,
          "n": 16
        },
        "key_derivation_time_ms": {
          "mean": 0.24818125530146062,
          "std": 0.03730479899514055,
          "n": 16
        },
        "total_handshake_time_ms": {
          "mean": 108.58208750141785,
          "std": 1.6768135481335738,
          "n": 16
        },
        "handshake_time_ms": {
          "mean": 108.58208750141785,
          "std": 1.6768135481335738,
          "n": 16
        },
        "bytes_received": {
          "mean": 1024.0,
          "std": 0.0,
          "n": 16
        },
        "decrypt_time_ms": {
          "mean": 0.14845625992165878,
          "std": 0.018423373443079167,
          "n": 16
        },
        "bytes_sent": {
          "mean": 1024.0,
          "std": 0.0,
          "n": 16
        },
        "encrypt_time_ms": {
          "mean": 0.06078124715713784,
          "std": 0.013344881929707068,
          "n": 16
        },
        "transfer_duration_ms": {
          "mean": 0.21269998978823423,
          "std": 0.024143052286796064,
          "n": 16
        },
        "throughput_bytes_per_sec": {
          "mean": 4869729.144572885,
          "std": 528580.8338062335,
          "n": 16
        }
      },
      "client_stats": {
        "port": {
          "mean": 44330.0,
          "std": 0.0,
          "n": 16
        },
        "payload_bytes": {
          "mean": 1024.0,
          "std": 0.0,
          "n": 16
        },
        "tcp_connect_time_ms": {
          "mean": 0.6640000210609287,
          "std": 0.052327559888574696,
          "n": 16
        },
        "client_hello_time_ms": {
          "mean": 0.12701873492915183,
          "std": 0.011589947883157887,
          "n": 16
        },
        "server_hello_time_ms": {
          "mean": 6.297862513747532,
          "std": 0.20540730393865367,
          "n": 16
        },
        "ecdh_time_ms": {
          "mean": 0.2634687698446214,
          "std": 0.03380171609209739,
          "n": 16
        },
        "mlkem_encapsulation_time_ms": {
          "mean": 0.22986248950473964,
          "std": 0.03200886589237604,
          "n": 16
        },
        "signature_verification_time_ms": {
          "mean": 0.9367312595713884,
          "std": 0.13834594831540695,
          "n": 16
        },
        "key_derivation_time_ms": {
          "mean": 0.25978751364164054,
          "std": 0.03631016427750143,
          "n": 16
        },
        "total_handshake_time_ms": {
          "mean": 15.321862505516037,
          "std": 0.3657622819642019,
          "n": 16
        },
        "handshake_time_ms": {
          "mean": 15.321862505516037,
          "std": 0.3657622819642019,
          "n": 16
        },
        "ping_rtt_ms": {
          "mean": 0.5094812222523615,
          "std": 0.06358172306925262,
          "n": 16
        },
        "bytes_sent": {
          "mean": 1024.0,
          "std": 0.0,
          "n": 16
        },
        "encrypt_time_ms": {
          "mean": 0.057518765970598906,
          "std": 0.008755195306266705,
          "n": 16
        },
        "bytes_received": {
          "mean": 1024.0,
          "std": 0.0,
          "n": 16
        },
        "decrypt_time_ms": {
          "mean": 0.14258749433793128,
          "std": 0.028388180617662958,
          "n": 16
        },
        "end_to_end_transfer_time_ms": {
          "mean": 0.20087501616217196,
          "std": 0.02936086076556092,
          "n": 16
        },
        "throughput_bytes_per_sec": {
          "mean": 5194656.657355156,
          "std": 717048.5617872848,
          "n": 16
        }
      }
    }
  ]
}