{
  "host": "127.0.0.1",
  "port": 44330,
  "tls_version": "1.3",
  "ciphers_requested": "AESGCM:CHACHA20:AES256:AES128",
  "ca_file": "server_cert.pem",
  "payload_bytes": 524288000,
  "tcp_connect_time_ms": 0.6212999578565359,
  "handshake_time_ms": 5.771499942056835,
  "negotiated_tls_version": "TLSv1.3",
  "negotiated_cipher": [
    "TLS_AES_256_GCM_SHA384",
    "TLSv1.3",
    256
  ],
  "ping_rtt_ms": 0.2894999925047159,
  "bytes_sent": 524288000,
  "encrypt_time_ms": 469.70750007312745,
  "bytes_received": 524288000,
  "decrypt_time_ms": 741.5851000696421,
  "end_to_end_transfer_time_ms": 1211.2949000438675,
  "throughput_bytes_per_sec": 432832665.25848716,
  "success": true
}