{
  "host": "127.0.0.1",
  "port": 44330,
  "tls_version": "1.3",
  "ciphers_requested": "AESGCM:CHACHA20:AES256:AES128",
  "ca_file": "server_cert.pem",
  "payload_bytes": 524288000,
  "tcp_connect_time_ms": 0.6541999755427241,
  "handshake_time_ms": 4.969100002199411,
  "negotiated_tls_version": "TLSv1.3",
  "negotiated_cipher": [
    "TLS_AES_256_GCM_SHA384",
    "TLSv1.3",
    256
  ],
  "ping_rtt_ms": 0.33380009699612856,
  "bytes_sent": 524288000,
  "encrypt_time_ms": 482.1401999797672,
  "bytes_received": 524288000,
  "decrypt_time_ms": 754.1445000097156,
  "end_to_end_transfer_time_ms": 1236.287400010042,
  "throughput_bytes_per_sec": 424082620.26753765,
  "success": true
}