{
  "host": "127.0.0.1",
  "port": 44330,
  "tls_version": "1.3",
  "ciphers_requested": "AESGCM:CHACHA20:AES256:AES128",
  "ca_file": "server_cert.pem",
  "payload_bytes": 524288000,
  "tcp_connect_time_ms": 0.6460999138653278,
  "handshake_time_ms": 4.542600014247,
  "negotiated_tls_version": "TLSv1.3",
  "negotiated_cipher": [
    "TLS_AES_256_GCM_SHA384",
    "TLSv1.3",
    256
  ],
  "ping_rtt_ms": 0.29390002600848675,
  "bytes_sent": 524288000,
  "encrypt_time_ms": 469.8155999649316,
  "bytes_received": 524288000,
  "decrypt_time_ms": 753.5517000360414,
  "end_to_end_transfer_time_ms": 1223.369300016202,
  "throughput_bytes_per_sec": 428560697.0790067,
  "success": true
}