{
  "versions": [
    {
      "tls_version": "1.3",
      "runs": 16,
      "success_rate": 1.0,
      "server_stats": {
        "port": {
          "mean": 44330.0,
          "std": 0.0,
          "n": 16
        },
        "cert_size_bytes": {
          "mean": 1134.0,
          "std": 0.0,
          "n": 16
        },
        "key_size_bytes": {
          "mean": 1732.0,
          "std": 0.0,
          "n": 16
        },
        "handshake_time_ms": {
          "mean": 8.411312504904345,
          "std": 0.5364523719204871,
          "n": 16
        },
        "bytes_received": {
          "mean": 524288000.0,
          "std": 0.0,
          "n": 16
        },
        "decrypt_time_ms": {
          "mean": 816.0972999976366,
          "std": 40.586774671486204,
          "n": 16
        },
        "bytes_sent": {
          "mean": 524288000.0,
          "std": 0.0,
          "n": 16
        },
        "encrypt_time_ms": {
          "mean": 488.0317437418853,
          "std": 16.35711256685563,
          "n": 16
        },
        "transfer_duration_ms": {
          "mean": 1305.4228812397923,
          "std": 53.46659733730771,
          "n": 16
        },
        "throughput_bytes_per_sec": {
          "mean": 402215750.4335396,
          "std": 15445322.457142286,
          "n": 16
        }
      },
      "client_stats": {
        "port": {
          "mean": 44330.0,
          "std": 0.0,
          "n": 16
        },
        "payload_bytes": {
          "mean": 524288000.0,
          "std": 0.0,
          "n": 16
        },
        "tcp_connect_time_ms": {
          "mean": 0.6973500130698085,
          "std": 0.07538467954491807,
          "n": 16
        },
        "handshake_time_ms": {
          "mean": 4.987568776414264,
          "std": 0.36992679655981475,
          "n": 16
        },
        "ping_rtt_ms": {
          "mean": 0.2898687598644756,
          "std": 0.1017153779615946,
          "n": 16
        },
        "bytes_sent": {
          "mean": 524288000.0,
          "std": 0.0,
          "n": 16
        },
        "encrypt_time_ms": {
          "mean": 494.07543749839533,
          "std": 32.521296244485356,
          "n": 16
        },
        "bytes_received": {
          "mean": 524288000.0,
          "std": 0.0,
          "n": 16
        },
        "decrypt_time_ms": {
          "mean": 769.2712124917307,
          "std": 23.838010824720108,
          "n": 16
        },
        "end_to_end_transfer_time_ms": {
          "mean": 1263.3499437506543,
          "std": 52.36062198387069,
          "n": 16
        },
        "throughput_bytes_per_sec": {
          "mean": 415625229.4992936,
          "std": 16148120.002340417,
          "n": 16
        }
      }
    }
  ]
}