{
  "versions": [
    {
      "tls_version": "1.3",
      "runs": 16,
      "success_rate": 1.0,
      "server_stats": {
        "port": {
          "mean": 44330.0,
          "std": 0.0,
          "n": 16
        },
        "cert_size_bytes": {
          "mean": 1134.0,
          "std": 0.0,
          "n": 16
        },
        "key_size_bytes": {
          "mean": 1732.0,
          "std": 0.0,
          "n": 16
        },
        "handshake_time_ms": {
          "mean": 8.22588124719914,
          "std": 0.29922838254819684,
          "n": 16
        },
        "bytes_received": {
          "mean": 524288000.0,
          "std": 0.0,
          "n": 16
        },
        "decrypt_time_ms": {
          "mean": 799.4810687450808,
          "std": 7.246331354736086,
          "n": 16
        },
        "bytes_sent": {
          "mean": 524288000.0,
          "std": 0.0,
          "n": 16
        },
        "encrypt_time_ms": {
          "mean": 469.2922875256045,
          "std": 5.379606565614683,
          "n": 16
        },
        "transfer_duration_ms": {
          "mean": 1270.0020937409136,
          "std": 8.504639354616438,
          "n": 16
        },
        "throughput_bytes_per_sec": {
          "mean": 412841949.42887866,
          "std": 2776921.697276244,
          "n": 16
        }
      },
      "client_stats": {
        "port": {
          "mean": 44330.0,
          "std": 0.0,
          "n": 16
        },
        "payload_bytes": {
          "mean": 524288000.0,
          "std": 0.0,
          "n": 16
        },
        "tcp_connect_time_ms": {
          "mean": 0.6590562479686923,
          "std": 0.03808952525320438,
          "n": 16
        },
        "handshake_time_ms": {
          "mean": 4.9999937327811494,
          "std": 0.2828701918583582,
          "n": 16
        },
        "ping_rtt_ms": {
          "mean": 0.3503499974613078,
          "std": 0.0961280099905279,
          "n": 16
        },
        "bytes_sent": {
          "mean": 524288000.0,
          "std": 0.0,
          "n": 16
        },
        "encrypt_time_ms": {
          "mean": 473.7859187516733,
          "std": 2.6138621360004803,
          "n": 16
        },
        "bytes_received": {
          "mean": 524288000.0,
          "std": 0.0,
          "n": 16
        },
        "decrypt_time_ms": {
          "mean": 755.0674187368713,
          "std": 8.802922643804642,
          "n": 16
        },
        "end_to_end_transfer_time_ms": {
          "mean": 1228.8557499923627,
          "std": 8.387132047871752,
          "n": 16
        },
        "throughput_bytes_per_sec": {
          "mean": 426666035.52221376,
          "std": 2926593.2488316116,
          "n": 16
        }
      }
    }
  ]
}