{
  "versions": [
    {
      "tls_version": "1.3",
      "runs": 16,
      "success_rate": 1.0,
      "server_stats": {
        "port": {
          "mean": 44330.0,
          "std": 0.0,
          "n": 16
        },
        "cert_size_bytes": {
          "mean": 1134.0,
          "std": 0.0,
          "n": 16
        },
        "key_size_bytes": {
          "mean": 1732.0,
          "std": 0.0,
          "n": 16
        },
        "handshake_time_ms": {
          "mean": 8.263775001978502,
          "std": 0.32642614990126984,
          "n": 16
        },
        "bytes_received": {
          "mean": 524288000.0,
          "std": 0.0,
          "n": 16
        },
        "decrypt_time_ms": {
          "mean": 793.5611624925514,
          "std": 6.618889349460678,
          "n": 16
        },
        "bytes_sent": {
          "mean": 524288000.0,
          "std": 0.0,
          "n": 16
        },
        "encrypt_time_ms": {
          "mean": 466.0306937294081,
          "std": 6.277481055446641,
          "n": 16
        },
        "transfer_duration_ms": {
          "mean": 1260.814656256116,
          "std": 9.731959690290319,
          "n": 16
        },
        "throughput_bytes_per_sec": {
          "mean": 415855886.6085766,
          "std": 3200194.7692852146,
          "n": 16
        }
      },
      "client_stats": {
        "port": {
          "mean": 44330.0,
          "std": 0.0,
          "n": 16
        },
        "payload_bytes": {
          "mean": 524288000.0,
          "std": 0.0,
          "n": 16
        },
        "tcp_connect_time_ms": {
          "mean": 0.6537562367157079,
          "std": 0.04555745508273275,
          "n": 16
        },
        "handshake_time_ms": {
          "mean": 5.007762520108372,
          "std": 0.3147235055800635,
          "n": 16
        },
        "ping_rtt_ms": {
          "mean": 0.37406873889267445,
          "std": 0.06465995221767017,
          "n": 16
        },
        "bytes_sent": {
          "mean": 524288000.0,
          "std": 0.0,
          "n": 16
        },
        "encrypt_time_ms": {
          "mean": 469.41668126237346,
          "std": 3.8150430881126227,
          "n": 16
        },
        "bytes_received": {
          "mean": 524288000.0,
          "std": 0.0,
          "n": 16
        },
        "decrypt_time_ms": {
          "mean": 750.278587496723,
          "std": 7.72379609981876,
          "n": 16
        },
        "end_to_end_transfer_time_ms": {
          "mean": 1219.697706263105,
          "std": 9.684107363876459,
          "n": 16
        },
        "throughput_bytes_per_sec": {
          "mean": 429876099.2498984,
          "std": 3402772.1691008825,
          "n": 16
        }
      }
    }
  ]
}