{
  "versions": [
    {
      "tls_version": "1.3",
      "runs": 16,
      "success_rate": 1.0,
      "server_stats": {
        "port": {
          "mean": 44330.0,
          "std": 0.0,
          "n": 16
        },
        "cert_size_bytes": {
          "mean": 1134.0,
          "std": 0.0,
          "n": 16
        },
        "key_size_bytes": {
          "mean": 1732.0,
          "std": 0.0,
          "n": 16
        },
        "handshake_time_ms": {
          "mean": 8.66628124640556,
          "std": 1.360499056884813,
          "n": 16
        },
        "bytes_received": {
          "mean": 524288000.0,
          "std": 0.0,
          "n": 16
        },
        "decrypt_time_ms": {
          "mean": 855.4689687371138,
          "std": 77.23042585217169,
          "n": 16
        },
        "bytes_sent": {
          "mean": 524288000.0,
          "std": 0.0,
          "n": 16
        },
        "encrypt_time_ms": {
          "mean": 489.9770875053946,
          "std": 46.01978994531886,
          "n": 16
        },
        "transfer_duration_ms": {
          "mean": 1346.7211187526118,
          "std": 115.37923276726907,
          "n": 16
        },
        "throughput_bytes_per_sec": {
          "mean": 391557496.3760887,
          "std": 28064870.16127168,
          "n": 16
        }
      },
      "client_stats": {
        "port": {
          "mean": 44330.0,
          "std": 0.0,
          "n": 16
        },
        "payload_bytes": {
          "mean": 524288000.0,
          "std": 0.0,
          "n": 16
        },
        "tcp_connect_time_ms": {
          "mean": 0.6785375080653466,
          "std": 0.04855712304441084,
          "n": 16
        },
        "handshake_time_ms": {
          "mean": 5.176975006179418,
          "std": 0.8026070173389447,
          "n": 16
        },
        "ping_rtt_ms": {
          "mean": 0.32832499709911644,
          "std": 0.07114752230501344,
          "n": 16
        },
        "bytes_sent": {
          "mean": 524288000.0,
          "std": 0.0,
          "n": 16
        },
        "encrypt_time_ms": {
          "mean": 512.5121437449707,
          "std": 63.576185216515796,
          "n": 16
        },
        "bytes_received": {
          "mean": 524288000.0,
          "std": 0.0,
          "n": 16
        },
        "decrypt_time_ms": {
          "mean": 791.318468771351,
          "std": 53.18775575438749,
          "n": 16
        },
        "end_to_end_transfer_time_ms": {
          "mean": 1303.8331687566824,
          "std": 113.35941731410999,
          "n": 16
        },
        "throughput_bytes_per_sec": {
          "mean": 404498189.18237746,
          "std": 29318586.957970545,
          "n": 16
        }
      }
    }
  ]
}