{
  "versions": [
    {
      "tls_version": "1.3",
      "runs": 16,
      "success_rate": 1.0,
      "server_stats": {
        "port": {
          "mean": 44330.0,
          "std": 0.0,
          "n": 16
        },
        "cert_size_bytes": {
          "mean": 1134.0,
          "std": 0.0,
          "n": 16
        },
        "key_size_bytes": {
          "mean": 1732.0,
          "std": 0.0,
          "n": 16
        },
        "handshake_time_ms": {
          "mean": 8.133493778586853,
          "std": 0.33421840793844193,
          "n": 16
        },
        "bytes_received": {
          "mean": 1024.0,
          "std": 0.0,
          "n": 16
        },
        "decrypt_time_ms": {
          "mean": 0.06416873657144606,
          "std": 0.00347462943955027,
          "n": 16
        },
        "bytes_sent": {
          "mean": 1024.0,
          "std": 0.0,
          "n": 16
        },
        "encrypt_time_ms": {
          "mean": 0.03630627179518342,
          "std": 0.004094463988402051,
          "n": 16
        },
        "transfer_duration_ms": {
          "mean": 0.1039437556755729,
          "std": 0.005600937915565582,
          "n": 16
        },
        "throughput_bytes_per_sec": {
          "mean": 9878438.683172042,
          "std": 534796.4536542081,
          "n": 16
        }
      },
      "client_stats": {
        "port": {
          "mean": 44330.0,
          "std": 0.0,
          "n": 16
        },
        "payload_bytes": {
          "mean": 1024.0,
          "std": 0.0,
          "n": 16
        },
        "tcp_connect_time_ms": {
          "mean": 0.6395812379196286,
          "std": 0.02119362117620341,
          "n": 16
        },
        "handshake_time_ms": {
          "mean": 4.873893747571856,
          "std": 0.338327892650128,
          "n": 16
        },
        "ping_rtt_ms": {
          "mean": 0.3812249924521893,
          "std": 0.07694848799110379,
          "n": 16
        },
        "bytes_sent": {
          "mean": 1024.0,
          "std": 0.0,
          "n": 16
        },
        "encrypt_time_ms": {
          "mean": 0.042631232645362616,
          "std": 0.003404263526901044,
          "n": 16
        },
        "bytes_received": {
          "mean": 1024.0,
          "std": 0.0,
          "n": 16
        },
        "decrypt_time_ms": {
          "mean": 0.059587480791378766,
          "std": 0.005297284624467664,
          "n": 16
        },
        "end_to_end_transfer_time_ms": {
          "mean": 0.1032687141560018,
          "std": 0.004426845883611259,
          "n": 16
        },
        "throughput_bytes_per_sec": {
          "mean": 9933016.487789625,
          "std": 426793.6275004362,
          "n": 16
        }
      }
    }
  ]
}