{
  "versions": [
    {
      "tls_version": "1.3",
      "runs": 16,
      "success_rate": 1.0,
      "server_stats": {
        "port": {
          "mean": 44330.0,
          "std": 0.0,
          "n": 16
        },
        "cert_size_bytes": {
          "mean": 1134.0,
          "std": 0.0,
          "n": 16
        },
        "key_size_bytes": {
          "mean": 1732.0,
          "std": 0.0,
          "n": 16
        },
        "handshake_time_ms": {
          "mean": 8.176481256668922,
          "std": 0.36411400537380534,
          "n": 16
        },
        "bytes_received": {
          "mean": 1024.0,
          "std": 0.0,
          "n": 16
        },
        "decrypt_time_ms": {
          "mean": 0.06266250420594588,
          "std": 0.006793714491309057,
          "n": 16
        },
        "bytes_sent": {
          "mean": 1024.0,
          "std": 0.0,
          "n": 16
        },
        "encrypt_time_ms": {
          "mean": 0.03389374614926055,
          "std": 0.002037139877484365,
          "n": 16
        },
        "transfer_duration_ms": {
          "mean": 0.0999312469502911,
          "std": 0.00794579498756082,
          "n": 16
        },
        "throughput_bytes_per_sec": {
          "mean": 10312555.863277242,
          "std": 883720.6651394241,
          "n": 16
        }
      },
      "client_stats": {
        "port": {
          "mean": 44330.0,
          "std": 0.0,
          "n": 16
        },
        "payload_bytes": {
          "mean": 1024.0,
          "std": 0.0,
          "n": 16
        },
        "tcp_connect_time_ms": {
          "mean": 0.6505812561954372,
          "std": 0.022039977798395373,
          "n": 16
        },
        "handshake_time_ms": {
          "mean": 4.9410687570343725,
          "std": 0.34159885077009017,
          "n": 16
        },
        "ping_rtt_ms": {
          "mean": 0.38486876292154193,
          "std": 0.07584313150083828,
          "n": 16
        },
        "bytes_sent": {
          "mean": 1024.0,
          "std": 0.0,
          "n": 16
        },
        "encrypt_time_ms": {
          "mean": 0.042668747482821345,
          "std": 0.005913081646800871,
          "n": 16
        },
        "bytes_received": {
          "mean": 1024.0,
          "std": 0.0,
          "n": 16
        },
        "decrypt_time_ms": {
          "mean": 0.055900025472510606,
          "std": 0.0038669318773595675,
          "n": 16
        },
        "end_to_end_transfer_time_ms": {
          "mean": 0.09957502334145829,
          "std": 0.008026809790575294,
          "n": 16
        },
        "throughput_bytes_per_sec": {
          "mean": 10352077.713891065,
          "std": 909595.3526341799,
          "n": 16
        }
      }
    }
  ]
}