{
  "versions": [
    {
      "tls_version": "1.3",
      "runs": 16,
      "success_rate": 1.0,
      "server_stats": {
        "port": {
          "mean": 44330.0,
          "std": 0.0,
          "n": 16
        },
        "cert_size_bytes": {
          "mean": 1134.0,
          "std": 0.0,
          "n": 16
        },
        "key_size_bytes": {
          "mean": 1732.0,
          "std": 0.0,
          "n": 16
        },
        "handshake_time_ms": {
          "mean": 8.301668778585736,
          "std": 0.3909999078986102,
          "n": 16
        },
        "bytes_received": {
          "mean": 1024.0,
          "std": 0.0,
          "n": 16
        },
        "decrypt_time_ms": {
          "mean": 0.0691124951117672,
          "std": 0.01706235900238729,
          "n": 16
        },
        "bytes_sent": {
          "mean": 1024.0,
          "std": 0.0,
          "n": 16
        },
        "encrypt_time_ms": {
          "mean": 0.03459375147940591,
          "std": 0.006671957328940577,
          "n": 16
        },
        "transfer_duration_ms": {
          "mean": 0.10693749936763197,
          "std": 0.020045350985122102,
          "n": 16
        },
        "throughput_bytes_per_sec": {
          "mean": 9830789.032784265,
          "std": 1494891.407910451,
          "n": 16
        }
      },
      "client_stats": {
        "port": {
          "mean": 44330.0,
          "std": 0.0,
          "n": 16
        },
        "payload_bytes": {
          "mean": 1024.0,
          "std": 0.0,
          "n": 16
        },
        "tcp_connect_time_ms": {
          "mean": 0.6964437488932163,
          "std": 0.10200597721003013,
          "n": 16
        },
        "handshake_time_ms": {
          "mean": 4.997375021048356,
          "std": 0.32108600258529363,
          "n": 16
        },
        "ping_rtt_ms": {
          "mean": 0.32306875800713897,
          "std": 0.10603630797808207,
          "n": 16
        },
        "bytes_sent": {
          "mean": 1024.0,
          "std": 0.0,
          "n": 16
        },
        "encrypt_time_ms": {
          "mean": 0.04355001146905124,
          "std": 0.006510402034920878,
          "n": 16
        },
        "bytes_received": {
          "mean": 1024.0,
          "std": 0.0,
          "n": 16
        },
        "decrypt_time_ms": {
          "mean": 0.06092499097576365,
          "std": 0.023180801397506702,
          "n": 16
        },
        "end_to_end_transfer_time_ms": {
          "mean": 0.1054937529261224,
          "std": 0.02697543541564462,
          "n": 16
        },
        "throughput_bytes_per_sec": {
          "mean": 10068809.039014993,
          "std": 1566429.7162817838,
          "n": 16
        }
      }
    }
  ]
}