{
  "versions": [
    {
      "tls_version": "1.3",
      "runs": 16,
      "success_rate": 1.0,
      "server_stats": {
        "port": {
          "mean": 44330.0,
          "std": 0.0,
          "n": 16
        },
        "cert_size_bytes": {
          "mean": 1134.0,
          "std": 0.0,
          "n": 16
        },
        "key_size_bytes": {
          "mean": 1732.0,
          "std": 0.0,
          "n": 16
        },
        "handshake_time_ms": {
          "mean": 8.239900016633328,
          "std": 0.32411897369388654,
          "n": 16
        },
        "bytes_received": {
          "mean": 1073741824.0,
          "std": 0.0,
          "n": 16
        },
        "decrypt_time_ms": {
          "mean": 2133.600268745795,
          "std": 8.384681764299726,
          "n": 16
        },
        "bytes_sent": {
          "mean": 1073741824.0,
          "std": 0.0,
          "n": 16
        },
        "encrypt_time_ms": {
          "mean": 962.8748000031919,
          "std": 9.415412940147531,
          "n": 16
        },
        "transfer_duration_ms": {
          "mean": 3099.1920312517323,
          "std": 13.769993586576526,
          "n": 16
        },
        "throughput_bytes_per_sec": {
          "mean": 346465014.9866272,
          "std": 1532985.270215388,
          "n": 16
        }
      },
      "client_stats": {
        "port": {
          "mean": 44330.0,
          "std": 0.0,
          "n": 16
        },
        "payload_bytes": {
          "mean": 1073741824.0,
          "std": 0.0,
          "n": 16
        },
        "tcp_connect_time_ms": {
          "mean": 0.6758000236004591,
          "std": 0.05147539541918353,
          "n": 16
        },
        "handshake_time_ms": {
          "mean": 4.9545375077286735,
          "std": 0.3028253557122393,
          "n": 16
        },
        "ping_rtt_ms": {
          "mean": 0.38035000761738047,
          "std": 0.06533085247722142,
          "n": 16
        },
        "bytes_sent": {
          "mean": 1073741824.0,
          "std": 0.0,
          "n": 16
        },
        "encrypt_time_ms": {
          "mean": 969.2578562389826,
          "std": 3.6010430340355257,
          "n": 16
        },
        "bytes_received": {
          "mean": 1073741824.0,
          "std": 0.0,
          "n": 16
        },
        "decrypt_time_ms": {
          "mean": 2045.690087499679,
          "std": 11.873548723148602,
          "n": 16
        },
        "end_to_end_transfer_time_ms": {
          "mean": 3014.9504187502316,
          "std": 13.591527850615545,
          "n": 16
        },
        "throughput_bytes_per_sec": {
          "mean": 356145887.2193418,
          "std": 1598496.06036938,
          "n": 16
        }
      }
    }
  ]
}