{
  "versions": [
    {
      "tls_version": "1.3",
      "runs": 16,
      "success_rate": 1.0,
      "server_stats": {
        "port": {
          "mean": 44330.0,
          "std": 0.0,
          "n": 16
        },
        "cert_size_bytes": {
          "mean": 1134.0,
          "std": 0.0,
          "n": 16
        },
        "key_size_bytes": {
          "mean": 1732.0,
          "std": 0.0,
          "n": 16
        },
        "handshake_time_ms": {
          "mean": 8.244925003964454,
          "std": 0.3670825237468496,
          "n": 16
        },
        "bytes_received": {
          "mean": 1073741824.0,
          "std": 0.0,
          "n": 16
        },
        "decrypt_time_ms": {
          "mean": 2132.196906241006,
          "std": 21.66949243231269,
          "n": 16
        },
        "bytes_sent": {
          "mean": 1073741824.0,
          "std": 0.0,
          "n": 16
        },
        "encrypt_time_ms": {
          "mean": 953.169331252866,
          "std": 13.684209524816739,
          "n": 16
        },
        "transfer_duration_ms": {
          "mean": 3088.020287497784,
          "std": 26.167939957874484,
          "n": 16
        },
        "throughput_bytes_per_sec": {
          "mean": 347735151.336201,
          "std": 2909651.1482404205,
          "n": 16
        }
      },
      "client_stats": {
        "port": {
          "mean": 44330.0,
          "std": 0.0,
          "n": 16
        },
        "payload_bytes": {
          "mean": 1073741824.0,
          "std": 0.0,
          "n": 16
        },
        "tcp_connect_time_ms": {
          "mean": 0.6684999898425303,
          "std": 0.07668288406484364,
          "n": 16
        },
        "handshake_time_ms": {
          "mean": 4.973950002749916,
          "std": 0.3844179949815664,
          "n": 16
        },
        "ping_rtt_ms": {
          "mean": 0.3724624912138097,
          "std": 0.09381352746710679,
          "n": 16
        },
        "bytes_sent": {
          "mean": 1073741824.0,
          "std": 0.0,
          "n": 16
        },
        "encrypt_time_ms": {
          "mean": 969.4315125016146,
          "std": 10.971831229149691,
          "n": 16
        },
        "bytes_received": {
          "mean": 1073741824.0,
          "std": 0.0,
          "n": 16
        },
        "decrypt_time_ms": {
          "mean": 2034.3058625221602,
          "std": 21.802809741665232,
          "n": 16
        },
        "end_to_end_transfer_time_ms": {
          "mean": 3003.7397375053843,
          "std": 26.701437400846928,
          "n": 16
        },
        "throughput_bytes_per_sec": {
          "mean": 357494473.7871188,
          "std": 3137366.4410364176,
          "n": 16
        }
      }
    }
  ]
}