{
  "versions": [
    {
      "tls_version": "1.3",
      "runs": 16,
      "success_rate": 1.0,
      "server_stats": {
        "port": {
          "mean": 44330.0,
          "std": 0.0,
          "n": 16
        },
        "cert_size_bytes": {
          "mean": 1134.0,
          "std": 0.0,
          "n": 16
        },
        "key_size_bytes": {
          "mean": 1732.0,
          "std": 0.0,
          "n": 16
        },
        "handshake_time_ms": {
          "mean": 8.445381245110184,
          "std": 0.26639095429325604,
          "n": 16
        },
        "bytes_received": {
          "mean": 102400.0,
          "std": 0.0,
          "n": 16
        },
        "decrypt_time_ms": {
          "mean": 0.2780812283162959,
          "std": 0.03216589026473578,
          "n": 16
        },
        "bytes_sent": {
          "mean": 102400.0,
          "std": 0.0,
          "n": 16
        },
        "encrypt_time_ms": {
          "mean": 0.1624687429284677,
          "std": 0.035195674043749986,
          "n": 16
        },
        "transfer_duration_ms": {
          "mean": 0.44478124618763104,
          "std": 0.05317197046994723,
          "n": 16
        },
        "throughput_bytes_per_sec": {
          "mean": 233396096.887354,
          "std": 28450374.29704019,
          "n": 16
        }
      },
      "client_stats": {
        "port": {
          "mean": 44330.0,
          "std": 0.0,
          "n": 16
        },
        "payload_bytes": {
          "mean": 102400.0,
          "std": 0.0,
          "n": 16
        },
        "tcp_connect_time_ms": {
          "mean": 0.6853562299511395,
          "std": 0.03145891686678237,
          "n": 16
        },
        "handshake_time_ms": {
          "mean": 5.128043754666578,
          "std": 0.2591432134439809,
          "n": 16
        },
        "ping_rtt_ms": {
          "mean": 0.3638875132310204,
          "std": 0.09947077535764993,
          "n": 16
        },
        "bytes_sent": {
          "mean": 102400.0,
          "std": 0.0,
          "n": 16
        },
        "encrypt_time_ms": {
          "mean": 0.1944250034284778,
          "std": 0.03345419880360974,
          "n": 16
        },
        "bytes_received": {
          "mean": 102400.0,
          "std": 0.0,
          "n": 16
        },
        "decrypt_time_ms": {
          "mean": 0.2500374976079911,
          "std": 0.04708432588577717,
          "n": 16
        },
        "end_to_end_transfer_time_ms": {
          "mean": 0.4456000024219975,
          "std": 0.04741894254210566,
          "n": 16
        },
        "throughput_bytes_per_sec": {
          "mean": 232245287.99365956,
          "std": 24611128.08836947,
          "n": 16
        }
      }
    }
  ]
}