{
  "versions": [
    {
      "tls_version": "1.3",
      "runs": 16,
      "success_rate": 1.0,
      "server_stats": {
        "port": {
          "mean": 44330.0,
          "std": 0.0,
          "n": 16
        },
        "cert_size_bytes": {
          "mean": 1134.0,
          "std": 0.0,
          "n": 16
        },
        "key_size_bytes": {
          "mean": 1732.0,
          "std": 0.0,
          "n": 16
        },
        "handshake_time_ms": {
          "mean": 8.135924996167887,
          "std": 0.41405464058144664,
          "n": 16
        },
        "bytes_received": {
          "mean": 102400.0,
          "std": 0.0,
          "n": 16
        },
        "decrypt_time_ms": {
          "mean": 0.2535875028115697,
          "std": 0.02598166179688399,
          "n": 16
        },
        "bytes_sent": {
          "mean": 102400.0,
          "std": 0.0,
          "n": 16
        },
        "encrypt_time_ms": {
          "mean": 0.1645499942242168,
          "std": 0.025536594742311937,
          "n": 16
        },
        "transfer_duration_ms": {
          "mean": 0.42255000880686566,
          "std": 0.03270361145672359,
          "n": 16
        },
        "throughput_bytes_per_sec": {
          "mean": 243763345.26494285,
          "std": 19847794.47625663,
          "n": 16
        }
      },
      "client_stats": {
        "port": {
          "mean": 44330.0,
          "std": 0.0,
          "n": 16
        },
        "payload_bytes": {
          "mean": 102400.0,
          "std": 0.0,
          "n": 16
        },
        "tcp_connect_time_ms": {
          "mean": 0.6636437537963502,
          "std": 0.03839692353775678,
          "n": 16
        },
        "handshake_time_ms": {
          "mean": 4.820068767003249,
          "std": 0.36062425047209284,
          "n": 16
        },
        "ping_rtt_ms": {
          "mean": 0.34428125218255445,
          "std": 0.06907926539768174,
          "n": 16
        },
        "bytes_sent": {
          "mean": 102400.0,
          "std": 0.0,
          "n": 16
        },
        "encrypt_time_ms": {
          "mean": 0.18241875659441575,
          "std": 0.016971053185327434,
          "n": 16
        },
        "bytes_received": {
          "mean": 102400.0,
          "std": 0.0,
          "n": 16
        },
        "decrypt_time_ms": {
          "mean": 0.23848124692449346,
          "std": 0.033888785344723685,
          "n": 16
        },
        "end_to_end_transfer_time_ms": {
          "mean": 0.42195626156171784,
          "std": 0.03443899688285122,
          "n": 16
        },
        "throughput_bytes_per_sec": {
          "mean": 244244157.0029942,
          "std": 20595534.58498792,
          "n": 16
        }
      }
    }
  ]
}