{
  "versions": [
    {
      "tls_version": "1.3",
      "runs": 16,
      "success_rate": 1.0,
      "server_stats": {
        "port": {
          "mean": 44330.0,
          "std": 0.0,
          "n": 16
        },
        "cert_size_bytes": {
          "mean": 1134.0,
          "std": 0.0,
          "n": 16
        },
        "key_size_bytes": {
          "mean": 1732.0,
          "std": 0.0,
          "n": 16
        },
        "handshake_time_ms": {
          "mean": 8.160924982803408,
          "std": 0.3893146880018969,
          "n": 16
        },
        "bytes_received": {
          "mean": 102400.0,
          "std": 0.0,
          "n": 16
        },
        "decrypt_time_ms": {
          "mean": 0.2551749930717051,
          "std": 0.019980604773901,
          "n": 16
        },
        "bytes_sent": {
          "mean": 102400.0,
          "std": 0.0,
          "n": 16
        },
        "encrypt_time_ms": {
          "mean": 0.15343125414801762,
          "std": 0.020137529162780173,
          "n": 16
        },
        "transfer_duration_ms": {
          "mean": 0.4125562554690987,
          "std": 0.029617128803212402,
          "n": 16
        },
        "throughput_bytes_per_sec": {
          "mean": 249450956.40942287,
          "std": 18503243.669529013,
          "n": 16
        }
      },
      "client_stats": {
        "port": {
          "mean": 44330.0,
          "std": 0.0,
          "n": 16
        },
        "payload_bytes": {
          "mean": 102400.0,
          "std": 0.0,
          "n": 16
        },
        "tcp_connect_time_ms": {
          "mean": 0.6887750059831887,
          "std": 0.054648878093125845,
          "n": 16
        },
        "handshake_time_ms": {
          "mean": 4.947681234625634,
          "std": 0.35014793873262845,
          "n": 16
        },
        "ping_rtt_ms": {
          "mean": 0.3599999981815927,
          "std": 0.07375193430012962,
          "n": 16
        },
        "bytes_sent": {
          "mean": 102400.0,
          "std": 0.0,
          "n": 16
        },
        "encrypt_time_ms": {
          "mean": 0.1848499960033223,
          "std": 0.0225014127972608,
          "n": 16
        },
        "bytes_received": {
          "mean": 102400.0,
          "std": 0.0,
          "n": 16
        },
        "decrypt_time_ms": {
          "mean": 0.23510623577749357,
          "std": 0.042227902771988866,
          "n": 16
        },
        "end_to_end_transfer_time_ms": {
          "mean": 0.42105623288080096,
          "std": 0.03838267951703263,
          "n": 16
        },
        "throughput_bytes_per_sec": {
          "mean": 245096950.10753512,
          "std": 22356185.13152747,
          "n": 16
        }
      }
    }
  ]
}