{
  "versions": [
    {
      "tls_version": "1.3",
      "runs": 16,
      "success_rate": 1.0,
      "server_stats": {
        "port": {
          "mean": 44330.0,
          "std": 0.0,
          "n": 16
        },
        "cert_size_bytes": {
          "mean": 1134.0,
          "std": 0.0,
          "n": 16
        },
        "key_size_bytes": {
          "mean": 1732.0,
          "std": 0.0,
          "n": 16
        },
        "handshake_time_ms": {
          "mean": 8.073862503806595,
          "std": 0.26795585769178426,
          "n": 16
        },
        "bytes_received": {
          "mean": 102400.0,
          "std": 0.0,
          "n": 16
        },
        "decrypt_time_ms": {
          "mean": 0.26729999080998823,
          "std": 0.0219745766129455,
          "n": 16
        },
        "bytes_sent": {
          "mean": 102400.0,
          "std": 0.0,
          "n": 16
        },
        "encrypt_time_ms": {
          "mean": 0.1726937625790015,
          "std": 0.09642496783842011,
          "n": 16
        },
        "transfer_duration_ms": {
          "mean": 0.44476873154053465,
          "std": 0.10551281510340886,
          "n": 16
        },
        "throughput_bytes_per_sec": {
          "mean": 238086011.4973406,
          "std": 36612262.727667876,
          "n": 16
        }
      },
      "client_stats": {
        "port": {
          "mean": 44330.0,
          "std": 0.0,
          "n": 16
        },
        "payload_bytes": {
          "mean": 102400.0,
          "std": 0.0,
          "n": 16
        },
        "tcp_connect_time_ms": {
          "mean": 0.6670375078101642,
          "std": 0.04973966706007186,
          "n": 16
        },
        "handshake_time_ms": {
          "mean": 4.80645625066245,
          "std": 0.24113000007709154,
          "n": 16
        },
        "ping_rtt_ms": {
          "mean": 0.3663250245153904,
          "std": 0.0739846140785696,
          "n": 16
        },
        "bytes_sent": {
          "mean": 102400.0,
          "std": 0.0,
          "n": 16
        },
        "encrypt_time_ms": {
          "mean": 0.1914000094984658,
          "std": 0.012111041927317288,
          "n": 16
        },
        "bytes_received": {
          "mean": 102400.0,
          "std": 0.0,
          "n": 16
        },
        "decrypt_time_ms": {
          "mean": 0.25450623797951266,
          "std": 0.09832646021899814,
          "n": 16
        },
        "end_to_end_transfer_time_ms": {
          "mean": 0.4469499981496483,
          "std": 0.10075288924962018,
          "n": 16
        },
        "throughput_bytes_per_sec": {
          "mean": 236055021.35667038,
          "std": 33818153.806708485,
          "n": 16
        }
      }
    }
  ]
}