Metric,Classical_Mean,Classical_Std,Hybrid_Mean,Hybrid_Std,Overhead_Percent,Classical_Count,Hybrid_Count
Decryption Time,2034.3058625221602,21.802809741665232,3389.583256241167,277.6704804363452,66.62112215705437,16,16
Encryption Time,969.4315125016146,10.971831229149696,2135.565868753474,266.56942613400537,120.29053535124457,16,16
End-to-End Transfer Time,3003.7397375053843,26.70143740084697,5525.150949993986,532.8586009346825,83.94239956963254,16,16
Handshake Time,4.973950002749916,0.38441799498156654,15.582043743052054,0.9427182819194377,213.27302716025108,16,16
Ping RTT,0.3724624912138097,0.09381352746710679,0.48642501496942714,0.07230783847839826,30.59704707022377,16,16
Throughput,357494473.78711873,3137366.441036417,195625297.12576312,14266658.590837836,-45.27879129056011,16,16
