Metric,Classical_Mean,Classical_Std,Hybrid_Mean,Hybrid_Std,Overhead_Percent,Classical_Count,Hybrid_Count
Decryption Time,2132.196906241006,21.669492432312683,3389.7270125089562,268.5932923960918,58.97814139900122,16,16
Encryption Time,953.169331252866,13.684209524816726,2217.177050006285,280.03076863686215,132.61103534373902,16,16
Handshake Time,8.244925003964454,0.3670825237468496,110.52009373815963,4.8379658319930074,1240.462086495846,16,16
Throughput,347735151.3362011,2909651.14824042,192651129.81665492,13921927.808782503,-44.59831596651158,16,16
Transfer Duration,3088.020287497784,26.16793995787452,5609.678749999148,534.6471420597419,81.65938781913438,16,16
