{
  "host": "127.0.0.1",
  "port": 44330,
  "tls_version": "1.3",
  "ciphers_requested": "AESGCM:CHACHA20:AES256:AES128",
  "ca_file": "server_cert.pem",
  "payload_bytes": 1048576,
  "tcp_connect_time_ms": 0.9902000019792467,
  "handshake_time_ms": 9.388699996634386,
  "negotiated_tls_version": "TLSv1.3",
  "negotiated_cipher": [
    "TLS_AES_256_GCM_SHA384",
    "TLSv1.3",
    256
  ],
  "rtt_ms": 0.6628999981330708,
  "bytes_sent": 1048576,
  "encrypt_time_ms": 1.6306000034091994,
  "bytes_received": 1048576,
  "decrypt_time_ms": 2.0979000109946355,
  "end_to_end_transfer_time_ms": 3.7300000112736598,
  "throughput_bytes_per_sec": 281119570.1959125,
  "success": true
}