{
  "host": "127.0.0.1",
  "port": 44330,
  "tls_version": "1.3",
  "ciphers_requested": "AESGCM:CHACHA20:AES256:AES128",
  "ca_file": "server_cert.pem",
  "payload_bytes": 1073741824,
  "tcp_connect_time_ms": 0.8545999880880117,
  "handshake_time_ms": 4.922299995087087,
  "negotiated_tls_version": "TLSv1.3",
  "negotiated_cipher": [
    "TLS_AES_256_GCM_SHA384",
    "TLSv1.3",
    256
  ],
  "ping_rtt_ms": 0.430300016887486,
  "bytes_sent": 1073741824,
  "encrypt_time_ms": 1319.613500032574,
  "bytes_received": 1073741824,
  "decrypt_time_ms": 2480.8724999893457,
  "end_to_end_transfer_time_ms": 3800.489400047809,
  "throughput_bytes_per_sec": 282527251.35517883,
  "success": true
}