{
  "versions": [
    {
      "tls_version": "1.3",
      "runs": 16,
      "success_rate": 1.0,
      "server_stats": {
        "port": {
          "mean": 44330.0,
          "std": 0.0,
          "n": 16
        },
        "cert_size_bytes": {
          "mean": 1134.0,
          "std": 0.0,
          "n": 16
        },
        "key_size_bytes": {
          "mean": 1732.0,
          "std": 0.0,
          "n": 16
        },
        "handshake_time_ms": {
          "mean": 8.230525003455114,
          "std": 0.421131676620786,
          "n": 16
        },
        "bytes_received": {
          "mean": 1048576.0,
          "std": 0.0,
          "n": 16
        },
        "decrypt_time_ms": {
          "mean": 1.7914499985636212,
          "std": 0.19056309967829793,
          "n": 16
        },
        "bytes_sent": {
          "mean": 1048576.0,
          "std": 0.0,
          "n": 16
        },
        "encrypt_time_ms": {
          "mean": 1.0815375062520616,
          "std": 0.15198612217007443,
          "n": 16
        },
        "transfer_duration_ms": {
          "mean": 2.881506232370157,
          "std": 0.2846679477592799,
          "n": 16
        },
        "throughput_bytes_per_sec": {
          "mean": 367466001.5819927,
          "std": 38820118.83756576,
          "n": 16
        }
      },
      "client_stats": {
        "port": {
          "mean": 44330.0,
          "std": 0.0,
          "n": 16
        },
        "payload_bytes": {
          "mean": 1048576.0,
          "std": 0.0,
          "n": 16
        },
        "tcp_connect_time_ms": {
          "mean": 0.6636250036535785,
          "std": 0.03933196639946637,
          "n": 16
        },
        "handshake_time_ms": {
          "mean": 4.959412508469541,
          "std": 0.381766755507018,
          "n": 16
        },
        "ping_rtt_ms": {
          "mean": 0.32750000536907464,
          "std": 0.09625221364380786,
          "n": 16
        },
        "bytes_sent": {
          "mean": 1048576.0,
          "std": 0.0,
          "n": 16
        },
        "encrypt_time_ms": {
          "mean": 1.222387516463641,
          "std": 0.17306074428723192,
          "n": 16
        },
        "bytes_received": {
          "mean": 1048576.0,
          "std": 0.0,
          "n": 16
        },
        "decrypt_time_ms": {
          "mean": 1.7216812339029275,
          "std": 0.281787295277127,
          "n": 16
        },
        "end_to_end_transfer_time_ms": {
          "mean": 2.9450375004671514,
          "std": 0.40996544291760956,
          "n": 16
        },
        "throughput_bytes_per_sec": {
          "mean": 363459692.5335958,
          "std": 57232121.0985369,
          "n": 16
        }
      }
    }
  ]
}