{
  "versions": [
    {
      "tls_version": "1.3",
      "runs": 16,
      "success_rate": 1.0,
      "server_stats": {
        "port": {
          "mean": 44330.0,
          "std": 0.0,
          "n": 16
        },
        "cert_size_bytes": {
          "mean": 1134.0,
          "std": 0.0,
          "n": 16
        },
        "key_size_bytes": {
          "mean": 1732.0,
          "std": 0.0,
          "n": 16
        },
        "handshake_time_ms": {
          "mean": 8.199737487302627,
          "std": 0.5315770801945396,
          "n": 16
        },
        "bytes_received": {
          "mean": 1048576.0,
          "std": 0.0,
          "n": 16
        },
        "decrypt_time_ms": {
          "mean": 1.8155687503167428,
          "std": 0.19261007233280691,
          "n": 16
        },
        "bytes_sent": {
          "mean": 1048576.0,
          "std": 0.0,
          "n": 16
        },
        "encrypt_time_ms": {
          "mean": 1.078100009181071,
          "std": 0.1250201308825655,
          "n": 16
        },
        "transfer_duration_ms": {
          "mean": 2.9021249938523397,
          "std": 0.2287788865929564,
          "n": 16
        },
        "throughput_bytes_per_sec": {
          "mean": 363452718.8136661,
          "std": 29060442.277279668,
          "n": 16
        }
      },
      "client_stats": {
        "port": {
          "mean": 44330.0,
          "std": 0.0,
          "n": 16
        },
        "payload_bytes": {
          "mean": 1048576.0,
          "std": 0.0,
          "n": 16
        },
        "tcp_connect_time_ms": {
          "mean": 0.6747874940629117,
          "std": 0.06867892397135295,
          "n": 16
        },
        "handshake_time_ms": {
          "mean": 4.892293756711297,
          "std": 0.3723586928510752,
          "n": 16
        },
        "ping_rtt_ms": {
          "mean": 0.36931876093149185,
          "std": 0.06937066110063866,
          "n": 16
        },
        "bytes_sent": {
          "mean": 1048576.0,
          "std": 0.0,
          "n": 16
        },
        "encrypt_time_ms": {
          "mean": 1.2441687649697997,
          "std": 0.15111194538833028,
          "n": 16
        },
        "bytes_received": {
          "mean": 1048576.0,
          "std": 0.0,
          "n": 16
        },
        "decrypt_time_ms": {
          "mean": 1.7129937405115925,
          "std": 0.20201328048102848,
          "n": 16
        },
        "end_to_end_transfer_time_ms": {
          "mean": 2.958149998448789,
          "std": 0.26350384111252106,
          "n": 16
        },
        "throughput_bytes_per_sec": {
          "mean": 357153715.15065706,
          "std": 32237133.396961454,
          "n": 16
        }
      }
    }
  ]
}