{
  "versions": [
    {
      "tls_version": "1.3",
      "runs": 16,
      "success_rate": 1.0,
      "server_stats": {
        "port": {
          "mean": 44330.0,
          "std": 0.0,
          "n": 16
        },
        "cert_size_bytes": {
          "mean": 1134.0,
          "std": 0.0,
          "n": 16
        },
        "key_size_bytes": {
          "mean": 1732.0,
          "std": 0.0,
          "n": 16
        },
        "handshake_time_ms": {
          "mean": 8.620831235020887,
          "std": 0.28260405199346367,
          "n": 16
        },
        "bytes_received": {
          "mean": 1048576.0,
          "std": 0.0,
          "n": 16
        },
        "decrypt_time_ms": {
          "mean": 1.8256562543683685,
          "std": 0.19097208796037088,
          "n": 16
        },
        "bytes_sent": {
          "mean": 1048576.0,
          "std": 0.0,
          "n": 16
        },
        "encrypt_time_ms": {
          "mean": 1.0433374991407618,
          "std": 0.12987757484433526,
          "n": 16
        },
        "transfer_duration_ms": {
          "mean": 2.877443752367981,
          "std": 0.22850184850455368,
          "n": 16
        },
        "throughput_bytes_per_sec": {
          "mean": 366563840.18602884,
          "std": 29016245.677389927,
          "n": 16
        }
      },
      "client_stats": {
        "port": {
          "mean": 44330.0,
          "std": 0.0,
          "n": 16
        },
        "payload_bytes": {
          "mean": 1048576.0,
          "std": 0.0,
          "n": 16
        },
        "tcp_connect_time_ms": {
          "mean": 0.6996625088504516,
          "std": 0.037536951753200536,
          "n": 16
        },
        "handshake_time_ms": {
          "mean": 5.269587491056882,
          "std": 0.2259130034591156,
          "n": 16
        },
        "ping_rtt_ms": {
          "mean": 0.3190499992342666,
          "std": 0.12335078958257016,
          "n": 16
        },
        "bytes_sent": {
          "mean": 1048576.0,
          "std": 0.0,
          "n": 16
        },
        "encrypt_time_ms": {
          "mean": 1.2596749947988428,
          "std": 0.20373304307192003,
          "n": 16
        },
        "bytes_received": {
          "mean": 1048576.0,
          "std": 0.0,
          "n": 16
        },
        "decrypt_time_ms": {
          "mean": 1.533337497676257,
          "std": 0.2460867753291025,
          "n": 16
        },
        "end_to_end_transfer_time_ms": {
          "mean": 2.7941125008510426,
          "std": 0.2603338398897735,
          "n": 16
        },
        "throughput_bytes_per_sec": {
          "mean": 378511278.1657113,
          "std": 37114780.297985815,
          "n": 16
        }
      }
    }
  ]
}