{
  "versions": [
    {
      "tls_version": "1.3",
      "runs": 16,
      "success_rate": 1.0,
      "server_stats": {
        "port": {
          "mean": 44330.0,
          "std": 0.0,
          "n": 16
        },
        "cert_size_bytes": {
          "mean": 1134.0,
          "std": 0.0,
          "n": 16
        },
        "key_size_bytes": {
          "mean": 1732.0,
          "std": 0.0,
          "n": 16
        },
        "handshake_time_ms": {
          "mean": 8.297674998175353,
          "std": 0.5464193369218554,
          "n": 16
        },
        "bytes_received": {
          "mean": 1048576.0,
          "std": 0.0,
          "n": 16
        },
        "decrypt_time_ms": {
          "mean": 1.735962498059962,
          "std": 0.14665794347698358,
          "n": 16
        },
        "bytes_sent": {
          "mean": 1048576.0,
          "std": 0.0,
          "n": 16
        },
        "encrypt_time_ms": {
          "mean": 1.0434875075588934,
          "std": 0.14657729114188764,
          "n": 16
        },
        "transfer_duration_ms": {
          "mean": 2.7886187453987077,
          "std": 0.22520068129097529,
          "n": 16
        },
        "throughput_bytes_per_sec": {
          "mean": 378352334.87437665,
          "std": 30867233.067472313,
          "n": 16
        }
      },
      "client_stats": {
        "port": {
          "mean": 44330.0,
          "std": 0.0,
          "n": 16
        },
        "payload_bytes": {
          "mean": 1048576.0,
          "std": 0.0,
          "n": 16
        },
        "tcp_connect_time_ms": {
          "mean": 0.6698749930365011,
          "std": 0.04778752189901786,
          "n": 16
        },
        "handshake_time_ms": {
          "mean": 4.971531241608318,
          "std": 0.38392956852580806,
          "n": 16
        },
        "ping_rtt_ms": {
          "mean": 0.309731243760325,
          "std": 0.11399626016881312,
          "n": 16
        },
        "bytes_sent": {
          "mean": 1048576.0,
          "std": 0.0,
          "n": 16
        },
        "encrypt_time_ms": {
          "mean": 1.1642687386483885,
          "std": 0.1541726024783115,
          "n": 16
        },
        "bytes_received": {
          "mean": 1048576.0,
          "std": 0.0,
          "n": 16
        },
        "decrypt_time_ms": {
          "mean": 1.5843750006752089,
          "std": 0.27358798190031447,
          "n": 16
        },
        "end_to_end_transfer_time_ms": {
          "mean": 2.749631239566952,
          "std": 0.3236099694967517,
          "n": 16
        },
        "throughput_bytes_per_sec": {
          "mean": 386433323.6862389,
          "std": 46261330.25196753,
          "n": 16
        }
      }
    }
  ]
}