{
  "versions": [
    {
      "tls_version": "1.3_hybrid",
      "runs": 32,
      "success_rate": 1.0,
      "server_stats": {
        "port": {
          "mean": 44330.0,
          "std": 0.0,
          "n": 32
        },
        "client_hello_time_ms": {
          "mean": 0.1743843758958974,
          "std": 0.023397959693345426,
          "n": 32
        },
        "server_hello_time_ms": {
          "mean": 0.16686562412360217,
          "std": 0.03743062035345521,
          "n": 32
        },
        "ecdh_time_ms": {
          "mean": 0.3901124996446015,
          "std": 0.06435055054202798,
          "n": 32
        },
        "mlkem_decapsulation_time_ms": {
          "mean": 0.7806812486705894,
          "std": 0.15650085813401374,
          "n": 32
        },
        "signature_generation_time_ms": {
          "mean": 1.388390625379543,
          "std": 0.47990833288044227,
          "n": 32
        },
        "key_derivation_time_ms": {
          "mean": 0.40852187612472335,
          "std": 0.06961842890001502,
          "n": 32
        },
        "total_handshake_time_ms": {
          "mean": 203.06651562532352,
          "std": 6.9530373955812275,
          "n": 32
        },
        "handshake_time_ms": {
          "mean": 203.06651562532352,
          "std": 6.9530373955812275,
          "n": 32
        },
        "bytes_received": {
          "mean": 1048576.0,
          "std": 0.0,
          "n": 32
        },
        "decrypt_time_ms": {
          "mean": 5.625003125715011,
          "std": 0.8183071488124753,
          "n": 32
        },
        "bytes_sent": {
          "mean": 1048576.0,
          "std": 0.0,
          "n": 32
        },
        "encrypt_time_ms": {
          "mean": 4.888437500540022,
          "std": 1.0030468128114838,
          "n": 32
        },
        "transfer_duration_ms": {
          "mean": 10.526478125484573,
          "std": 1.6982443727510983,
          "n": 32
        },
        "throughput_bytes_per_sec": {
          "mean": 101429972.73972215,
          "std": 11749904.059786603,
          "n": 32
        }
      },
      "client_stats": {
        "port": {
          "mean": 44330.0,
          "std": 0.0,
          "n": 32
        },
        "payload_bytes": {
          "mean": 1048576.0,
          "std": 0.0,
          "n": 32
        },
        "tcp_connect_time_ms": {
          "mean": 1.0275812519466854,
          "std": 0.09093305464226668,
          "n": 32
        },
        "client_hello_time_ms": {
          "mean": 0.2282468753946887,
          "std": 0.02569571481541198,
          "n": 32
        },
        "server_hello_time_ms": {
          "mean": 10.654168750988902,
          "std": 0.9599388346809212,
          "n": 32
        },
        "ecdh_time_ms": {
          "mean": 0.3727437506313436,
          "std": 0.06641435777888084,
          "n": 32
        },
        "mlkem_encapsulation_time_ms": {
          "mean": 0.33812187575676944,
          "std": 0.07858286932775242,
          "n": 32
        },
        "signature_verification_time_ms": {
          "mean": 2.1615781251966837,
          "std": 0.6199524948520954,
          "n": 32
        },
        "key_derivation_time_ms": {
          "mean": 0.5614468745989143,
          "std": 0.17107298284297956,
          "n": 32
        },
        "total_handshake_time_ms": {
          "mean": 27.10867187670374,
          "std": 1.6546245234661716,
          "n": 32
        },
        "handshake_time_ms": {
          "mean": 27.10867187670374,
          "std": 1.6546245234661716,
          "n": 32
        },
        "rtt_ms": {
          "mean": 0.9830093727032363,
          "std": 0.12274588814532586,
          "n": 32
        },
        "bytes_sent": {
          "mean": 1048576.0,
          "std": 0.0,
          "n": 32
        },
        "encrypt_time_ms": {
          "mean": 4.750903125113837,
          "std": 0.7780586706298382,
          "n": 32
        },
        "bytes_received": {
          "mean": 1048576.0,
          "std": 0.0,
          "n": 32
        },
        "decrypt_time_ms": {
          "mean": 5.53486250100832,
          "std": 1.0838414043305662,
          "n": 32
        },
        "end_to_end_transfer_time_ms": {
          "mean": 10.287475001405255,
          "std": 1.69150439583088,
          "n": 32
        },
        "throughput_bytes_per_sec": {
          "mean": 103860389.5371493,
          "std": 12262881.766741224,
          "n": 32
        }
      }
    }
  ]
}