{
  "versions": [
    {
      "tls_version": "1.3_hybrid",
      "runs": 16,
      "success_rate": 1.0,
      "server_stats": {
        "port": {
          "mean": 44330.0,
          "std": 0.0,
          "n": 16
        },
        "client_hello_time_ms": {
          "mean": 0.10936248145299032,
          "std": 0.013738013871902105,
          "n": 16
        },
        "server_hello_time_ms": {
          "mean": 0.1085312687791884,
          "std": 0.022544359673356915,
          "n": 16
        },
        "ecdh_time_ms": {
          "mean": 0.2227937220595777,
          "std": 0.0197338754099899,
          "n": 16
        },
        "mlkem_decapsulation_time_ms": {
          "mean": 0.5423062611953355,
          "std": 0.12772105733673406,
          "n": 16
        },
        "signature_generation_time_ms": {
          "mean": 0.6637249971390702,
          "std": 0.31811681561780486,
          "n": 16
        },
        "key_derivation_time_ms": {
          "mean": 0.2475437504472211,
          "std": 0.040306325058453656,
          "n": 16
        },
        "total_handshake_time_ms": {
          "mean": 110.52009373815963,
          "std": 4.8379658319930074,
          "n": 16
        },
        "handshake_time_ms": {
          "mean": 110.52009373815963,
          "std": 4.8379658319930074,
          "n": 16
        },
        "bytes_received": {
          "mean": 1073741824.0,
          "std": 0.0,
          "n": 16
        },
        "decrypt_time_ms": {
          "mean": 3389.7270125089562,
          "std": 268.59329239609184,
          "n": 16
        },
        "bytes_sent": {
          "mean": 1073741824.0,
          "std": 0.0,
          "n": 16
        },
        "encrypt_time_ms": {
          "mean": 2217.177050006285,
          "std": 280.0307686368622,
          "n": 16
        },
        "transfer_duration_ms": {
          "mean": 5609.678749999148,
          "std": 534.6471420597419,
          "n": 16
        },
        "throughput_bytes_per_sec": {
          "mean": 192651129.81665492,
          "std": 13921927.808782503,
          "n": 16
        }
      },
      "client_stats": {
        "port": {
          "mean": 44330.0,
          "std": 0.0,
          "n": 16
        },
        "payload_bytes": {
          "mean": 1073741824.0,
          "std": 0.0,
          "n": 16
        },
        "tcp_connect_time_ms": {
          "mean": 0.6530999817186967,
          "std": 0.04999382847343646,
          "n": 16
        },
        "client_hello_time_ms": {
          "mean": 0.1366875003441237,
          "std": 0.022445278207906542,
          "n": 16
        },
        "server_hello_time_ms": {
          "mean": 6.5069812699221075,
          "std": 0.516551188054139,
          "n": 16
        },
        "ecdh_time_ms": {
          "mean": 0.26571249327389523,
          "std": 0.04952421411915762,
          "n": 16
        },
        "mlkem_encapsulation_time_ms": {
          "mean": 0.22334374079946429,
          "std": 0.03871771450473369,
          "n": 16
        },
        "signature_verification_time_ms": {
          "mean": 1.048893747793045,
          "std": 0.3371614172200794,
          "n": 16
        },
        "key_derivation_time_ms": {
          "mean": 0.2656749857123941,
          "std": 0.0476706537031381,
          "n": 16
        },
        "total_handshake_time_ms": {
          "mean": 15.582043743052054,
          "std": 0.9427182819194375,
          "n": 16
        },
        "handshake_time_ms": {
          "mean": 15.582043743052054,
          "std": 0.9427182819194375,
          "n": 16
        },
        "ping_rtt_ms": {
          "mean": 0.48642501496942714,
          "std": 0.07230783847839825,
          "n": 16
        },
        "bytes_sent": {
          "mean": 1073741824.0,
          "std": 0.0,
          "n": 16
        },
        "encrypt_time_ms": {
          "mean": 2135.565868753474,
          "std": 266.56942613400537,
          "n": 16
        },
        "bytes_received": {
          "mean": 1073741824.0,
          "std": 0.0,
          "n": 16
        },
        "decrypt_time_ms": {
          "mean": 3389.583256241167,
          "std": 277.6704804363452,
          "n": 16
        },
        "end_to_end_transfer_time_ms": {
          "mean": 5525.150949993986,
          "std": 532.8586009346825,
          "n": 16
        },
        "throughput_bytes_per_sec": {
          "mean": 195625297.12576312,
          "std": 14266658.590837836,
          "n": 16
        }
      }
    }
  ]
}