{
  "versions": [
    {
      "tls_version": "1.3",
      "runs": 16,
      "success_rate": 1.0,
      "server_stats": {
        "port": {
          "mean": 44330.0,
          "std": 0.0,
          "n": 16
        },
        "cert_size_bytes": {
          "mean": 1134.0,
          "std": 0.0,
          "n": 16
        },
        "key_size_bytes": {
          "mean": 1732.0,
          "std": 0.0,
          "n": 16
        },
        "handshake_time_ms": {
          "mean": 8.466218758258037,
          "std": 0.5915788482823161,
          "n": 16
        },
        "bytes_received": {
          "mean": 104857600.0,
          "std": 0.0,
          "n": 16
        },
        "decrypt_time_ms": {
          "mean": 134.99566874816082,
          "std": 2.992253985742137,
          "n": 16
        },
        "bytes_sent": {
          "mean": 104857600.0,
          "std": 0.0,
          "n": 16
        },
        "encrypt_time_ms": {
          "mean": 95.28079997835448,
          "std": 3.151271676068171,
          "n": 16
        },
        "transfer_duration_ms": {
          "mean": 230.54887499165488,
          "std": 5.0608443322552965,
          "n": 16
        },
        "throughput_bytes_per_sec": {
          "mean": 455020396.1974765,
          "std": 9874072.679418925,
          "n": 16
        }
      },
      "client_stats": {
        "port": {
          "mean": 44330.0,
          "std": 0.0,
          "n": 16
        },
        "payload_bytes": {
          "mean": 104857600.0,
          "std": 0.0,
          "n": 16
        },
        "tcp_connect_time_ms": {
          "mean": 0.6898624997120351,
          "std": 0.05905366559958652,
          "n": 16
        },
        "handshake_time_ms": {
          "mean": 5.150162491190713,
          "std": 0.5396189649846751,
          "n": 16
        },
        "ping_rtt_ms": {
          "mean": 0.3819187477347441,
          "std": 0.10073653250012249,
          "n": 16
        },
        "bytes_sent": {
          "mean": 104857600.0,
          "std": 0.0,
          "n": 16
        },
        "encrypt_time_ms": {
          "mean": 97.09090625983663,
          "std": 2.424446389805973,
          "n": 16
        },
        "bytes_received": {
          "mean": 104857600.0,
          "std": 0.0,
          "n": 16
        },
        "decrypt_time_ms": {
          "mean": 125.07884999649832,
          "std": 3.515298865733224,
          "n": 16
        },
        "end_to_end_transfer_time_ms": {
          "mean": 222.17225000349572,
          "std": 5.070965647768586,
          "n": 16
        },
        "throughput_bytes_per_sec": {
          "mean": 472192925.69399947,
          "std": 10638125.198487828,
          "n": 16
        }
      }
    }
  ]
}