{
  "versions": [
    {
      "tls_version": "1.3",
      "runs": 16,
      "success_rate": 1.0,
      "server_stats": {
        "port": {
          "mean": 44330.0,
          "std": 0.0,
          "n": 16
        },
        "cert_size_bytes": {
          "mean": 1134.0,
          "std": 0.0,
          "n": 16
        },
        "key_size_bytes": {
          "mean": 1732.0,
          "std": 0.0,
          "n": 16
        },
        "handshake_time_ms": {
          "mean": 8.429468733083922,
          "std": 0.36851762973792074,
          "n": 16
        },
        "bytes_received": {
          "mean": 104857600.0,
          "std": 0.0,
          "n": 16
        },
        "decrypt_time_ms": {
          "mean": 132.75354373763548,
          "std": 2.7405366037416483,
          "n": 16
        },
        "bytes_sent": {
          "mean": 104857600.0,
          "std": 0.0,
          "n": 16
        },
        "encrypt_time_ms": {
          "mean": 94.73573751165532,
          "std": 2.5922654981097084,
          "n": 16
        },
        "transfer_duration_ms": {
          "mean": 227.75479999108939,
          "std": 2.4364756593833152,
          "n": 16
        },
        "throughput_bytes_per_sec": {
          "mean": 460446366.4879941,
          "std": 4934500.683043976,
          "n": 16
        }
      },
      "client_stats": {
        "port": {
          "mean": 44330.0,
          "std": 0.0,
          "n": 16
        },
        "payload_bytes": {
          "mean": 104857600.0,
          "std": 0.0,
          "n": 16
        },
        "tcp_connect_time_ms": {
          "mean": 0.6599812477361411,
          "std": 0.04249796545849671,
          "n": 16
        },
        "handshake_time_ms": {
          "mean": 5.091500002890825,
          "std": 0.3043203308519745,
          "n": 16
        },
        "ping_rtt_ms": {
          "mean": 0.3701187451952137,
          "std": 0.07680685333934549,
          "n": 16
        },
        "bytes_sent": {
          "mean": 104857600.0,
          "std": 0.0,
          "n": 16
        },
        "encrypt_time_ms": {
          "mean": 95.79817498888588,
          "std": 2.688922659230721,
          "n": 16
        },
        "bytes_received": {
          "mean": 104857600.0,
          "std": 0.0,
          "n": 16
        },
        "decrypt_time_ms": {
          "mean": 123.71147500380175,
          "std": 2.684634396259386,
          "n": 16
        },
        "end_to_end_transfer_time_ms": {
          "mean": 219.5125187499798,
          "std": 2.3832504318654357,
          "n": 16
        },
        "throughput_bytes_per_sec": {
          "mean": 477736868.4587729,
          "std": 5202867.237216526,
          "n": 16
        }
      }
    }
  ]
}