{
  "versions": [
    {
      "tls_version": "1.3",
      "runs": 16,
      "success_rate": 1.0,
      "server_stats": {
        "port": {
          "mean": 44330.0,
          "std": 0.0,
          "n": 16
        },
        "cert_size_bytes": {
          "mean": 1134.0,
          "std": 0.0,
          "n": 16
        },
        "key_size_bytes": {
          "mean": 1732.0,
          "std": 0.0,
          "n": 16
        },
        "handshake_time_ms": {
          "mean": 8.268200006568804,
          "std": 0.3765474665185521,
          "n": 16
        },
        "bytes_received": {
          "mean": 104857600.0,
          "std": 0.0,
          "n": 16
        },
        "decrypt_time_ms": {
          "mean": 135.4576187513885,
          "std": 6.324572515581514,
          "n": 16
        },
        "bytes_sent": {
          "mean": 104857600.0,
          "std": 0.0,
          "n": 16
        },
        "encrypt_time_ms": {
          "mean": 97.61856876139063,
          "std": 4.887598485269225,
          "n": 16
        },
        "transfer_duration_ms": {
          "mean": 233.34034373692703,
          "std": 9.825125120233638,
          "n": 16
        },
        "throughput_bytes_per_sec": {
          "mean": 450064889.5469757,
          "std": 17463761.532763656,
          "n": 16
        }
      },
      "client_stats": {
        "port": {
          "mean": 44330.0,
          "std": 0.0,
          "n": 16
        },
        "payload_bytes": {
          "mean": 104857600.0,
          "std": 0.0,
          "n": 16
        },
        "tcp_connect_time_ms": {
          "mean": 0.6850187492091209,
          "std": 0.05384965475615325,
          "n": 16
        },
        "handshake_time_ms": {
          "mean": 4.9559000035515055,
          "std": 0.268409193203036,
          "n": 16
        },
        "ping_rtt_ms": {
          "mean": 0.33796874777181074,
          "std": 0.12278014303582921,
          "n": 16
        },
        "bytes_sent": {
          "mean": 104857600.0,
          "std": 0.0,
          "n": 16
        },
        "encrypt_time_ms": {
          "mean": 98.24678125005448,
          "std": 6.016204962502685,
          "n": 16
        },
        "bytes_received": {
          "mean": 104857600.0,
          "std": 0.0,
          "n": 16
        },
        "decrypt_time_ms": {
          "mean": 126.77938126580557,
          "std": 4.843185104547264,
          "n": 16
        },
        "end_to_end_transfer_time_ms": {
          "mean": 225.02864375564968,
          "std": 9.715944876677952,
          "n": 16
        },
        "throughput_bytes_per_sec": {
          "mean": 466723851.19837904,
          "std": 18533861.638173252,
          "n": 16
        }
      }
    }
  ]
}