{
  "versions": [
    {
      "tls_version": "1.3",
      "runs": 16,
      "success_rate": 1.0,
      "server_stats": {
        "port": {
          "mean": 44330.0,
          "std": 0.0,
          "n": 16
        },
        "cert_size_bytes": {
          "mean": 1134.0,
          "std": 0.0,
          "n": 16
        },
        "key_size_bytes": {
          "mean": 1732.0,
          "std": 0.0,
          "n": 16
        },
        "handshake_time_ms": {
          "mean": 8.360031235497445,
          "std": 0.30555773108392476,
          "n": 16
        },
        "bytes_received": {
          "mean": 104857600.0,
          "std": 0.0,
          "n": 16
        },
        "decrypt_time_ms": {
          "mean": 131.97086873697117,
          "std": 2.161300753882878,
          "n": 16
        },
        "bytes_sent": {
          "mean": 104857600.0,
          "std": 0.0,
          "n": 16
        },
        "encrypt_time_ms": {
          "mean": 95.2168562434963,
          "std": 4.764651095688274,
          "n": 16
        },
        "transfer_duration_ms": {
          "mean": 227.45622500951868,
          "std": 5.73588454998742,
          "n": 16
        },
        "throughput_bytes_per_sec": {
          "mean": 461265949.09587026,
          "std": 11202008.207956621,
          "n": 16
        }
      },
      "client_stats": {
        "port": {
          "mean": 44330.0,
          "std": 0.0,
          "n": 16
        },
        "payload_bytes": {
          "mean": 104857600.0,
          "std": 0.0,
          "n": 16
        },
        "tcp_connect_time_ms": {
          "mean": 0.6686249980702996,
          "std": 0.037426227427380054,
          "n": 16
        },
        "handshake_time_ms": {
          "mean": 5.064256249170285,
          "std": 0.27996378914515163,
          "n": 16
        },
        "ping_rtt_ms": {
          "mean": 0.38417500763898715,
          "std": 0.08558835248629384,
          "n": 16
        },
        "bytes_sent": {
          "mean": 104857600.0,
          "std": 0.0,
          "n": 16
        },
        "encrypt_time_ms": {
          "mean": 94.67473750555655,
          "std": 1.969859823181034,
          "n": 16
        },
        "bytes_received": {
          "mean": 104857600.0,
          "std": 0.0,
          "n": 16
        },
        "decrypt_time_ms": {
          "mean": 124.50169998919591,
          "std": 4.940681397299263,
          "n": 16
        },
        "end_to_end_transfer_time_ms": {
          "mean": 219.17878749081865,
          "std": 5.746105995042872,
          "n": 16
        },
        "throughput_bytes_per_sec": {
          "mean": 478707768.2014339,
          "std": 12069630.251692705,
          "n": 16
        }
      }
    }
  ]
}