{
  "host": "127.0.0.1",
  "port": 44330,
  "tls_version": "1.3",
  "ciphers_requested": "AESGCM:CHACHA20:AES256:AES128",
  "ca_file": "server_cert.pem",
  "payload_bytes": 1073741824,
  "use_hybrid": true,
  "tcp_connect_time_ms": 0.6683000829070807,
  "client_hello_time_ms": 0.12229999992996454,
  "server_hello_time_ms": 6.235900102183223,
  "ecdh_time_ms": 0.27760001830756664,
  "mlkem_encapsulation_time_ms": 0.242199981585145,
  "signature_verification_time_ms": 1.1480000102892518,
  "key_derivation_time_ms": 0.2685000654309988,
  "total_handshake_time_ms": 15.449400059878826,
  "handshake_time_ms": 15.449400059878826,
  "ping_ping_rtt_ms": 0.4347999347373843,
  "bytes_sent": 1073741824,
  "encrypt_time_ms": 2055.2208999870345,
  "bytes_received": 1073741824,
  "decrypt_time_ms": 3471.052199951373,
  "end_to_end_transfer_time_ms": 5526.274999952875,
  "throughput_bytes_per_sec": 194297573.68374833,
  "success": true
}