{
  "host": "127.0.0.1",
  "port": 44330,
  "tls_version": "1.3",
  "ciphers_requested": "AESGCM:CHACHA20:AES256:AES128",
  "ca_file": "server_cert.pem",
  "payload_bytes": 1073741824,
  "use_hybrid": true,
  "tcp_connect_time_ms": 0.7414000574499369,
  "client_hello_time_ms": 0.15950005035847425,
  "server_hello_time_ms": 8.256800007075071,
  "ecdh_time_ms": 0.39059994742274284,
  "mlkem_encapsulation_time_ms": 0.2767000114545226,
  "signature_verification_time_ms": 0.9914999827742577,
  "key_derivation_time_ms": 0.3493999829515815,
  "total_handshake_time_ms": 18.53749994188547,
  "handshake_time_ms": 18.53749994188547,
  "ping_rtt_ms": 0.7202000124379992,
  "bytes_sent": 1073741824,
  "encrypt_time_ms": 3115.8046000637114,
  "bytes_received": 1073741824,
  "decrypt_time_ms": 4388.665199978277,
  "end_to_end_transfer_time_ms": 7504.4718000572175,
  "throughput_bytes_per_sec": 143080266.35423073,
  "success": true
}