{
  "host": "127.0.0.1",
  "port": 44330,
  "tls_version": "1.3",
  "ciphers_requested": "AESGCM:CHACHA20:AES256:AES128",
  "ca_file": "server_cert.pem",
  "payload_bytes": 1048576,
  "use_hybrid": true,
  "tcp_connect_time_ms": 0.9591000125510618,
  "client_hello_time_ms": 0.23440000950358808,
  "server_hello_time_ms": 9.83569999516476,
  "ecdh_time_ms": 0.38440000207629055,
  "mlkem_encapsulation_time_ms": 0.6343999993987381,
  "signature_verification_time_ms": 3.823600010946393,
  "key_derivation_time_ms": 0.4797000001417473,
  "total_handshake_time_ms": 27.386600006138906,
  "handshake_time_ms": 27.386600006138906,
  "rtt_ms": 0.8537999965483323,
  "bytes_sent": 1048576,
  "encrypt_time_ms": 4.4393999996827915,
  "bytes_received": 1048576,
  "decrypt_time_ms": 5.399999994551763,
  "end_to_end_transfer_time_ms": 9.841099992627278,
  "throughput_bytes_per_sec": 106550690.55141892,
  "success": true
}