{
  "host": "127.0.0.1",
  "port": 44330,
  "tls_version": "1.3",
  "ciphers_requested": "AESGCM:CHACHA20:AES256:AES128",
  "cert_file": "server_cert.pem",
  "key_file": "server_key.pem",
  "use_hybrid": true,
  "client_hello_time_ms": 0.12790004257112741,
  "server_hello_time_ms": 0.09709992446005344,
  "ecdh_time_ms": 0.21840003319084644,
  "mlkem_decapsulation_time_ms": 0.5630999803543091,
  "signature_generation_time_ms": 0.3831000067293644,
  "key_derivation_time_ms": 0.2269999822601676,
  "total_handshake_time_ms": 107.87069995421916,
  "handshake_time_ms": 107.87069995421916,
  "bytes_received": 1024,
  "per_recv_call_time_ms": [
    0.10890001431107521
  ],
  "decrypt_time_ms": 0.143399927765131,
  "bytes_sent": 1024,
  "encrypt_time_ms": 0.047600013203918934,
  "transfer_duration_ms": 0.19349996000528336,
  "throughput_bytes_per_sec": 5291990.757889772,
  "success": true
}