{
  "host": "127.0.0.1",
  "port": 44330,
  "tls_version": "1.3",
  "ciphers_requested": "AESGCM:CHACHA20:AES256:AES128",
  "cert_file": "server_cert.pem",
  "key_file": "server_key.pem",
  "use_hybrid": true,
  "client_hello_time_ms": 0.1463000662624836,
  "server_hello_time_ms": 0.15089998487383127,
  "ecdh_time_ms": 0.3035999834537506,
  "mlkem_decapsulation_time_ms": 0.45659998431801796,
  "signature_generation_time_ms": 0.4257999826222658,
  "key_derivation_time_ms": 0.22960000205785036,
  "total_handshake_time_ms": 126.37990002986044,
  "handshake_time_ms": 126.37990002986044,
  "bytes_received": 1024,
  "per_recv_call_time_ms": [
    0.12510002125054598
  ],
  "decrypt_time_ms": 0.16759999562054873,
  "bytes_sent": 1024,
  "encrypt_time_ms": 0.06949994713068008,
  "transfer_duration_ms": 0.23999996483325958,
  "throughput_bytes_per_sec": 4266667.291853255,
  "success": true
}