{
  "host": "127.0.0.1",
  "port": 44330,
  "tls_version": "1.3",
  "ciphers_requested": "AESGCM:CHACHA20:AES256:AES128",
  "cert_file": "server_cert.pem",
  "key_file": "server_key.pem",
  "use_hybrid": true,
  "client_hello_time_ms": 0.1354999840259552,
  "server_hello_time_ms": 0.10679999832063913,
  "ecdh_time_ms": 0.22549997083842754,
  "mlkem_decapsulation_time_ms": 0.5404000403359532,
  "signature_generation_time_ms": 1.4969001058489084,
  "key_derivation_time_ms": 0.2302998909726739,
  "total_handshake_time_ms": 110.18199997488409,
  "handshake_time_ms": 110.18199997488409,
  "bytes_received": 1048576,
  "per_recv_call_time_ms": [
    0.3276999341323972,
    0.014399993233382702,
    0.017499900422990322,
    0.01409999094903469,
    0.015199999324977398,
    0.013199984095990658,
    0.006300047971308231,
    0.014399993233382702,
    0.013499986380338669,
    0.015500001609325409,
    0.013299984857439995,
    0.01300009898841381,
    0.011999974958598614,
    0.014999997802078724,
    0.009499955922365189,
    0.0097999582067132,
    0.0100000761449337,
    0.0072999391704797745,
    0.010500079952180386,
    0.0097999582067132,
    0.009200070053339005,
    0.009899958968162537,
    0.0071999384090304375,
    0.010699965059757233,
    0.009499955922365189,
    0.00900006853044033,
    0.01810002140700817,
    0.01279998105019331,
    0.030700000934302807,
    0.010499963536858559,
    0.012199976481497288,
    0.023600063286721706,
    0.007500057108700275,
    0.028999987989664078,
    0.010200077667832375,
    0.0171000137925148,
    0.022600055672228336,
    0.007700058631598949,
    0.02789997961372137,
    0.009899958968162537,
    0.023399945348501205,
    0.010599964298307896,
    0.02510007470846176,
    0.01610000617802143,
    0.015400000847876072,
    0.02359994687139988,
    0.009899958968162537,
    0.004399917088449001,
    0.032800016924738884,
    0.009599956683814526,
    0.02410006709396839,
    0.009800074622035027,
    0.0222999369725585,
    0.013399985618889332,
    0.017200014553964138,
    0.02310005947947502,
    0.010300078429281712,
    0.014499993994832039,
    0.027400092221796513,
    0.009599956683814526,
    0.017200014553964138,
    0.01780001912266016,
    0.014599994756281376,
    0.02719997428357601
  ],
  "decrypt_time_ms": 2.835300052538514,
  "bytes_sent": 1048576,
  "encrypt_time_ms": 2.35580001026392,
  "transfer_duration_ms": 5.199100007303059,
  "throughput_bytes_per_sec": 201684137.3559056,
  "success": true
}