{
  "host": "127.0.0.1",
  "port": 44330,
  "tls_version": "1.3",
  "ciphers_requested": "AESGCM:CHACHA20:AES256:AES128",
  "cert_file": "server_cert.pem",
  "key_file": "server_key.pem",
  "use_hybrid": true,
  "client_hello_time_ms": 0.1156999496743083,
  "server_hello_time_ms": 0.11060002725571394,
  "ecdh_time_ms": 0.22359995637089014,
  "mlkem_decapsulation_time_ms": 0.404000049456954,
  "signature_generation_time_ms": 0.6385999731719494,
  "key_derivation_time_ms": 0.2346000401303172,
  "total_handshake_time_ms": 108.41220000293106,
  "handshake_time_ms": 108.41220000293106,
  "bytes_received": 1048576,
  "per_recv_call_time_ms": [
    0.3034999826923013,
    0.013199984095990658,
    0.014399993233382702,
    0.010200077667832375,
    0.009600073099136353,
    0.0074999406933784485,
    0.01950003206729889,
    0.040899962186813354,
    0.01070008147507906,
    0.010199961252510548,
    0.0074999406933784485,
    0.01680001150816679,
    0.034400029107928276,
    0.01079996582120657,
    0.009400071576237679,
    0.01009996049106121,
    0.016700010746717453,
    0.029399991035461426,
    0.010800082236528397,
    0.02559996210038662,
    0.010199961252510548,
    0.007700058631598949,
    0.027399975806474686,
    0.0339999096468091,
    0.020200037397444248,
    0.017900019884109497,
    0.014999997802078724,
    0.01810002140700817,
    0.017000013031065464,
    0.0171000137925148,
    0.02319994382560253,
    0.008299946784973145,
    0.026399968191981316,
    0.009699957445263863,
    0.028099981136620045,
    0.010300078429281712,
    0.01279998105019331,
    0.029699993319809437,
    0.009499955922365189,
    0.02459995448589325,
    0.0097999582067132,
    0.014299992471933365,
    0.027999980375170708,
    0.0097999582067132,
    0.015199999324977398,
    0.0252000754699111,
    0.007500057108700275,
    0.026099965907633305,
    0.009699957445263863,
    0.023099943064153194,
    0.009399955160915852,
    0.010300078429281712,
    0.03339990507811308,
    0.01009996049106121,
    0.02320006024092436,
    0.013100099749863148,
    0.023600063286721706,
    0.015199999324977398,
    0.023600063286721706,
    0.010199961252510548,
    0.022799940779805183,
    0.007300055585801601,
    0.03459991421550512,
    0.009499955922365189
  ],
  "decrypt_time_ms": 2.88759998511523,
  "bytes_sent": 1048576,
  "encrypt_time_ms": 2.232200000435114,
  "transfer_duration_ms": 5.127700045704842,
  "throughput_bytes_per_sec": 204492460.68484983,
  "success": true
}