{
  "host": "127.0.0.1",
  "port": 44330,
  "tls_version": "1.3",
  "ciphers_requested": "AESGCM:CHACHA20:AES256:AES128",
  "ca_file": "server_cert.pem",
  "payload_bytes": 1048576,
  "use_hybrid": true,
  "tcp_connect_time_ms": 0.7334999972954392,
  "client_hello_time_ms": 0.12700003571808338,
  "server_hello_time_ms": 6.4746999414637685,
  "ecdh_time_ms": 0.20400003995746374,
  "mlkem_encapsulation_time_ms": 0.17499993555247784,
  "signature_verification_time_ms": 0.9516000282019377,
  "key_derivation_time_ms": 0.21979992743581533,
  "total_handshake_time_ms": 15.562999993562698,
  "handshake_time_ms": 15.562999993562698,
  "ping_rtt_ms": 0.4824999487027526,
  "bytes_sent": 1048576,
  "encrypt_time_ms": 2.426500082947314,
  "bytes_received": 1048576,
  "decrypt_time_ms": 2.5449999375268817,
  "end_to_end_transfer_time_ms": 4.972600028850138,
  "throughput_bytes_per_sec": 210870770.60619175,
  "success": true
}