{
  "host": "127.0.0.1",
  "port": 44330,
  "tls_version": "1.3",
  "ciphers_requested": "AESGCM:CHACHA20:AES256:AES128",
  "ca_file": "server_cert.pem",
  "payload_bytes": 1048576,
  "use_hybrid": true,
  "tcp_connect_time_ms": 0.6296000210568309,
  "client_hello_time_ms": 0.1218999968841672,
  "server_hello_time_ms": 6.926600006408989,
  "ecdh_time_ms": 0.27439999394118786,
  "mlkem_encapsulation_time_ms": 0.23470004089176655,
  "signature_verification_time_ms": 1.8487999914214015,
  "key_derivation_time_ms": 0.2859999658539891,
  "total_handshake_time_ms": 16.59519993700087,
  "handshake_time_ms": 16.59519993700087,
  "ping_ping_rtt_ms": 0.5610000807791948,
  "bytes_sent": 1048576,
  "encrypt_time_ms": 2.3293999256566167,
  "bytes_received": 1048576,
  "decrypt_time_ms": 2.688000095076859,
  "end_to_end_transfer_time_ms": 5.01830002758652,
  "throughput_bytes_per_sec": 208950440.23589355,
  "success": true
}