{
  "versions": [
    {
      "tls_version": "1.3_hybrid",
      "runs": 16,
      "success_rate": 1.0,
      "server_stats": {
        "port": {
          "mean": 44330.0,
          "std": 0.0,
          "n": 16
        },
        "client_hello_time_ms": {
          "mean": 0.11701249604811892,
          "std": 0.02074289212803716,
          "n": 16
        },
        "server_hello_time_ms": {
          "mean": 0.10335625120205805,
          "std": 0.014206111204705581,
          "n": 16
        },
        "ecdh_time_ms": {
          "mean": 0.23016874183667824,
          "std": 0.021198563687644677,
          "n": 16
        },
        "mlkem_decapsulation_time_ms": {
          "mean": 0.5565312239923514,
          "std": 0.07773323959214015,
          "n": 16
        },
        "signature_generation_time_ms": {
          "mean": 0.7388562589767389,
          "std": 0.25419685800397473,
          "n": 16
        },
        "key_derivation_time_ms": {
          "mean": 0.2664562562131323,
          "std": 0.036042028792003876,
          "n": 16
        },
        "total_handshake_time_ms": {
          "mean": 108.83916251623305,
          "std": 1.5131169077798883,
          "n": 16
        },
        "handshake_time_ms": {
          "mean": 108.83916251623305,
          "std": 1.5131169077798883,
          "n": 16
        },
        "bytes_received": {
          "mean": 524288000.0,
          "std": 0.0,
          "n": 16
        },
        "decrypt_time_ms": {
          "mean": 1326.489874998515,
          "std": 23.56068995335791,
          "n": 16
        },
        "bytes_sent": {
          "mean": 524288000.0,
          "std": 0.0,
          "n": 16
        },
        "encrypt_time_ms": {
          "mean": 1015.6839625196881,
          "std": 35.29854449641211,
          "n": 16
        },
        "transfer_duration_ms": {
          "mean": 2343.4371749899583,
          "std": 37.022103721417764,
          "n": 16
        },
        "throughput_bytes_per_sec": {
          "mean": 223778372.07441494,
          "std": 3531338.906011871,
          "n": 16
        }
      },
      "client_stats": {
        "port": {
          "mean": 44330.0,
          "std": 0.0,
          "n": 16
        },
        "payload_bytes": {
          "mean": 524288000.0,
          "std": 0.0,
          "n": 16
        },
        "tcp_connect_time_ms": {
          "mean": 0.6533562482218258,
          "std": 0.04438212239324075,
          "n": 16
        },
        "client_hello_time_ms": {
          "mean": 0.1338500005658716,
          "std": 0.01833706357778251,
          "n": 16
        },
        "server_hello_time_ms": {
          "mean": 6.340793763229158,
          "std": 0.2912668309905392,
          "n": 16
        },
        "ecdh_time_ms": {
          "mean": 0.2715437512961216,
          "std": 0.030474703852942833,
          "n": 16
        },
        "mlkem_encapsulation_time_ms": {
          "mean": 0.23550001060357317,
          "std": 0.026598346196941916,
          "n": 16
        },
        "signature_verification_time_ms": {
          "mean": 1.106581235944759,
          "std": 0.2685104389023639,
          "n": 16
        },
        "key_derivation_time_ms": {
          "mean": 0.24795626086415723,
          "std": 0.03964863759044836,
          "n": 16
        },
        "total_handshake_time_ms": {
          "mean": 15.424181285197847,
          "std": 0.47942566217907406,
          "n": 16
        },
        "handshake_time_ms": {
          "mean": 15.424181285197847,
          "std": 0.47942566217907406,
          "n": 16
        },
        "ping_rtt_ms": {
          "mean": 0.4918999984511174,
          "std": 0.07346918637058344,
          "n": 16
        },
        "bytes_sent": {
          "mean": 524288000.0,
          "std": 0.0,
          "n": 16
        },
        "encrypt_time_ms": {
          "mean": 997.1407562698005,
          "std": 24.078287479153648,
          "n": 16
        },
        "bytes_received": {
          "mean": 524288000.0,
          "std": 0.0,
          "n": 16
        },
        "decrypt_time_ms": {
          "mean": 1305.2492874921882,
          "std": 34.20146295373637,
          "n": 16
        },
        "end_to_end_transfer_time_ms": {
          "mean": 2302.3917875107145,
          "std": 36.766889209091204,
          "n": 16
        },
        "throughput_bytes_per_sec": {
          "mean": 227768892.81441435,
          "std": 3633390.389479773,
          "n": 16
        }
      }
    }
  ]
}