{
  "host": "127.0.0.1",
  "port": 44330,
  "tls_version": "1.3",
  "ciphers_requested": "AESGCM:CHACHA20:AES256:AES128",
  "ca_file": "server_cert.pem",
  "payload_bytes": 1024,
  "tcp_connect_time_ms": 0.7341000018641353,
  "handshake_time_ms": 4.659299971535802,
  "negotiated_tls_version": "TLSv1.3",
  "negotiated_cipher": [
    "TLS_AES_256_GCM_SHA384",
    "TLSv1.3",
    256
  ],
  "ping_rtt_ms": 0.3399000270292163,
  "bytes_sent": 1024,
  "encrypt_time_ms": 0.043599982745945454,
  "bytes_received": 1024,
  "decrypt_time_ms": 0.05479995161294937,
  "end_to_end_transfer_time_ms": 0.0993999419733882,
  "throughput_bytes_per_sec": 10301816.879069708,
  "success": true
}