{
  "host": "127.0.0.1",
  "port": 44330,
  "tls_version": "1.3",
  "ciphers_requested": "AESGCM:CHACHA20:AES256:AES128",
  "ca_file": "server_cert.pem",
  "payload_bytes": 1024,
  "tcp_connect_time_ms": 0.63699996098876,
  "handshake_time_ms": 5.469299969263375,
  "negotiated_tls_version": "TLSv1.3",
  "negotiated_cipher": [
    "TLS_AES_256_GCM_SHA384",
    "TLSv1.3",
    256
  ],
  "ping_rtt_ms": 0.43509993702173233,
  "bytes_sent": 1024,
  "encrypt_time_ms": 0.042599975131452084,
  "bytes_received": 1024,
  "decrypt_time_ms": 0.05889998283237219,
  "end_to_end_transfer_time_ms": 0.10259996633976698,
  "throughput_bytes_per_sec": 9980510.09694245,
  "success": true
}