{
  "host": "127.0.0.1",
  "port": 44330,
  "tls_version": "1.3",
  "ciphers_requested": "AESGCM:CHACHA20:AES256:AES128",
  "ca_file": "server_cert.pem",
  "payload_bytes": 1024,
  "tcp_connect_time_ms": 0.7366999052464962,
  "handshake_time_ms": 4.783300100825727,
  "negotiated_tls_version": "TLSv1.3",
  "negotiated_cipher": [
    "TLS_AES_256_GCM_SHA384",
    "TLSv1.3",
    256
  ],
  "ping_rtt_ms": 0.29120000544935465,
  "bytes_sent": 1024,
  "encrypt_time_ms": 0.04270009230822325,
  "bytes_received": 1024,
  "decrypt_time_ms": 0.05339994095265865,
  "end_to_end_transfer_time_ms": 0.09720004163682461,
  "throughput_bytes_per_sec": 10534974.911081249,
  "success": true
}