{
  "versions": [
    {
      "tls_version": "1.3",
      "runs": 16,
      "success_rate": 1.0,
      "server_stats": {
        "port": {
          "mean": 44330.0,
          "std": 0.0,
          "n": 16
        },
        "cert_size_bytes": {
          "mean": 1134.0,
          "std": 0.0,
          "n": 16
        },
        "key_size_bytes": {
          "mean": 1732.0,
          "std": 0.0,
          "n": 16
        },
        "handshake_time_ms": {
          "mean": 8.533137508493382,
          "std": 1.0243407903340782,
          "n": 16
        },
        "bytes_received": {
          "mean": 1073741824.0,
          "std": 0.0,
          "n": 16
        },
        "decrypt_time_ms": {
          "mean": 2549.3170875051874,
          "std": 114.59032724437446,
          "n": 16
        },
        "bytes_sent": {
          "mean": 1073741824.0,
          "std": 0.0,
          "n": 16
        },
        "encrypt_time_ms": {
          "mean": 1341.6963374984334,
          "std": 31.476329706343414,
          "n": 16
        },
        "transfer_duration_ms": {
          "mean": 3893.7818000122206,
          "std": 131.3119020047221,
          "n": 16
        },
        "throughput_bytes_per_sec": {
          "mean": 276039434.6307748,
          "std": 8901761.52567073,
          "n": 16
        }
      },
      "client_stats": {
        "port": {
          "mean": 44330.0,
          "std": 0.0,
          "n": 16
        },
        "payload_bytes": {
          "mean": 1073741824.0,
          "std": 0.0,
          "n": 16
        },
        "tcp_connect_time_ms": {
          "mean": 0.7396500004688278,
          "std": 0.08873534627142468,
          "n": 16
        },
        "handshake_time_ms": {
          "mean": 4.891693752142601,
          "std": 0.6390006527364953,
          "n": 16
        },
        "ping_rtt_ms": {
          "mean": 0.3096124855801463,
          "std": 0.07021521890563097,
          "n": 16
        },
        "bytes_sent": {
          "mean": 1073741824.0,
          "std": 0.0,
          "n": 16
        },
        "encrypt_time_ms": {
          "mean": 1362.0121062194812,
          "std": 81.54942238401765,
          "n": 16
        },
        "bytes_received": {
          "mean": 1073741824.0,
          "std": 0.0,
          "n": 16
        },
        "decrypt_time_ms": {
          "mean": 2445.143775003089,
          "std": 72.14248858936062,
          "n": 16
        },
        "end_to_end_transfer_time_ms": {
          "mean": 3807.1589749888517,
          "std": 125.9874923057739,
          "n": 16
        },
        "throughput_bytes_per_sec": {
          "mean": 282309939.3039399,
          "std": 8951603.166921793,
          "n": 16
        }
      }
    }
  ]
}