{
  "versions": [
    {
      "tls_version": "1.3",
      "runs": 16,
      "success_rate": 1.0,
      "server_stats": {
        "port": {
          "mean": 44330.0,
          "std": 0.0,
          "n": 16
        },
        "cert_size_bytes": {
          "mean": 1134.0,
          "std": 0.0,
          "n": 16
        },
        "key_size_bytes": {
          "mean": 1732.0,
          "std": 0.0,
          "n": 16
        },
        "handshake_time_ms": {
          "mean": 8.592781232437119,
          "std": 0.37997521013999,
          "n": 16
        },
        "bytes_received": {
          "mean": 1073741824.0,
          "std": 0.0,
          "n": 16
        },
        "decrypt_time_ms": {
          "mean": 2188.904031238053,
          "std": 99.71951073725182,
          "n": 16
        },
        "bytes_sent": {
          "mean": 1073741824.0,
          "std": 0.0,
          "n": 16
        },
        "encrypt_time_ms": {
          "mean": 989.0907937588054,
          "std": 50.76977401580122,
          "n": 16
        },
        "transfer_duration_ms": {
          "mean": 3180.711906250508,
          "std": 121.13230304644775,
          "n": 16
        },
        "throughput_bytes_per_sec": {
          "mean": 338012970.00860393,
          "std": 12164050.559323393,
          "n": 16
        }
      },
      "client_stats": {
        "port": {
          "mean": 44330.0,
          "std": 0.0,
          "n": 16
        },
        "payload_bytes": {
          "mean": 1073741824.0,
          "std": 0.0,
          "n": 16
        },
        "tcp_connect_time_ms": {
          "mean": 0.7056625036057085,
          "std": 0.05730748918884024,
          "n": 16
        },
        "handshake_time_ms": {
          "mean": 5.243306281045079,
          "std": 0.32697256946333675,
          "n": 16
        },
        "ping_rtt_ms": {
          "mean": 0.3283812402514741,
          "std": 0.10426451617297977,
          "n": 16
        },
        "bytes_sent": {
          "mean": 1073741824.0,
          "std": 0.0,
          "n": 16
        },
        "encrypt_time_ms": {
          "mean": 994.8583312652772,
          "std": 62.06400264279517,
          "n": 16
        },
        "bytes_received": {
          "mean": 1073741824.0,
          "std": 0.0,
          "n": 16
        },
        "decrypt_time_ms": {
          "mean": 2100.072406268737,
          "std": 76.78562717317213,
          "n": 16
        },
        "end_to_end_transfer_time_ms": {
          "mean": 3094.9332875097753,
          "std": 120.52372858403699,
          "n": 16
        },
        "throughput_bytes_per_sec": {
          "mean": 347401045.50565916,
          "std": 12767748.670006867,
          "n": 16
        }
      }
    }
  ]
}