{
  "versions": [
    {
      "tls_version": "1.3_hybrid",
      "runs": 16,
      "success_rate": 1.0,
      "server_stats": {
        "port": {
          "mean": 44330.0,
          "std": 0.0,
          "n": 16
        },
        "client_hello_time_ms": {
          "mean": 0.10858126188395545,
          "std": 0.012930547367670367,
          "n": 16
        },
        "server_hello_time_ms": {
          "mean": 0.10908749391091987,
          "std": 0.019114893800590595,
          "n": 16
        },
        "ecdh_time_ms": {
          "mean": 0.2250749821541831,
          "std": 0.023549744350595602,
          "n": 16
        },
        "mlkem_decapsulation_time_ms": {
          "mean": 0.5130249992362224,
          "std": 0.10865993881162209,
          "n": 16
        },
        "signature_generation_time_ms": {
          "mean": 0.7635937436134554,
          "std": 0.3836625101264101,
          "n": 16
        },
        "key_derivation_time_ms": {
          "mean": 0.25255624495912343,
          "std": 0.0558362354818845,
          "n": 16
        },
        "total_handshake_time_ms": {
          "mean": 112.10002499865368,
          "std": 3.886204513840494,
          "n": 16
        },
        "handshake_time_ms": {
          "mean": 112.10002499865368,
          "std": 3.886204513840494,
          "n": 16
        },
        "bytes_received": {
          "mean": 102400.0,
          "std": 0.0,
          "n": 16
        },
        "decrypt_time_ms": {
          "mean": 0.583468732656911,
          "std": 0.06908088022920611,
          "n": 16
        },
        "bytes_sent": {
          "mean": 102400.0,
          "std": 0.0,
          "n": 16
        },
        "encrypt_time_ms": {
          "mean": 0.36953124799765646,
          "std": 0.06072952189271593,
          "n": 16
        },
        "transfer_duration_ms": {
          "mean": 0.957206248131115,
          "std": 0.11509346121963604,
          "n": 16
        },
        "throughput_bytes_per_sec": {
          "mean": 108363684.71979925,
          "std": 12522006.536837032,
          "n": 16
        }
      },
      "client_stats": {
        "port": {
          "mean": 44330.0,
          "std": 0.0,
          "n": 16
        },
        "payload_bytes": {
          "mean": 102400.0,
          "std": 0.0,
          "n": 16
        },
        "tcp_connect_time_ms": {
          "mean": 0.6652062511420809,
          "std": 0.05567284843610124,
          "n": 16
        },
        "client_hello_time_ms": {
          "mean": 0.13259377010399476,
          "std": 0.007472046256046996,
          "n": 16
        },
        "server_hello_time_ms": {
          "mean": 6.559243745869026,
          "std": 0.48202941363306967,
          "n": 16
        },
        "ecdh_time_ms": {
          "mean": 0.24896248942241073,
          "std": 0.04430503618660974,
          "n": 16
        },
        "mlkem_encapsulation_time_ms": {
          "mean": 0.21815000945935026,
          "std": 0.047329854338640044,
          "n": 16
        },
        "signature_verification_time_ms": {
          "mean": 1.1158249981235713,
          "std": 0.4221315041960546,
          "n": 16
        },
        "key_derivation_time_ms": {
          "mean": 0.25055625155800954,
          "std": 0.043352116858465684,
          "n": 16
        },
        "total_handshake_time_ms": {
          "mean": 15.996056259609759,
          "std": 1.1108203808824952,
          "n": 16
        },
        "handshake_time_ms": {
          "mean": 15.996056259609759,
          "std": 1.1108203808824952,
          "n": 16
        },
        "ping_ping_rtt_ms": {
          "mean": 0.5195062549319118,
          "std": 0.051759651948965035,
          "n": 16
        },
        "bytes_sent": {
          "mean": 102400.0,
          "std": 0.0,
          "n": 16
        },
        "encrypt_time_ms": {
          "mean": 0.3754312565433793,
          "std": 0.051496847475670085,
          "n": 16
        },
        "bytes_received": {
          "mean": 102400.0,
          "std": 0.0,
          "n": 16
        },
        "decrypt_time_ms": {
          "mean": 0.5528625042643398,
          "std": 0.10419920852595152,
          "n": 16
        },
        "end_to_end_transfer_time_ms": {
          "mean": 0.9296812568209134,
          "std": 0.10938048924938695,
          "n": 16
        },
        "throughput_bytes_per_sec": {
          "mean": 111550306.35989599,
          "std": 12951707.268393075,
          "n": 16
        }
      }
    }
  ]
}