{
  "versions": [
    {
      "tls_version": "1.3_hybrid",
      "runs": 16,
      "success_rate": 1.0,
      "server_stats": {
        "port": {
          "mean": 44330.0,
          "std": 0.0,
          "n": 16
        },
        "client_hello_time_ms": {
          "mean": 0.10628125892253593,
          "std": 0.009997557010298867,
          "n": 16
        },
        "server_hello_time_ms": {
          "mean": 0.09298123768530786,
          "std": 0.006641500981889969,
          "n": 16
        },
        "ecdh_time_ms": {
          "mean": 0.21964999905321747,
          "std": 0.01635787292551221,
          "n": 16
        },
        "mlkem_decapsulation_time_ms": {
          "mean": 0.5247249791864306,
          "std": 0.07868814099917959,
          "n": 16
        },
        "signature_generation_time_ms": {
          "mean": 0.6777812668588012,
          "std": 0.22208015972931747,
          "n": 16
        },
        "key_derivation_time_ms": {
          "mean": 0.25126874970737845,
          "std": 0.046559124294295484,
          "n": 16
        },
        "total_handshake_time_ms": {
          "mean": 108.31654999492457,
          "std": 1.60624689742536,
          "n": 16
        },
        "handshake_time_ms": {
          "mean": 108.31654999492457,
          "std": 1.60624689742536,
          "n": 16
        },
        "bytes_received": {
          "mean": 102400.0,
          "std": 0.0,
          "n": 16
        },
        "decrypt_time_ms": {
          "mean": 0.5230249953456223,
          "std": 0.04219353904356785,
          "n": 16
        },
        "bytes_sent": {
          "mean": 102400.0,
          "std": 0.0,
          "n": 16
        },
        "encrypt_time_ms": {
          "mean": 0.33792500471463427,
          "std": 0.04140914063938584,
          "n": 16
        },
        "transfer_duration_ms": {
          "mean": 0.8648187504149973,
          "std": 0.0685907067176542,
          "n": 16
        },
        "throughput_bytes_per_sec": {
          "mean": 119082117.50924167,
          "std": 9112217.875128942,
          "n": 16
        }
      },
      "client_stats": {
        "port": {
          "mean": 44330.0,
          "std": 0.0,
          "n": 16
        },
        "payload_bytes": {
          "mean": 102400.0,
          "std": 0.0,
          "n": 16
        },
        "tcp_connect_time_ms": {
          "mean": 0.6393062431016006,
          "std": 0.021363033767122234,
          "n": 16
        },
        "client_hello_time_ms": {
          "mean": 0.12770626199198887,
          "std": 0.016206191141628325,
          "n": 16
        },
        "server_hello_time_ms": {
          "mean": 6.2306312538567,
          "std": 0.18290393776059335,
          "n": 16
        },
        "ecdh_time_ms": {
          "mean": 0.2603999964776449,
          "std": 0.03486679561428716,
          "n": 16
        },
        "mlkem_encapsulation_time_ms": {
          "mean": 0.22688751778332517,
          "std": 0.031306464974105316,
          "n": 16
        },
        "signature_verification_time_ms": {
          "mean": 1.0202375051449053,
          "std": 0.2197496375601608,
          "n": 16
        },
        "key_derivation_time_ms": {
          "mean": 0.25449998065596446,
          "std": 0.04157266301946379,
          "n": 16
        },
        "total_handshake_time_ms": {
          "mean": 15.160850001848303,
          "std": 0.289230790077212,
          "n": 16
        },
        "handshake_time_ms": {
          "mean": 15.160850001848303,
          "std": 0.289230790077212,
          "n": 16
        },
        "ping_rtt_ms": {
          "mean": 0.47331248060800135,
          "std": 0.03834206233128305,
          "n": 16
        },
        "bytes_sent": {
          "mean": 102400.0,
          "std": 0.0,
          "n": 16
        },
        "encrypt_time_ms": {
          "mean": 0.354737501766067,
          "std": 0.021932105950241042,
          "n": 16
        },
        "bytes_received": {
          "mean": 102400.0,
          "std": 0.0,
          "n": 16
        },
        "decrypt_time_ms": {
          "mean": 0.4799062662641518,
          "std": 0.07664284833704818,
          "n": 16
        },
        "end_to_end_transfer_time_ms": {
          "mean": 0.8355250101885758,
          "std": 0.07554612764562403,
          "n": 16
        },
        "throughput_bytes_per_sec": {
          "mean": 123447701.93635716,
          "std": 10528354.732230326,
          "n": 16
        }
      }
    }
  ]
}