{
  "host": "127.0.0.1",
  "port": 44330,
  "tls_version": "1.3",
  "ciphers_requested": "AESGCM:CHACHA20:AES256:AES128",
  "ca_file": "server_cert.pem",
  "payload_bytes": 104857600,
  "tcp_connect_time_ms": 0.6528999656438828,
  "handshake_time_ms": 5.441599991172552,
  "negotiated_tls_version": "TLSv1.3",
  "negotiated_cipher": [
    "TLS_AES_256_GCM_SHA384",
    "TLSv1.3",
    256
  ],
  "ping_rtt_ms": 0.5306999664753675,
  "bytes_sent": 104857600,
  "encrypt_time_ms": 101.36460000649095,
  "bytes_received": 104857600,
  "decrypt_time_ms": 122.28190002497286,
  "end_to_end_transfer_time_ms": 223.64860004745424,
  "throughput_bytes_per_sec": 468849793.7288724,
  "success": true
}