{
  "host": "127.0.0.1",
  "port": 44330,
  "tls_version": "1.3",
  "ciphers_requested": "AESGCM:CHACHA20:AES256:AES128",
  "cert_file": "server_cert.pem",
  "key_file": "server_key.pem",
  "use_hybrid": true,
  "client_hello_time_ms": 0.16150000737980008,
  "server_hello_time_ms": 0.1472000003559515,
  "ecdh_time_ms": 0.3552999987732619,
  "mlkem_decapsulation_time_ms": 1.104399998439476,
  "signature_generation_time_ms": 2.841900000930764,
  "key_derivation_time_ms": 0.37140000495128334,
  "total_handshake_time_ms": 197.51289999112487,
  "handshake_time_ms": 197.51289999112487,
  "bytes_received": 1048576,
  "per_recv_call_time_ms": [
    0.5321999924490228,
    0.02239999594166875,
    0.015700003132224083,
    0.019400002202019095,
    0.01679999695625156,
    0.0416000111727044,
    0.018999999156221747,
    0.022500011255033314,
    0.056200005928985775,
    0.01790000533219427,
    0.033500007702969015,
    0.05079999391455203,
    0.013999990187585354,
    0.04739999712910503,
    0.01780000457074493,
    0.03260000084992498,
    0.031800009310245514,
    0.01270000939257443,
    0.0709999876562506,
    0.017399986973032355,
    0.04650000482797623,
    0.01720000000204891,
    0.028700000257231295,
    0.051300012273713946,
    0.019099999917671084,
    0.03170000854879618,
    0.04959999932907522,
    0.017600003047846258,
    0.019899991457350552,
    0.05750000127591193,
    0.01750000228639692,
    0.03220001235604286,
    0.04980000085197389,
    0.013700002455152571,
    0.047599998652003706,
    0.017400001524947584,
    0.031400006264448166,
    0.048600006266497076,
    0.013899989426136017,
    0.03409999771974981,
    0.04650000482797623,
    0.017799990018829703,
    0.026599998818710446,
    0.02819999644998461,
    0.05040000542066991,
    0.01790000533219427,
    0.030100010917522013,
    0.04909999552182853,
    0.024499997380189598,
    0.05230000533629209,
    0.01759998849593103,
    0.04470000567380339,
    0.017400001524947584,
    0.04030000127386302,
    0.019799990695901215,
    0.04780000017490238,
    0.018100006855092943,
    0.033200005418621004,
    0.044599990360438824,
    0.019800005247816443,
    0.0320999970426783,
    0.04549999721348286,
    0.01679999695625156,
    0.017300000763498247
  ],
  "decrypt_time_ms": 5.193799996050075,
  "bytes_sent": 1048576,
  "encrypt_time_ms": 4.903100008959882,
  "transfer_duration_ms": 10.108700007549487,
  "throughput_bytes_per_sec": 103730054.23218527,
  "success": true
}