{
  "host": "127.0.0.1",
  "port": 44330,
  "tls_version": "1.3",
  "ciphers_requested": "AESGCM:CHACHA20:AES256:AES128",
  "ca_file": "server_cert.pem",
  "payload_bytes": 102400,
  "tcp_connect_time_ms": 0.6542999763041735,
  "handshake_time_ms": 5.009300075471401,
  "negotiated_tls_version": "TLSv1.3",
  "negotiated_cipher": [
    "TLS_AES_256_GCM_SHA384",
    "TLSv1.3",
    256
  ],
  "ping_rtt_ms": 0.29799994081258774,
  "bytes_sent": 102400,
  "encrypt_time_ms": 0.1919999485835433,
  "bytes_received": 102400,
  "decrypt_time_ms": 0.24179997853934765,
  "end_to_end_transfer_time_ms": 0.43489993549883366,
  "throughput_bytes_per_sec": 235456461.68594253,
  "success": true
}