{
  "host": "127.0.0.1",
  "port": 44330,
  "tls_version": "1.3",
  "ciphers_requested": "AESGCM:CHACHA20:AES256:AES128",
  "ca_file": "server_cert.pem",
  "payload_bytes": 102400,
  "tcp_connect_time_ms": 0.7932999869808555,
  "handshake_time_ms": 4.715600050985813,
  "negotiated_tls_version": "TLSv1.3",
  "negotiated_cipher": [
    "TLS_AES_256_GCM_SHA384",
    "TLSv1.3",
    256
  ],
  "ping_rtt_ms": 0.32759993337094784,
  "bytes_sent": 102400,
  "encrypt_time_ms": 0.20130001939833164,
  "bytes_received": 102400,
  "decrypt_time_ms": 0.22609997540712357,
  "end_to_end_transfer_time_ms": 0.42860000394284725,
  "throughput_bytes_per_sec": 238917403.3084115,
  "success": true
}