candidate_mode,difference_ci95_high,difference_ci95_low,difference_maximum,difference_mean,difference_median,difference_minimum,difference_standard_deviation,endpoint,metric,paired_n,payload_bytes,reference_mode,relative_paired_n,relative_percent_ci95_high,relative_percent_ci95_low,relative_percent_maximum,relative_percent_mean,relative_percent_median,relative_percent_minimum,relative_percent_standard_deviation
native,8.05093579377986,-4.547610793779859,24.617199999999997,1.7516625000000001,1.5658999999999992,-20.1661,11.82157617927914,client,tcp_connect_ms,16,1024,baseline,16,287.61786644843204,-3.669353156504485,931.0590015128591,141.97425664596378,9.39379528258188,-86.96520287898848,273.32311966924703
native,0.7527592292947166,0.31375327070528336,1.3249999999999997,0.53325625,0.5326499999999998,-0.5821000000000001,0.41193183249780535,client,tls_handshake_ms,16,1024,baseline,16,30.4844745752009,13.555571652881396,55.72377828244594,22.020023114041148,21.760707699516388,-16.39487396141389,15.884873238110938
native,8.6438540124811,-4.071441512481099,25.6132,2.28620625,2.059000000000001,-19.5012,11.931125042535804,client,channel_ready_ms,16,1024,baseline,16,159.9362120149471,-5.045058942450822,512.2025356957164,77.44557653624814,10.556776934718954,-75.6036287508723,154.80663973596847
native,0.020043393502311532,-0.026580893502311527,0.0633,-0.003268749999999999,0.00019999999999999185,-0.11610000000000001,0.04374890046237353,client,ping_rtt_ms,16,1024,baseline,16,8.957801424172747,-8.534874665137536,32.24656138563423,0.2114633795176048,0.0839015594988308,-32.90816326530613,16.41387770661018
native,0.013686926395978245,-0.03309942639597826,0.0746,-0.009706250000000007,-0.004750000000000032,-0.10999999999999999,0.0439009714205354,client,upload_send_ms,16,1024,baseline,16,3.983054005401806,-7.713825959640236,21.467625899280577,-1.8653859771192145,-1.3293974923088232,-23.55964874705504,10.975516628494823
native,0.037706365185789986,-0.10979386518578998,0.06369999999999998,-0.03604375,-0.005750000000000005,-0.5346,0.13840367995468905,client,download_receive_ms,16,1024,baseline,16,5.580692653336207,-14.254840939688577,17.202268431001883,-4.337074143176185,-1.7541183648566216,-62.871927554980594,18.612247833264714
native,0.03680128517299116,-0.13671378517299113,0.06310000000000004,-0.04995624999999999,-0.00984999999999997,-0.6314,0.16281414749646297,client,transfer_total_ms,16,1024,baseline,16,2.8362363272791695,-10.962529190825503,8.003551496702187,-4.063146431773166,-1.305930778057605,-46.811981020166066,12.947775889748943
native,2.4918837195336287,-0.6029144516331254,10.69093249281295,0.9444846339502516,0.28876858084914403,-1.539990460622061,2.9039375364192677,client,throughput_mbps,16,1024,baseline,16,19.02604767087861,-4.977848415749957,88.01226651798162,7.024099627564327,1.3292432860460965,-7.410452143276569,22.523541443088302
native,6.638837526324744,-4.685712526324744,31.25,0.9765625,0.0,-15.625,10.626148834949564,client,process_cpu_ms,16,1024,baseline,4,41.869311551869956,-141.86931155186994,0.0,-50.0,-50.0,-100.0,57.735026918962575
native,0.0,0.0,0.0,0.0,0.0,0.0,0.0,client,handshake_framed_bytes_sent,16,1024,baseline,0,,,,,,,
native,0.0,0.0,0.0,0.0,0.0,0.0,0.0,client,handshake_framed_bytes_received,16,1024,baseline,0,,,,,,,
native,0.0,0.0,0.0,0.0,0.0,0.0,0.0,client,application_framed_bytes_sent,16,1024,baseline,16,0.0,0.0,0.0,0.0,0.0,0.0,0.0
native,0.0,0.0,0.0,0.0,0.0,0.0,0.0,client,application_framed_bytes_received,16,1024,baseline,16,0.0,0.0,0.0,0.0,0.0,0.0,0.0
native,8.779434679692878,-4.010684679692879,25.686899999999998,2.384375,2.0711500000000003,-19.6287,12.001334383948034,server,tls_handshake_ms,16,1024,baseline,16,388.7226221226267,5.380295705928887,1230.215517241379,197.05145891427782,12.848490725210064,-87.08964660469863,359.70105622753863
native,8.77952179915848,-4.01032179915848,25.686899999999998,2.3846,2.0716500000000018,-19.6275,12.00107562945922,server,channel_ready_ms,16,1024,baseline,16,387.1086131791369,5.332494777994697,1224.9356223175964,196.22055397856582,12.844497800273377,-87.05110635070587,358.2314385030012
native,0.03873444894855185,-0.03120944894855186,0.2182,0.0037624999999999985,-0.0022000000000000075,-0.07680000000000003,0.06563035755908492,server,ping_service_ms,16,1024,baseline,16,11.467059939064779,-8.178663629995405,62.86372803226735,1.6441981545346864,-0.579206392371031,-18.47081392162237,18.43414366527251
native,0.029430391315427018,-0.080767891315427,0.07519999999999999,-0.02566874999999999,-0.014450000000000018,-0.37739999999999996,0.103402196744879,server,upload_receive_ms,16,1024,baseline,16,5.095217557591784,-10.755513619848612,16.925500787756018,-2.8301480311284144,-2.9174679959059064,-46.72526928314968,14.873193888604046
native,0.020830995072702384,-0.038055995072702374,0.09009999999999996,-0.008612499999999995,-0.0009500000000000064,-0.18879999999999997,0.055255345141141464,server,download_send_ms,16,1024,baseline,16,6.059130556648074,-8.6364418929474,30.688010899182547,-1.288655668149663,-0.32995056916536414,-40.21299254526091,13.789275453610744
native,0.04620570507510343,-0.13938070507510342,0.1248999999999999,-0.0465875,-0.010899999999999965,-0.6539999999999999,0.17414103048965798,server,transfer_total_ms,16,1024,baseline,16,3.802035059250137,-10.2683281768355,14.198022052972592,-3.2331465587926815,-1.1652924989091082,-44.776119402985074,13.202623787553339
native,2.087158168621437,-0.6872115922844774,9.095114558622706,0.6999732881684798,0.20835281276618467,-2.3155523921551158,2.6032704050499866,server,throughput_mbps,16,1024,baseline,16,17.335651931912288,-5.35197546123806,81.08108108108108,5.991838235337114,1.1791475405583869,-12.432809078240084,21.288448924740358
native,7.446978241377627,-7.446978241377627,15.625,0.0,0.0,-31.25,13.975424859373685,server,process_cpu_ms,16,1024,baseline,5,-24.47109789604403,-135.52890210395597,0.0,-80.0,-100.0,-100.0,44.721359549995796
native,0.0,0.0,0.0,0.0,0.0,0.0,0.0,server,handshake_framed_bytes_sent,16,1024,baseline,0,,,,,,,
native,0.0,0.0,0.0,0.0,0.0,0.0,0.0,server,handshake_framed_bytes_received,16,1024,baseline,0,,,,,,,
native,0.0,0.0,0.0,0.0,0.0,0.0,0.0,server,application_framed_bytes_sent,16,1024,baseline,16,0.0,0.0,0.0,0.0,0.0,0.0,0.0
native,0.0,0.0,0.0,0.0,0.0,0.0,0.0,server,application_framed_bytes_received,16,1024,baseline,16,0.0,0.0,0.0,0.0,0.0,0.0,0.0
hybrid,5.003883866849005,-6.829921366849005,17.9565,-0.91301875,-0.6242000000000001,-20.6624,11.103997519765498,client,tcp_connect_ms,16,1024,baseline,16,194.13500189020533,-47.156760053853475,679.1414523449318,73.48912091817593,-8.908155759195374,-89.10546947435606,226.41095347226752
hybrid,0.1986547703753184,-0.2122047703753184,0.7772000000000001,-0.006775000000000003,0.005449999999999955,-1.1225999999999998,0.38552124455080294,client,tls_handshake_ms,16,1024,baseline,16,7.598664726439697,-6.345188849403247,31.675904792957294,0.6267379385182255,0.2175306859939869,-31.618081960287277,13.08391615921068
hybrid,7.535587936237816,-4.538800436237816,20.3489,1.4983937500000004,1.4829000000000012,-18.3108,11.329743551876701,client,channel_ready_ms,16,1024,baseline,16,131.2421474917864,-18.827881082573292,406.92916849978,56.207133204606556,5.39097327476063,-70.98860200046522,140.81499502253445
hybrid,0.045879210391220754,-0.03549171039122076,0.2325,0.0051937500000000004,0.004449999999999996,-0.1336,0.07635265958039707,client,ping_rtt_ms,16,1024,baseline,16,22.46232256854609,-11.794920657134536,109.66981132075472,5.333700955705777,1.8587092234233107,-37.868480725623584,32.144549982008634
hybrid,0.048381039712028444,-0.029343539712028445,0.2223,0.00951875,-0.0010500000000000231,-0.1114,0.07293119331488641,client,upload_send_ms,16,1024,baseline,16,13.660236471644787,-6.8997633572929224,61.88752783964365,3.3802365571759316,-0.2754917329153199,-23.859498822017564,19.292035199024586
hybrid,0.10829830245733561,-0.0600108024573356,0.3075,0.024143750000000005,0.01660000000000003,-0.4769999999999999,0.15792924140787437,client,download_receive_ms,16,1024,baseline,16,28.938062253221283,-4.074847961689715,93.80719951189751,12.431607145765783,4.652060222599905,-56.09784781841703,30.976956769809846
hybrid,0.1484750935510126,-0.07450009355101256,0.5444000000000001,0.03698750000000002,0.031200000000000006,-0.5563,0.20922398802877903,client,transfer_total_ms,16,1024,baseline,16,18.70863632227396,-4.990095733659143,72.67387531704713,6.859270294307408,4.048466242079955,-41.24406880189799,22.23719731513909
hybrid,0.9003361891501563,-2.8019453303975217,8.526723321770307,-0.9508045706236826,-0.8289496972536075,-9.20517026049092,3.4739565168324416,client,throughput_mbps,16,1024,baseline,16,9.376110574849928,-14.390911544621964,70.19558359621455,-2.5074004848860185,-3.890874512032047,-42.08735987630461,22.30127583267291
hybrid,7.937796448713278,-4.031546448713278,15.625,1.953125,0.0,-15.625,11.231176381691576,client,process_cpu_ms,16,1024,baseline,4,4.561157632106571,-154.56115763210659,0.0,-75.0,-100.0,-100.0,50.0
hybrid,1144.0,1144.0,1144.0,1144.0,1144.0,1144.0,0.0,client,handshake_framed_bytes_sent,16,1024,baseline,0,,,,,,,
hybrid,4581.0,4581.0,4581.0,4581.0,4581.0,4581.0,0.0,client,handshake_framed_bytes_received,16,1024,baseline,0,,,,,,,
hybrid,125.0,125.0,125.0,125.0,125.0,125.0,0.0,client,application_framed_bytes_sent,16,1024,baseline,16,10.04823151125402,10.04823151125402,10.04823151125402,10.04823151125402,10.04823151125402,10.04823151125402,0.0
hybrid,100.0,100.0,100.0,100.0,100.0,100.0,0.0,client,application_framed_bytes_received,16,1024,baseline,16,8.389261744966444,8.389261744966444,8.389261744966444,8.389261744966444,8.389261744966444,8.389261744966444,0.0
hybrid,5.188196030723235,-6.7937835307232355,18.260299999999997,-0.8027937500000002,-0.22140000000000004,-20.503,11.243033724546576,server,tls_handshake_ms,16,1024,baseline,16,257.13386042889795,-51.48447719755055,874.5354406130267,102.82469161567369,-9.748933003816841,-90.96878674268476,289.5854028254397
hybrid,7.869674008055265,-4.219211508055263,20.6418,1.8252312500000005,2.3823,-17.6592,11.343346635904751,server,channel_ready_ms,16,1024,baseline,16,326.5513644081078,-24.04996075700919,984.349070100143,151.2507018255493,27.915191753249175,-79.31840735810238,328.97923940593597
hybrid,-0.19206850537528325,-0.24801899462471677,-0.05559999999999998,-0.22004375,-0.22435,-0.30510000000000004,0.052499942460285935,server,ping_service_ms,16,1024,baseline,16,-53.16302429032707,-66.43146780336707,-16.101940341731822,-59.79724604684707,-63.16310975368297,-69.5939781021898,12.450159602120134
hybrid,0.08844332096070827,-0.06513082096070823,0.31740000000000007,0.011656250000000017,0.013250000000000012,-0.3747,0.14410300468183632,server,upload_receive_ms,16,1024,baseline,16,19.802454224072502,-8.601669196100861,72.93198529411767,5.60039251398582,2.9359742422830295,-46.39098675250712,26.652400456159718
hybrid,0.07064902198553497,-0.01876152198553497,0.28129999999999994,0.025943749999999995,0.021550000000000014,-0.16219999999999996,0.08389646769481218,server,download_send_ms,16,1024,baseline,16,24.625442113850752,-3.5604067646217867,98.80576044959605,10.532517674614484,7.537175690084115,-34.54739084132055,26.44758721799926
hybrid,0.1835736215545882,-0.0684111215545882,0.6725999999999999,0.05758125000000001,0.04305000000000003,-0.5753999999999999,0.23644448317734118,server,transfer_total_ms,16,1024,baseline,16,21.127803937319506,-4.051052068554332,80.80249879865448,8.538375934382586,5.026477819352991,-39.39476927290154,23.626039901654387
hybrid,0.6111216143597114,-2.7630099915750925,7.29150361237256,-1.0759441886076906,-0.9175065526441308,-8.796466048618967,3.1660440782794916,server,throughput_mbps,16,1024,baseline,16,7.629366471176037,-15.445057468208358,65.00225937641211,-3.907845498516161,-4.782509390064774,-44.69102990033221,21.651391174102912
hybrid,15.41815587110923,-1.7462808711092297,31.25,6.8359375,7.8125,-31.25,16.105881350068987,server,process_cpu_ms,16,1024,baseline,5,83.88506336835697,-123.88506336835697,100.0,-20.0,0.0,-100.0,83.66600265340756
hybrid,4581.0,4581.0,4581.0,4581.0,4581.0,4581.0,0.0,server,handshake_framed_bytes_sent,16,1024,baseline,0,,,,,,,
hybrid,1144.0,1144.0,1144.0,1144.0,1144.0,1144.0,0.0,server,handshake_framed_bytes_received,16,1024,baseline,0,,,,,,,
hybrid,100.0,100.0,100.0,100.0,100.0,100.0,0.0,server,application_framed_bytes_sent,16,1024,baseline,16,8.389261744966444,8.389261744966444,8.389261744966444,8.389261744966444,8.389261744966444,8.389261744966444,0.0
hybrid,125.0,125.0,125.0,125.0,125.0,125.0,0.0,server,application_framed_bytes_received,16,1024,baseline,16,10.04823151125402,10.04823151125402,10.04823151125402,10.04823151125402,10.04823151125402,10.04823151125402,0.0
hybrid,3.7178254667251567,-9.047187966725158,23.8955,-2.66468125,-2.9098999999999995,-21.036700000000003,11.977776776414936,client,tcp_connect_ms,16,1024,native,16,167.25995283545262,-85.66156345947297,874.0124359912215,40.79919468798982,-20.42626617900368,-88.22675820650147,237.32348421933239
hybrid,-0.3304602614292874,-0.7496022385707125,0.2290000000000001,-0.54003125,-0.5984,-1.1907999999999999,0.39329289122950944,client,tls_handshake_ms,16,1024,native,16,-10.618860751916152,-22.992615101710193,7.628756079685526,-16.805737926813173,-19.76313574252586,-32.15944690504483,11.610647200703024
hybrid,5.78821173258583,-7.36383673258583,26.0468,-0.7878125000000002,-0.8491999999999997,-20.2183,12.340942803523292,client,channel_ready_ms,16,1024,native,16,98.51874180014917,-45.13352644031164,463.79629629629636,26.69260767991877,-4.839588743937571,-73.28604258342334,134.79302715820504
hybrid,0.04612962646503111,-0.029204626465031115,0.2286,0.0084625,0.005249999999999991,-0.08930000000000002,0.07068828167855452,client,ping_rtt_ms,16,1024,native,16,22.19206537642543,-10.236409575236902,105.88235294117646,5.9778279005942645,2.4644594630936125,-27.56172839506173,30.428564466115603
hybrid,0.046110326905729096,-0.0076603269057290806,0.1652,0.019225000000000006,0.008050000000000002,-0.06629999999999997,0.05045454059514037,client,upload_send_ms,16,1024,native,16,11.745098078090495,-1.5224298698905212,39.682920970454006,5.111334104099987,2.2774565250567846,-15.707178393745552,12.449300501269361
hybrid,0.10200214041075206,0.01837285958924794,0.315,0.060187500000000005,0.04444999999999999,-0.0494,0.07847174332203918,client,download_receive_ms,16,1024,native,16,30.64485784621806,5.121324078253318,98.34530128004997,17.883090962235688,13.29692908024246,-12.273291925465836,23.949460892603017
hybrid,0.1515438095647233,0.02234369043527673,0.5039000000000001,0.08694375000000001,0.06719999999999998,-0.031299999999999994,0.12123216277732025,client,transfer_total_ms,16,1024,native,16,19.404478164315456,3.1002386455848896,63.81712259371836,11.252358404950174,9.182248220660712,-3.8580056699124854,15.29873372109505
hybrid,-0.8229214989392599,-2.967656910208609,0.810379037126232,-1.8952892045739342,-1.8089957590653736,-8.083337739277013,2.0124665073472703,client,throughput_mbps,16,1024,native,16,-3.709371899921787,-14.059708282560994,4.012820512820508,-8.88454009124139,-8.397308937648583,-38.95632006184771,9.712016316973743
hybrid,8.708968395807384,-6.755843395807384,15.625,0.9765625,0.0,-31.25,14.511074703911492,client,process_cpu_ms,16,1024,native,4,-100.0,-100.0,-100.0,-100.0,-100.0,-100.0,0.0
hybrid,1144.0,1144.0,1144.0,1144.0,1144.0,1144.0,0.0,client,handshake_framed_bytes_sent,16,1024,native,0,,,,,,,
hybrid,4581.0,4581.0,4581.0,4581.0,4581.0,4581.0,0.0,client,handshake_framed_bytes_received,16,1024,native,0,,,,,,,
hybrid,125.0,125.0,125.0,125.0,125.0,125.0,0.0,client,application_framed_bytes_sent,16,1024,native,16,10.04823151125402,10.04823151125402,10.04823151125402,10.04823151125402,10.04823151125402,10.04823151125402,0.0
hybrid,100.0,100.0,100.0,100.0,100.0,100.0,0.0,client,application_framed_bytes_received,16,1024,native,16,8.389261744966444,8.389261744966444,8.389261744966444,8.389261744966444,8.389261744966444,8.389261744966444,0.0
hybrid,3.310398393002226,-9.684735893002227,23.9024,-3.18716875,-3.3823999999999996,-22.0865,12.19370574647531,server,tls_handshake_ms,16,1024,native,16,172.86632333700925,-92.66194013783472,920.9169716817569,40.10219159958727,-26.927617458605784,-90.78260512146,249.15275524869676
hybrid,6.019355632345902,-7.138093132345902,26.3054,-0.55936875,-0.7383999999999986,-19.887,12.346010058839184,server,channel_ready_ms,16,1024,native,16,209.62676458810594,-75.38530334760733,1010.3084072665822,67.1207306202493,-5.0390931084082515,-81.70870499488474,267.43496558903723
hybrid,-0.1855301770672285,-0.2620823229327715,-0.07229999999999998,-0.22380625,-0.22379999999999997,-0.43300000000000005,0.07183106541276786,server,ping_service_ms,16,1024,native,16,-53.29431899588066,-66.32833005215673,-19.97237569060773,-59.811324524018694,-62.738049254986976,-76.59649743499027,12.230184930655504
hybrid,0.08533042028123428,-0.010680420281234247,0.27110000000000006,0.03732500000000001,0.010349999999999998,-0.06270000000000003,0.09008971454426232,server,upload_receive_ms,16,1024,native,16,18.619070314307308,-1.8019444666150104,56.30321910695744,8.408562923846148,2.2575156682379776,-12.497508471197932,19.161621557937043
hybrid,0.07151049260809972,-0.002397992608099732,0.27579999999999993,0.03455624999999999,0.0237,-0.06789999999999996,0.06935044310120397,server,download_send_ms,16,1024,native,16,24.83652284000393,-0.08206961237359955,95.0379048931771,12.377226613815164,8.275870140662093,-17.696116757883754,23.381827174181158
hybrid,0.188742053568505,0.019595446431494995,0.6330999999999999,0.10416875,0.08535000000000004,-0.1197999999999999,0.1587150936689177,server,transfer_total_ms,16,1024,native,16,21.804766898120878,2.5998848701459814,72.61153802041517,12.20232588413343,9.851498256175514,-11.925144336054142,18.020489453279797
hybrid,-0.6409542046229459,-2.9108807489293946,2.2082003255188845,-1.7759174767761703,-1.7547698332119488,-7.904767036056359,2.129936923945143,server,throughput_mbps,16,1024,native,16,-3.0390277363314775,-15.342723747388703,13.539783001808297,-9.19087574186009,-8.967983505282156,-42.066445182724244,11.544909460034681
hybrid,15.940737680344252,-2.2688626803442524,31.25,6.8359375,7.8125,-15.625,17.08658823158776,server,process_cpu_ms,16,1024,native,6,-12.474043250217733,-120.85929008311561,0.0,-66.66666666666667,-100.0,-100.0,51.63977794943222
hybrid,4581.0,4581.0,4581.0,4581.0,4581.0,4581.0,0.0,server,handshake_framed_bytes_sent,16,1024,native,0,,,,,,,
hybrid,1144.0,1144.0,1144.0,1144.0,1144.0,1144.0,0.0,server,handshake_framed_bytes_received,16,1024,native,0,,,,,,,
hybrid,100.0,100.0,100.0,100.0,100.0,100.0,0.0,server,application_framed_bytes_sent,16,1024,native,16,8.389261744966444,8.389261744966444,8.389261744966444,8.389261744966444,8.389261744966444,8.389261744966444,0.0
hybrid,125.0,125.0,125.0,125.0,125.0,125.0,0.0,server,application_framed_bytes_received,16,1024,native,16,10.04823151125402,10.04823151125402,10.04823151125402,10.04823151125402,10.04823151125402,10.04823151125402,0.0
native,13.590386587604662,-0.6643240876046628,22.1113,6.463031249999999,6.2063999999999995,-18.855800000000002,13.375602256133803,client,tcp_connect_ms,16,102400,baseline,16,514.1526612344343,102.84685173331545,871.2439418416801,308.4997564838749,65.7006294132748,-77.90847629840947,385.9399912684176
native,0.6245326872277306,0.3264923127722694,1.2949000000000002,0.4755125,0.41189999999999993,0.15980000000000016,0.2796597977901007,client,tls_handshake_ms,16,102400,baseline,16,25.696495354918593,12.974130519071988,55.08337587204356,19.33531293699529,17.302428328622533,5.978077887097384,11.937758378895214
native,14.154209608902233,-0.26639710890223256,22.7745,6.94390625,6.695799999999999,-18.3949,13.531267252230727,client,channel_ready_ms,16,102400,baseline,16,275.1902133259241,51.702157685655365,467.5624627892176,163.44618550578974,56.02070407066167,-65.68387299501522,209.70522722987775
native,0.04192546045355379,-0.009425460453553788,0.08899999999999997,0.01625,0.003799999999999984,-0.0643,0.04818403608388709,client,ping_rtt_ms,16,102400,baseline,16,19.16629987494445,-3.3244254306282723,42.86410131514855,7.92093722215809,1.4532101203816397,-23.32245194051505,21.10369007085348
native,0.026588787692615072,-0.010363787692615069,0.08760000000000001,0.008112500000000002,0.010299999999999976,-0.03810000000000002,0.03467365714775412,client,upload_send_ms,16,102400,baseline,16,3.8310660629652658,-1.3986797550935188,13.029897367246766,1.2161931539358735,1.4002273018312175,-5.035020483679136,4.907219904833754
native,0.045089023611648564,-0.04171402361164856,0.10230000000000006,0.0016875000000000015,0.002599999999999991,-0.21800000000000008,0.08144977900522507,client,download_receive_ms,16,102400,baseline,16,5.199321238755645,-3.734441381128474,12.093628088426534,0.7324399288135854,0.33881401662505567,-20.003670398238214,8.382804686600988
native,0.05330374411937567,-0.03390374411937564,0.14100000000000001,0.009700000000000014,0.01429999999999998,-0.16639999999999988,0.08182927756412532,client,transfer_total_ms,16,102400,baseline,16,3.261861281823628,-1.8068455506734376,8.651899122537891,0.7275078655750954,0.8447303976566656,-8.968899908370608,4.75611242410804
native,17.710615690455295,-30.56307285372669,87.00719764269274,-6.426228581635698,-8.10715771821134,-80.05461976826155,45.29658104716176,client,throughput_mbps,16,102400,baseline,16,2.021364659744511,-3.0456378786038676,9.852566759429187,-0.5121366094296783,-0.8376443628552386,-7.962952504659169,4.754513236219931
native,6.018388959896187,-9.924638959896187,15.625,-1.953125,0.0,-31.25,14.959798558692784,client,process_cpu_ms,16,102400,baseline,9,4.353038714902858,-104.35303871490285,100.0,-50.0,-100.0,-100.0,70.71067811865476
native,0.0,0.0,0.0,0.0,0.0,0.0,0.0,client,handshake_framed_bytes_sent,16,102400,baseline,0,,,,,,,
native,0.0,0.0,0.0,0.0,0.0,0.0,0.0,client,handshake_framed_bytes_received,16,102400,baseline,0,,,,,,,
native,0.0,0.0,0.0,0.0,0.0,0.0,0.0,client,application_framed_bytes_sent,16,102400,baseline,16,0.0,0.0,0.0,0.0,0.0,0.0,0.0
native,0.0,0.0,0.0,0.0,0.0,0.0,0.0,client,application_framed_bytes_received,16,102400,baseline,16,0.0,0.0,0.0,0.0,0.0,0.0,0.0
native,14.249983695309115,-0.21775869530911418,22.854799999999997,7.0161125,6.6434999999999995,-18.5587,13.575496000607123,server,tls_handshake_ms,16,102400,baseline,16,663.9812421339396,140.3479626698396,1130.1948373059042,402.1646024018896,72.80347977267897,-79.18040470649082,491.34006531380606
native,14.250681325745672,-0.21784382574567296,22.8568,7.01641875,6.644099999999999,-18.557699999999997,13.576230487496336,server,channel_ready_ms,16,102400,baseline,16,661.417664581514,139.76635240019664,1125.8398187370703,400.59200849085533,72.74559432789482,-79.13322243576286,489.48032879138935
native,0.024254187992511066,-0.012329187992511054,0.06030000000000002,0.005962500000000006,0.004249999999999976,-0.057099999999999984,0.034327226803224295,server,ping_service_ms,16,102400,baseline,16,7.254070845198186,-2.962333436258304,18.228536880290214,2.1458687044699407,1.0953099838969342,-13.15365123243492,9.58634400025224
native,0.056684241219671215,-0.013634241219671224,0.14450000000000007,0.021524999999999996,0.009950000000000014,-0.07469999999999999,0.06598184093622526,server,upload_receive_ms,16,102400,baseline,16,6.305555043547177,-1.3927866798284034,15.86169045005489,2.456384181859387,1.0909609491979864,-7.8656417816152455,7.223573965815293
native,0.012320388572976838,-0.0339078885729768,0.05249999999999999,-0.010793749999999984,-0.004649999999999932,-0.12460000000000004,0.04337731309874631,server,download_send_ms,16,102400,baseline,16,2.1418735714307804,-4.990188028939305,9.288747346072185,-1.4241572287542625,-0.7900652305384647,-17.588932806324117,6.692217148868546
native,0.06798545254474458,-0.02384795254474465,0.2148000000000001,0.02206874999999997,-0.005450000000000066,-0.08640000000000003,0.08616990749869319,server,transfer_total_ms,16,102400,baseline,16,3.955697424791871,-1.275068445919384,12.484017203301182,1.3403144894362435,-0.30472352769260375,-4.932069870989841,4.908177049378503
native,11.945606737704473,-34.195125725551755,48.52109569250479,-11.12475949392364,2.806708492496739,-105.68261747384872,43.29516742198862,server,throughput_mbps,16,102400,baseline,16,1.358634578295347,-3.583202261220138,5.187942836555779,-1.1122838414623955,0.30635879584992737,-11.098480934173836,4.637066685262471
native,1.7814735816336835,-9.593973581633684,15.625,-3.90625,0.0,-15.625,10.673907047874582,server,process_cpu_ms,16,102400,baseline,7,-50.758402126500435,-120.67016930207097,0.0,-85.71428571428571,-100.0,-100.0,37.79644730092272
native,0.0,0.0,0.0,0.0,0.0,0.0,0.0,server,handshake_framed_bytes_sent,16,102400,baseline,0,,,,,,,
native,0.0,0.0,0.0,0.0,0.0,0.0,0.0,server,handshake_framed_bytes_received,16,102400,baseline,0,,,,,,,
native,0.0,0.0,0.0,0.0,0.0,0.0,0.0,server,application_framed_bytes_sent,16,102400,baseline,16,0.0,0.0,0.0,0.0,0.0,0.0,0.0
native,0.0,0.0,0.0,0.0,0.0,0.0,0.0,server,application_framed_bytes_received,16,102400,baseline,16,0.0,0.0,0.0,0.0,0.0,0.0,0.0
hybrid,11.150308223828098,-2.6491707238281004,22.2347,4.250568749999999,5.398,-18.7894,12.948445321078447,client,tcp_connect_ms,16,102400,baseline,16,406.05878220525994,46.843114342999456,876.1062295598722,226.4509482741297,101.36315099774677,-87.82802172632681,337.0623232538185
hybrid,0.14113146768671675,-0.08508146768671669,0.3524999999999996,0.028025000000000022,0.0019500000000001183,-0.3077000000000001,0.21226205972806353,client,tls_handshake_ms,16,102400,baseline,16,5.998880584573334,-3.1387683554364267,15.033265097236418,1.4300561145684538,0.08069677574949558,-11.623602296766398,8.574117045413722
hybrid,13.574294763279433,-0.3248322632794327,24.7694,6.62473125,7.78735,-17.0612,13.0419479602662,client,channel_ready_ms,16,102400,baseline,16,249.55238363678404,41.033485277800025,508.51793303085674,145.29293445729203,94.86614613130496,-71.57264154109474,195.65923931290212
hybrid,0.032074298536490436,-0.007511798536490444,0.08369999999999997,0.012281249999999995,0.015350000000000003,-0.04250000000000001,0.03714476578200487,client,ping_rtt_ms,16,102400,baseline,16,14.880030120713407,-2.1622206731965496,37.44966442953019,6.358904723758429,6.94370379347958,-15.415306492564385,15.991230784154288
hybrid,0.11064348340721279,0.07063151659278723,0.20199999999999996,0.09063750000000001,0.08384999999999998,0.0474,0.037544371526679374,client,upload_send_ms,16,102400,baseline,16,15.600772883162822,9.569945000420237,30.0461103673955,12.58535894179153,11.76679520487292,6.264041231663803,5.658898091495766
hybrid,0.14051004008344617,0.025914959916553827,0.2530999999999999,0.0832125,0.09905000000000003,-0.18880000000000008,0.10752783748096739,client,download_receive_ms,16,102400,baseline,16,16.652899078438136,3.931329422204402,32.033919756992766,10.29211425032127,11.625870028805004,-17.324279684345758,11.937012239147712
hybrid,0.23586847782631187,0.12458152217368818,0.35830000000000006,0.18022500000000002,0.18830000000000002,-0.015499999999999847,0.10442372974249355,client,transfer_total_ms,16,102400,baseline,16,14.513253413355525,7.572831531653268,22.9547056185534,11.043042472504396,11.480478881117802,-0.8354444025224949,6.512396126065456
hybrid,-67.10693625991982,-126.54315858835108,7.439896233790819,-96.82504742413545,-104.1059313960202,-195.96180536389068,55.77070538897916,client,throughput_mbps,16,102400,baseline,16,-6.737712587847591,-12.553305052584081,0.8424828785737368,-9.645508820215836,-10.297291004181716,-18.669237182159236,5.456936549919969
hybrid,5.238683607721585,-11.098058607721585,15.625,-2.9296875,-15.625,-15.625,15.32923192995983,client,process_cpu_ms,16,102400,baseline,9,-71.9413514887867,-105.83642628899108,-50.0,-88.88888888888889,-100.0,-100.0,22.04792759220492
hybrid,1144.0,1144.0,1144.0,1144.0,1144.0,1144.0,0.0,client,handshake_framed_bytes_sent,16,102400,baseline,0,,,,,,,
hybrid,4581.0,4581.0,4581.0,4581.0,4581.0,4581.0,0.0,client,handshake_framed_bytes_received,16,102400,baseline,0,,,,,,,
hybrid,150.0,150.0,150.0,150.0,150.0,150.0,0.0,client,application_framed_bytes_sent,16,102400,baseline,16,0.1461418550272798,0.1461418550272798,0.1461418550272798,0.1461418550272798,0.1461418550272798,0.1461418550272798,0.0
hybrid,125.0,125.0,125.0,125.0,125.0,125.0,0.0,client,application_framed_bytes_received,16,102400,baseline,16,0.1218466097399306,0.1218466097399306,0.1218466097399306,0.1218466097399306,0.1218466097399306,0.1218466097399306,0.0
hybrid,11.273119030290324,-2.585806530290326,22.510099999999998,4.3436562499999996,5.47905,-18.8908,13.004225776260512,server,tls_handshake_ms,16,102400,baseline,16,515.1490330858187,61.02919524461083,1113.1490455939074,288.08911416521477,104.19323100733217,-90.3991462930263,426.1136171741192
hybrid,13.806865906289246,-0.026415906289247282,24.895799999999998,6.890224999999999,8.01465,-16.836100000000002,12.980163514917676,server,channel_ready_ms,16,102400,baseline,16,602.6734461611344,108.76323369378204,1226.2732735691065,355.7183399274582,129.04429937243773,-80.53392392469004,463.4500624200731
hybrid,-0.19633141036077462,-0.2347810896392254,-0.16279999999999997,-0.21555625,-0.21140000000000003,-0.3111,0.03607843250013319,server,ping_service_ms,16,102400,baseline,16,-56.63401743270238,-62.5149148034169,-51.7318080711789,-59.57446611805964,-57.60277051177992,-71.66551485832757,5.518214008834336
hybrid,0.1693107099592676,0.09767679004073242,0.23360000000000014,0.13349375000000002,0.11710000000000009,0.02959999999999985,0.06721615350246299,server,upload_receive_ms,16,102400,baseline,16,18.724332320858792,10.46180977284446,26.235399820305496,14.593071046851627,12.7965441876845,2.955271565495192,7.752960951131621
hybrid,0.07365570645536841,0.029744293544631605,0.10230000000000006,0.05170000000000001,0.059,-0.07310000000000005,0.04120333319850067,server,download_send_ms,16,102400,baseline,16,12.484979319732961,5.286740689315741,17.647058823529424,8.885860004524352,10.100157306825558,-10.319028797289675,6.754312946711858
hybrid,0.2687181304585289,0.13188186954147105,0.43989999999999996,0.20029999999999998,0.22240000000000015,-0.020399999999999974,0.12839737276647575,server,transfer_total_ms,16,102400,baseline,16,15.638871711807997,7.547139979269713,26.555991548445512,11.593005845538855,12.561323049548815,-1.026105326693827,7.59270304980632
hybrid,-62.81490947769391,-126.72980440996486,8.54383781702063,-94.77235694382938,-105.40092410854072,-207.54310509908964,59.97317184019831,server,throughput_mbps,16,102400,baseline,16,-6.697568059956591,-13.292707057932262,1.0367434060070018,-9.995137558944426,-11.157943263756348,-20.983590917763795,6.188407332198907
hybrid,8.708968395807384,-6.755843395807384,31.25,0.9765625,0.0,-15.625,14.511074703911492,server,process_cpu_ms,16,102400,baseline,7,-26.300719766085585,-116.55642309105727,0.0,-71.42857142857143,-100.0,-100.0,48.79500364742666
hybrid,4581.0,4581.0,4581.0,4581.0,4581.0,4581.0,0.0,server,handshake_framed_bytes_sent,16,102400,baseline,0,,,,,,,
hybrid,1144.0,1144.0,1144.0,1144.0,1144.0,1144.0,0.0,server,handshake_framed_bytes_received,16,102400,baseline,0,,,,,,,
hybrid,125.0,125.0,125.0,125.0,125.0,125.0,0.0,server,application_framed_bytes_sent,16,102400,baseline,16,0.1218466097399306,0.1218466097399306,0.1218466097399306,0.1218466097399306,0.1218466097399306,0.1218466097399306,0.0
hybrid,150.0,150.0,150.0,150.0,150.0,150.0,0.0,server,application_framed_bytes_received,16,102400,baseline,16,0.1461418550272798,0.1461418550272798,0.1461418550272798,0.1461418550272798,0.1461418550272798,0.1461418550272798,0.0
hybrid,4.1621541665855215,-8.587079166585522,19.3438,-2.2124624999999996,0.05240000000000089,-20.9987,11.962969857515873,client,tcp_connect_ms,16,102400,native,16,136.4413266155324,-44.34918895985479,432.59862020166287,46.0460688278388,0.42304593731077234,-88.96736390328225,169.64090560064855
hybrid,-0.3212042200025014,-0.5737707799974987,-0.07170000000000032,-0.44748750000000004,-0.43035,-1.0398,0.23699041858269293,client,tls_handshake_ms,16,102400,native,16,-11.143196505360002,-18.217524024810192,-2.5893824485373895,-14.680360265085097,-15.421531001331001,-28.52127163507694,6.638043611390093
hybrid,6.101825568709826,-6.740175568709827,21.089799999999997,-0.3191750000000002,2.0124999999999993,-19.668200000000002,12.05001653843955,client,channel_ready_ms,16,102400,native,16,90.31815850591067,-25.296269889369995,244.69601677148844,32.51094430827034,8.531760678764057,-74.37510871784788,108.4843210444766
hybrid,0.021445428455004068,-0.029382928455004082,0.05939999999999998,-0.003968750000000007,0.009449999999999986,-0.07359999999999997,0.04769369935676339,client,ping_rtt_ms,16,102400,native,16,10.843909660068023,-9.003312918382461,27.114427860696512,0.920298370842782,4.009450750745048,-24.40318302387267,18.623215942221414
hybrid,0.09695061918872787,0.06809938081127213,0.1481,0.082525,0.07944999999999997,0.03759999999999997,0.02707194119378955,client,upload_send_ms,16,102400,native,16,13.331403938859753,9.246840376157918,20.21015283842795,11.289122157508835,10.720608906696219,4.972229568897113,3.8326626789844913
hybrid,0.1181808433044421,0.04486915669555787,0.1917000000000001,0.08152499999999999,0.08049999999999996,-0.05740000000000001,0.06879044991857519,client,download_receive_ms,16,102400,native,16,13.863067633864468,5.1573233564504966,22.991124970016802,9.510195495157483,8.964254948301612,-6.058047493403694,8.16884856181708
hybrid,0.2064519425419315,0.13459805745806852,0.2775000000000001,0.170525,0.16154999999999997,0.03520000000000012,0.06742255310107044,client,transfer_total_ms,16,102400,native,16,12.570032232045135,7.94191294300545,17.090595553365773,10.255972587525292,9.76956517829036,2.0536756126021074,4.3426965453458095
hybrid,-70.26506969898499,-110.53256798601454,-19.23589139999592,-90.39881884249976,-88.0229685168378,-150.95726650183326,37.78414400746492,client,throughput_mbps,16,102400,native,16,-7.269574933445859,-11.071202953022715,-2.012348502172425,-9.170388943234286,-8.899312440745977,-14.59604460340839,3.567176175947673
hybrid,6.1330919770421035,-8.086216977042103,15.625,-0.9765625,0.0,-31.25,13.342383809843227,client,process_cpu_ms,16,102400,native,8,-5.312802044094752,-94.68719795590525,0.0,-50.0,-50.0,-100.0,53.452248382484875
hybrid,1144.0,1144.0,1144.0,1144.0,1144.0,1144.0,0.0,client,handshake_framed_bytes_sent,16,102400,native,0,,,,,,,
hybrid,4581.0,4581.0,4581.0,4581.0,4581.0,4581.0,0.0,client,handshake_framed_bytes_received,16,102400,native,0,,,,,,,
hybrid,150.0,150.0,150.0,150.0,150.0,150.0,0.0,client,application_framed_bytes_sent,16,102400,native,16,0.1461418550272798,0.1461418550272798,0.1461418550272798,0.1461418550272798,0.1461418550272798,0.1461418550272798,0.0
hybrid,125.0,125.0,125.0,125.0,125.0,125.0,0.0,client,application_framed_bytes_received,16,102400,native,16,0.1218466097399306,0.1218466097399306,0.1218466097399306,0.1218466097399306,0.1218466097399306,0.1218466097399306,0.0
hybrid,3.7516153229616385,-9.096527822961638,19.1433,-2.67245625,-0.4190500000000006,-21.6675,12.055779760483835,server,tls_handshake_ms,16,102400,native,16,138.35605852696278,-48.48721759802102,465.90459185653845,44.934420464470875,-4.366855961195702,-91.52523042350616,175.32038374002744
hybrid,6.309441610398874,-6.5618291103988735,21.582299999999996,-0.12619374999999985,2.046899999999999,-19.6132,12.077481024698749,server,channel_ready_ms,16,102400,native,16,187.71648786833066,-31.013721925436485,552.4283115978485,78.3513829714471,9.875113956425267,-82.81657074573423,205.24080454962794
hybrid,-0.20804739280518017,-0.23499010719481986,-0.1813,-0.22151875000000001,-0.21794999999999998,-0.2579,0.02528111861317322,server,ping_service_ms,16,102400,native,16,-58.304748053225524,-62.57268213855774,-53.83016627078385,-60.43871509589163,-60.92882203442994,-67.37400530503979,4.004724478910656
hybrid,0.143406653679283,0.08053084632071705,0.21240000000000014,0.11196875000000003,0.09965000000000002,-0.013299999999999867,0.05899816628506349,server,upload_receive_ms,16,102400,native,16,15.61246593784233,8.485331083673977,23.299692847740257,12.048898510758153,10.487750536981627,-1.2213039485766637,6.687594242159827
hybrid,0.07125507218491008,0.05373242781508991,0.10540000000000005,0.062493749999999994,0.061549999999999994,0.0373,0.01644199780034856,server,download_send_ms,16,102400,native,16,12.009255920601868,9.041880157495081,17.19412724306689,10.525568039048474,10.492300168905519,6.038530030759268,2.7843734507242157
hybrid,0.23154103495497888,0.12492146504502114,0.3547,0.17823125,0.1703500000000001,-0.0037000000000000366,0.10004418836194336,server,transfer_total_ms,16,102400,native,16,13.323222135929901,6.970191769589993,20.365160475397598,10.146706952759947,9.322355447354731,-0.20042251232327807,5.961229886558521
hybrid,-57.80550959456454,-109.48968530524692,1.7823070136259958,-83.64759744990573,-76.70948622751013,-159.15988801226592,48.49673858652818,server,throughput_mbps,16,102400,native,16,-6.325542114252189,-11.597350753678144,0.20082501085540472,-8.961446433965166,-8.52403994912352,-16.919481015073462,4.946688651776234
hybrid,11.486977940612526,-1.721352940612527,31.25,4.8828125,0.0,-15.625,12.393754202386244,server,process_cpu_ms,16,102400,native,3,76.75509098987139,-210.08842432320472,0.0,-66.66666666666667,-100.0,-100.0,57.735026918962575
hybrid,4581.0,4581.0,4581.0,4581.0,4581.0,4581.0,0.0,server,handshake_framed_bytes_sent,16,102400,native,0,,,,,,,
hybrid,1144.0,1144.0,1144.0,1144.0,1144.0,1144.0,0.0,server,handshake_framed_bytes_received,16,102400,native,0,,,,,,,
hybrid,125.0,125.0,125.0,125.0,125.0,125.0,0.0,server,application_framed_bytes_sent,16,102400,native,16,0.1218466097399306,0.1218466097399306,0.1218466097399306,0.1218466097399306,0.1218466097399306,0.1218466097399306,0.0
hybrid,150.0,150.0,150.0,150.0,150.0,150.0,0.0,server,application_framed_bytes_received,16,102400,native,16,0.1461418550272798,0.1461418550272798,0.1461418550272798,0.1461418550272798,0.1461418550272798,0.1461418550272798,0.0
native,7.181793661153003,-7.000818661153003,23.816,0.09048749999999975,-0.07335000000000003,-21.05,13.307950311893764,client,tcp_connect_ms,16,1048576,baseline,16,277.33480638546735,-42.522114238682946,884.3340388399986,117.4063460733922,-2.699051256841039,-89.13033352951886,300.13088631681893
native,0.5413464335216069,0.290128566478393,0.8502999999999998,0.4157375,0.41615,0.008599999999999941,0.2357249014564788,client,tls_handshake_ms,16,1048576,baseline,16,21.56872989909661,11.35544814132769,35.184342284934,16.46208902021215,16.543998496680686,0.29865259063758653,9.583414047071717
native,7.638041961415952,-6.630404461415952,24.2986,0.50381875,0.56955,-21.0559,13.388490900531881,client,channel_ready_ms,16,1048576,baseline,16,147.736806741511,-28.155158713915284,467.4695550126013,59.79082401379786,7.123736015570056,-79.53305835070861,165.04445608096222
native,0.027279902531645597,-0.016217402531645594,0.061,0.00553125,0.016300000000000023,-0.0794,0.04081476397498011,client,ping_rtt_ms,16,1048576,baseline,16,11.963674401528301,-5.216306562392877,28.665413533834585,3.373683919567713,7.123174784788068,-27.44555824403733,16.120466937361076
native,0.09903107646277809,-0.004193576462778022,0.2885,0.04741875000000004,0.050550000000000095,-0.10530000000000017,0.09685864076925028,client,upload_send_ms,16,1048576,baseline,16,2.8953727251189303,-0.0963599004602429,8.1621682792961,1.3995064123293437,1.5047072150908432,-3.0593567506319235,2.8072281906106293
native,0.2480937298499639,-0.3756812298499639,0.41559999999999997,-0.06379375000000001,0.05449999999999977,-2.0892999999999997,0.5853058647337019,client,download_receive_ms,16,1048576,baseline,16,6.512166824606397,-6.645072277046828,14.021119395432,-0.06645272622021582,1.578847718392429,-38.12869552522082,12.345813326020416
native,0.3032444112326739,-0.329319411232674,0.6347000000000005,-0.013037500000000035,0.09650000000000025,-1.989300000000001,0.5935527057473501,client,transfer_total_ms,16,1048576,baseline,16,4.22102124689142,-3.5332278985341286,9.592829937730496,0.3438966741786458,1.3962066426087396,-22.134075104311552,7.276033497091973
native,86.37148020792715,-100.6759254957396,530.6338186751702,-7.152222643906228,-33.41094581413063,-221.9538827440956,175.51192435529393,client,throughput_mbps,16,1048576,baseline,16,4.768935626643668,-4.304865748212031,28.425880940813382,0.23203493921581891,-1.3763712690082084,-8.753154693770611,8.514207051027899
native,9.614007569474849,-9.614007569474849,46.875,0.0,0.0,-31.25,18.042195912175806,client,process_cpu_ms,16,1048576,baseline,10,-12.297380619098348,-87.70261938090165,0.0,-50.0,-50.0,-100.0,52.70462766947299
native,0.0,0.0,0.0,0.0,0.0,0.0,0.0,client,handshake_framed_bytes_sent,16,1048576,baseline,0,,,,,,,
native,0.0,0.0,0.0,0.0,0.0,0.0,0.0,client,handshake_framed_bytes_received,16,1048576,baseline,0,,,,,,,
native,0.0,0.0,0.0,0.0,0.0,0.0,0.0,client,application_framed_bytes_sent,16,1048576,baseline,16,0.0,0.0,0.0,0.0,0.0,0.0,0.0
native,0.0,0.0,0.0,0.0,0.0,0.0,0.0,client,application_framed_bytes_received,16,1048576,baseline,16,0.0,0.0,0.0,0.0,0.0,0.0,0.0
native,7.69410665734981,-6.6520691573498105,24.260599999999997,0.5210187499999996,0.62825,-20.9829,13.461426609500135,server,tls_handshake_ms,16,1048576,baseline,16,344.12346506294125,-39.703292533046465,1107.9417271772386,152.2100862649474,16.024625897514184,-89.24981816480435,360.1556118423306
native,7.696234892191831,-6.651484892191831,24.261699999999998,0.5223749999999999,0.6284999999999998,-20.9846,13.462875360362906,server,channel_ready_ms,16,1048576,baseline,16,342.89659168831105,-39.610275096523424,1103.9084539084538,151.6431582958938,15.983065706915927,-89.21872077005494,358.91712058749124
native,0.022106679752982524,-0.03631917975298253,0.07990000000000003,-0.007106250000000005,0.0036500000000000143,-0.14600000000000002,0.0548226530885424,server,ping_service_ms,16,1048576,baseline,16,6.500948301214922,-7.376104752345955,21.77111716621254,-0.43757822556551673,1.102343296624131,-29.346733668341713,13.021235320791362
native,0.10203857402918409,-0.004601074029184034,0.3014000000000001,0.04871875000000003,0.04305000000000003,-0.15569999999999995,0.1000630282621908,server,upload_receive_ms,16,1048576,baseline,16,2.8806868179728085,-0.09513704505458231,8.261382013540556,1.392774886459113,1.2323396582144035,-4.324519497833573,2.7923005442256357
native,0.21869229122985898,-0.387129791229859,0.44220000000000015,-0.08421875000000004,0.02839999999999998,-2.0317000000000003,0.5684601671401437,server,download_send_ms,16,1048576,baseline,16,5.9723124630132585,-7.420746886880298,15.699222494408355,-0.7242172119335204,0.8466364274597569,-38.56315839422986,12.567090201873885
native,0.30717163940932657,-0.32072163940932674,0.6315999999999997,-0.0067750000000000865,0.10880000000000001,-1.9499000000000004,0.5891702012152346,server,transfer_total_ms,16,1048576,baseline,16,4.25577191404184,-3.399610930501042,9.559308201764019,0.428080491770399,1.5563265756256202,-21.471359041557474,7.183264422554276
native,81.29024930381722,-99.9983575449542,505.1246279937777,-9.354054120568492,-36.77336833529034,-229.739114600648,170.10827887197178,server,throughput_mbps,16,1048576,baseline,16,4.547036343095955,-4.29475629204856,27.342073897497013,0.12614002552369713,-1.5322645444914174,-8.725236001088675,8.296506622514775
native,9.8957131431204,-0.13008814312039974,15.625,4.8828125,0.0,-15.625,9.407495764681482,server,process_cpu_ms,16,1048576,baseline,12,52.481253756774684,-10.81458709010802,100.0,20.833333333333332,0.0,-50.0,49.81024599478109
native,0.0,0.0,0.0,0.0,0.0,0.0,0.0,server,handshake_framed_bytes_sent,16,1048576,baseline,0,,,,,,,
native,0.0,0.0,0.0,0.0,0.0,0.0,0.0,server,handshake_framed_bytes_received,16,1048576,baseline,0,,,,,,,
native,0.0,0.0,0.0,0.0,0.0,0.0,0.0,server,application_framed_bytes_sent,16,1048576,baseline,16,0.0,0.0,0.0,0.0,0.0,0.0,0.0
native,0.0,0.0,0.0,0.0,0.0,0.0,0.0,server,application_framed_bytes_received,16,1048576,baseline,16,0.0,0.0,0.0,0.0,0.0,0.0,0.0
hybrid,7.2263050476991175,-4.129555047699119,23.2364,1.5483749999999996,2.0206999999999997,-15.8872,10.655527942528234,client,tcp_connect_ms,16,1048576,baseline,16,266.1960348288184,-8.439488770485468,784.1393041541525,128.87827302916648,17.111260995778384,-78.22549002883025,257.6983576003302
hybrid,0.06635795686132585,-0.1384829568613259,0.19120000000000026,-0.036062500000000025,0.013749999999999929,-0.5,0.1922080812557058,client,tls_handshake_ms,16,1048576,baseline,16,2.6581026764306017,-4.8764993179611755,7.553431043337426,-1.1091983207652867,0.5449816671331722,-17.363522711487708,7.069932300381606
hybrid,9.739985282730059,-1.837447782730059,26.0671,3.95126875,4.8102,-14.2188,10.863436190249612,client,channel_ready_ms,16,1048576,baseline,16,172.46655218569703,7.398534787449734,472.67534634075577,89.93254348657338,42.73044639300131,-53.70773275315021,154.8880363995959
hybrid,0.040015018041036146,-0.008652518041036152,0.1195,0.015681249999999997,0.018199999999999994,-0.07,0.045666139443428615,client,ping_rtt_ms,16,1048576,baseline,16,18.258360118787444,-2.3130981586035917,53.63554757630161,7.9726309800919255,8.191930440286626,-24.19633598340823,19.30278698855411
hybrid,0.652808609963529,0.5821663900364712,0.7317000000000005,0.6174875000000001,0.6102999999999998,0.49849999999999994,0.0662856130695041,client,upload_send_ms,16,1048576,baseline,16,19.334320615137283,17.07246871611206,22.31259820685831,18.20339466562467,17.920991763377533,14.386352062468163,2.1223602536007298
hybrid,0.8233075691061449,0.19250493089385506,1.0616000000000003,0.50790625,0.5733499999999998,-1.5470999999999995,0.5919001362490691,client,download_receive_ms,16,1048576,baseline,16,24.274726516457072,9.127254913731685,33.480651799871794,16.700990715094377,17.278165645122805,-28.233812687057444,14.213305338879575
hybrid,1.451394605085488,0.812305394914512,1.7162000000000006,1.13185,1.2310000000000008,-0.9542000000000002,0.5996756634492794,client,transfer_total_ms,16,1048576,baseline,16,21.4011794791133,12.56448933798843,27.330201449159976,16.982834408550865,17.89178981105963,-10.616968011126566,8.291718806607731
hybrid,-261.59858324379127,-444.82668941393626,221.73100169016584,-353.21263632886377,-370.0877775685583,-573.4641032505842,171.9281664929707,client,throughput_mbps,16,1048576,baseline,16,-10.080035617990287,-17.976050405906832,11.878057585301194,-14.02804301194856,-15.17638933530992,-21.46403691984441,7.409056249412198
hybrid,9.924638959896187,-6.018388959896187,31.25,1.953125,0.0,-15.625,14.959798558692784,client,process_cpu_ms,16,1048576,baseline,10,20.39996571433347,-70.39996571433346,100.0,-25.0,0.0,-100.0,63.464775882199234
hybrid,1144.0,1144.0,1144.0,1144.0,1144.0,1144.0,0.0,client,handshake_framed_bytes_sent,16,1048576,baseline,0,,,,,,,
hybrid,4581.0,4581.0,4581.0,4581.0,4581.0,4581.0,0.0,client,handshake_framed_bytes_received,16,1048576,baseline,0,,,,,,,
hybrid,525.0,525.0,525.0,525.0,525.0,525.0,0.0,client,application_framed_bytes_sent,16,1048576,baseline,16,0.050042130708139045,0.050042130708139045,0.050042130708139045,0.050042130708139045,0.050042130708139045,0.050042130708139045,0.0
hybrid,500.0,500.0,500.0,500.0,500.0,500.0,0.0,client,application_framed_bytes_received,16,1048576,baseline,16,0.04766153447263465,0.04766153447263465,0.04766153447263465,0.04766153447263465,0.04766153447263465,0.04766153447263465,0.0
hybrid,7.2749961345625955,-4.196483634562595,23.5108,1.5392562499999998,1.9053500000000003,-16.0365,10.76401718541727,server,tls_handshake_ms,16,1048576,baseline,16,335.67444979700406,-10.342045522025188,1049.7767458474727,162.66620213748942,15.617909037770268,-82.07327597479014,324.67716258160783
hybrid,9.950975356293625,-1.6059503562936248,26.1678,4.1725125,4.867850000000001,-13.821799999999998,10.844193555193488,server,channel_ready_ms,16,1048576,baseline,16,411.0080524818988,26.38912702005024,1163.8409535669807,218.69858975097452,76.62813127070174,-58.76515705515212,360.89892558157555
hybrid,-0.20148874955582935,-0.26058625044417066,-0.1587,-0.2310375,-0.21925000000000003,-0.3654,0.055452873385124654,server,ping_service_ms,16,1048576,baseline,16,-57.565176246447265,-64.22764778340157,-49.3605359317905,-60.896412014924415,-62.59096099377432,-73.44723618090453,6.251587377083306
hybrid,0.6876374592243417,0.6011375407756581,0.7814999999999994,0.6443874999999999,0.6412,0.49549999999999983,0.08116534461620094,server,upload_receive_ms,16,1048576,baseline,16,19.64760779171963,16.93605759599192,23.195417309747103,18.291832693855774,18.372750194107404,13.405659866890314,2.54432501240949
hybrid,0.7198225262972706,0.0772024737027292,1.0058000000000002,0.39851249999999994,0.46904999999999997,-1.5515000000000003,0.6029887537646674,server,download_send_ms,16,1048576,baseline,16,22.29905951685343,5.861208005169459,33.25877800262718,14.080133761011444,14.821839496861177,-29.448609661193892,15.424105671120111
hybrid,1.4666407214215862,0.8176967785784137,1.7508,1.14216875,1.2255499999999997,-0.9527999999999999,0.6089226406463029,server,transfer_total_ms,16,1048576,baseline,16,21.355892037959926,12.45339127383879,27.477321949841485,16.904641655899358,17.69254577150253,-10.491774396018233,8.353470794247668
hybrid,-255.81773018258198,-437.91922390863544,216.5474562228028,-346.8684770456087,-364.09978711915255,-567.543601130219,170.87103385153543,server,throughput_mbps,16,1048576,baseline,16,-10.009936944346986,-17.922061789134624,11.721575671087272,-13.965999366740805,-15.03283608463738,-21.554674611577568,7.424172776007591
hybrid,9.322122262737164,-5.415872262737164,15.625,1.953125,0.0,-15.625,13.829081299324743,server,process_cpu_ms,16,1048576,baseline,12,50.78844287744863,-59.12177621078196,100.0,-4.166666666666667,0.0,-100.0,86.49312461728161
hybrid,4581.0,4581.0,4581.0,4581.0,4581.0,4581.0,0.0,server,handshake_framed_bytes_sent,16,1048576,baseline,0,,,,,,,
hybrid,1144.0,1144.0,1144.0,1144.0,1144.0,1144.0,0.0,server,handshake_framed_bytes_received,16,1048576,baseline,0,,,,,,,
hybrid,500.0,500.0,500.0,500.0,500.0,500.0,0.0,server,application_framed_bytes_sent,16,1048576,baseline,16,0.04766153447263465,0.04766153447263465,0.04766153447263465,0.04766153447263465,0.04766153447263465,0.04766153447263465,0.0
hybrid,525.0,525.0,525.0,525.0,525.0,525.0,0.0,server,application_framed_bytes_received,16,1048576,baseline,16,0.050042130708139045,0.050042130708139045,0.050042130708139045,0.050042130708139045,0.050042130708139045,0.050042130708139045,0.0
hybrid,7.604840218012398,-4.689065218012398,23.5102,1.4578874999999998,0.6132499999999999,-14.2783,11.535722683783911,client,tcp_connect_ms,16,1048576,native,16,333.4496589752148,0.566769086338553,874.1476110801265,167.00821403077666,11.275323547670542,-79.17849336073864,312.35352540472445
hybrid,-0.35686692852166707,-0.546733071478333,-0.11050000000000004,-0.45180000000000003,-0.4455,-0.8125999999999998,0.1781568260456687,client,tls_handshake_ms,16,1048576,native,16,-12.101879058962338,-17.658729279066698,-3.900458877515003,-14.880304169014519,-14.969452130182287,-24.87297214569941,5.214151310014861
hybrid,9.518465880935487,-2.6235658809354883,26.041700000000002,3.44745,2.34455,-12.100100000000001,11.393215276587496,client,channel_ready_ms,16,1048576,native,16,180.12922790399205,6.521266731486023,470.0498176961121,93.32524731773903,23.579084960732096,-50.92181000236304,162.90130961270188
hybrid,0.03267904527848669,-0.012379045278486695,0.0963,0.010149999999999998,0.009849999999999998,-0.06510000000000002,0.04227929359233272,client,ping_rtt_ms,16,1048576,native,16,14.42105510835432,-3.4992253312030037,39.14634146341463,5.460914888575658,4.369020893402702,-21.428571428571434,16.81511108427836
hybrid,0.6410926999006235,0.4990448000993766,0.7504,0.57006875,0.5770500000000001,0.21999999999999975,0.13328760241797935,client,upload_send_ms,16,1048576,native,16,18.88509894858417,14.449129555721994,22.33200404737813,16.66711425215308,16.98227498776478,5.754492427611094,4.162396808410599
hybrid,0.6913129339209217,0.4520870660790782,1.0732000000000004,0.5717,0.50535,0.1955,0.22447246601754975,client,download_receive_ms,16,1048576,native,16,21.028174757011573,13.00774216418424,35.165205664194204,17.017958460597907,14.572557784160148,5.8455926324602325,7.525801030136658
hybrid,1.2683820721232162,1.021392927876784,1.6913,1.1448875,1.1283499999999997,0.8029999999999999,0.23175697004980592,client,transfer_total_ms,16,1048576,native,16,18.698266779676537,14.594448661543387,26.529779925020783,16.646357720609963,16.077480655352044,11.074181848271296,3.850729778411199
hybrid,-305.16343949594807,-386.95738787396704,-230.68243614026005,-346.06041368495755,-330.60542694839705,-551.7899536776476,76.74959845840972,client,throughput_mbps,16,1048576,native,16,-12.737053492645764,-15.636277763463756,-9.970077351907728,-14.18666562805476,-13.85003085526456,-20.96722205692751,2.7204249585529783
hybrid,10.484710372450524,-6.5784603724505235,31.25,1.953125,0.0,-31.25,16.01086057181187,client,process_cpu_ms,16,1048576,native,9,43.06974926600454,-80.10678630304159,100.0,-18.51851851851852,0.0,-100.0,80.12336167697754
hybrid,1144.0,1144.0,1144.0,1144.0,1144.0,1144.0,0.0,client,handshake_framed_bytes_sent,16,1048576,native,0,,,,,,,
hybrid,4581.0,4581.0,4581.0,4581.0,4581.0,4581.0,0.0,client,handshake_framed_bytes_received,16,1048576,native,0,,,,,,,
hybrid,525.0,525.0,525.0,525.0,525.0,525.0,0.0,client,application_framed_bytes_sent,16,1048576,native,16,0.050042130708139045,0.050042130708139045,0.050042130708139045,0.050042130708139045,0.050042130708139045,0.050042130708139045,0.0
hybrid,500.0,500.0,500.0,500.0,500.0,500.0,0.0,client,application_framed_bytes_received,16,1048576,native,16,0.04766153447263465,0.04766153447263465,0.04766153447263465,0.04766153447263465,0.04766153447263465,0.04766153447263465,0.0
hybrid,7.202570731394822,-5.166095731394821,23.2164,1.0182375000000001,-0.06269999999999998,-14.4705,11.605873090975678,server,tls_handshake_ms,16,1048576,native,16,332.28229893254485,-4.687177101178065,916.1957379636938,163.7975609156834,-6.9371977425873474,-83.297461928934,316.1880859303168
hybrid,9.730548366145046,-2.430273366145046,25.8731,3.6501375,2.4536,-11.710299999999998,11.410846442624958,server,channel_ready_ms,16,1048576,native,16,400.0666056037808,33.45514412134375,1017.3842947583657,216.76087486256228,38.27338072368957,-58.49091823981041,344.00200769118646
hybrid,-0.20758569629749193,-0.24027680370250806,-0.1681,-0.22393125,-0.22349999999999998,-0.3109,0.030675000000000004,server,ping_service_ms,16,1048576,native,16,-58.21611871272895,-63.04995641760966,-50.83156939824614,-60.6330375651693,-60.52429794941788,-69.56813604833296,4.535728011907726
hybrid,0.661144283668021,0.5301932163319787,0.7626999999999997,0.5956687499999999,0.6266999999999998,0.2916999999999996,0.12287512750078157,server,upload_receive_ms,16,1048576,native,16,18.729149589177705,14.750734221597861,22.141260487125138,16.739941905387784,17.75164271331637,7.385371040838535,3.7330607950523653
hybrid,0.6367549923202096,0.3287075076797904,1.0367000000000002,0.48273125,0.47025000000000006,-0.021099999999999675,0.2890497551604798,server,download_send_ms,16,1048576,native,16,20.364974037044544,9.97253831961305,35.74183870276449,15.168756178328797,14.139698742301185,-0.628687205768419,9.751519325506125
hybrid,1.266812447297639,1.0310750527023609,1.6479999999999997,1.14894375,1.13775,0.8928000000000011,0.2211991319113463,server,transfer_total_ms,16,1048576,native,16,18.370791362816377,14.527705073606597,25.315289021336728,16.449248218211487,16.110229774405393,12.169622289164854,3.6060776547270303
hybrid,-299.8134308218229,-375.2154150282575,-248.11022078202177,-337.5144229250402,-327.7822734531286,-520.6242685168913,70.75183587012663,server,throughput_mbps,16,1048576,native,16,-12.690078902007699,-15.413006957407617,-10.849303082961717,-14.051542929707658,-13.874944332350593,-20.201277289498513,2.555001183183422
hybrid,4.015559669415703,-9.874934669415703,15.625,-2.9296875,0.0,-15.625,13.03384766275229,server,process_cpu_ms,16,1048576,native,15,21.599489751712063,-61.59948975171206,100.0,-20.0,0.0,-100.0,75.11895328648518
hybrid,4581.0,4581.0,4581.0,4581.0,4581.0,4581.0,0.0,server,handshake_framed_bytes_sent,16,1048576,native,0,,,,,,,
hybrid,1144.0,1144.0,1144.0,1144.0,1144.0,1144.0,0.0,server,handshake_framed_bytes_received,16,1048576,native,0,,,,,,,
hybrid,500.0,500.0,500.0,500.0,500.0,500.0,0.0,server,application_framed_bytes_sent,16,1048576,native,16,0.04766153447263465,0.04766153447263465,0.04766153447263465,0.04766153447263465,0.04766153447263465,0.04766153447263465,0.0
hybrid,525.0,525.0,525.0,525.0,525.0,525.0,0.0,server,application_framed_bytes_received,16,1048576,native,16,0.050042130708139045,0.050042130708139045,0.050042130708139045,0.050042130708139045,0.050042130708139045,0.050042130708139045,0.0
native,4.652122817180473,-9.397547817180474,24.0823,-2.3727125,-3.9795999999999996,-20.2682,13.18320732820735,client,tcp_connect_ms,16,104857600,baseline,16,263.71850170696257,-62.08053209347733,913.6965512008195,100.8189848067426,-17.308027324037244,-87.39344340049759,305.7065408648418
native,0.49120264742437103,0.2553598525756291,0.7368000000000001,0.37328125000000006,0.3142499999999999,-0.07289999999999974,0.22129803198025352,client,tls_handshake_ms,16,104857600,baseline,16,19.826097297326072,9.988964860843128,31.02969046114972,14.9075310790846,12.50511965098763,-2.5330970499322336,9.230462393048615
native,5.092971444667429,-9.108071444667429,24.8491,-2.00755,-3.40165,-19.9794,13.32524423946268,client,channel_ready_ms,16,104857600,baseline,16,137.8167646485564,-45.683392111224535,494.1849133902114,46.06668626866593,-13.19133381001953,-77.30051380463043,172.1834393331866
native,0.016005124551865695,-0.042417624551865686,0.12200000000000003,-0.013206249999999998,-0.019850000000000007,-0.07959999999999998,0.05481973450926835,client,ping_rtt_ms,16,104857600,baseline,16,9.068447309290562,-15.9680303411284,62.78950077200207,-3.44979151591892,-8.631812553070045,-27.880910683012253,23.492442223256127
native,4.3648621975373025,-9.627149697537288,12.694000000000017,-2.6311437499999926,2.0543499999999995,-32.0215,13.129104485936011,client,upload_send_ms,16,104857600,baseline,16,1.5312714066347326,-3.0106168114296823,4.531988469741646,-0.7396727023974747,0.7183797038126584,-9.9428051556091,4.261783467994367
native,1.046842261806363,-23.470967261806372,28.475599999999986,-11.212062500000005,-13.810249999999996,-45.46840000000003,23.005761102526037,client,download_receive_ms,16,104857600,baseline,16,0.7150301712381828,-7.324365726955046,10.979247250137256,-3.3046677778584317,-4.65820914945378,-13.455644822398186,7.543594841306531
native,0.9315403965749773,-28.62887789657498,30.18500000000006,-13.848668750000002,-9.68259999999998,-63.091999999999985,27.737384968587545,client,transfer_total_ms,16,104857600,baseline,16,0.2572030852373701,-4.580555313992573,5.495308734036353,-2.1616761143776015,-1.666295438290609,-9.943858148244056,4.539406911422288
native,133.46926262825707,-6.7232744152972685,291.9726051019261,63.372994106479894,48.93297736220984,-159.10351034850237,131.54666253830163,client,throughput_mbps,16,104857600,baseline,16,4.971587924422719,-0.13620973650583768,11.041843392106339,2.417689093958441,1.6945770185092026,-5.209055075511022,4.792792465174865
native,15.366945989159358,-21.22632098915936,46.875,-2.9296875,0.0,-62.5,34.336507804801094,client,process_cpu_ms,16,104857600,baseline,16,3.0345554555417595,-3.580989830101134,9.375,-0.27321718727968725,0.0,-10.81081081081081,6.207555134885334
native,0.0,0.0,0.0,0.0,0.0,0.0,0.0,client,handshake_framed_bytes_sent,16,104857600,baseline,0,,,,,,,
native,0.0,0.0,0.0,0.0,0.0,0.0,0.0,client,handshake_framed_bytes_received,16,104857600,baseline,0,,,,,,,
native,0.0,0.0,0.0,0.0,0.0,0.0,0.0,client,application_framed_bytes_sent,16,104857600,baseline,16,0.0,0.0,0.0,0.0,0.0,0.0,0.0
native,0.0,0.0,0.0,0.0,0.0,0.0,0.0,client,application_framed_bytes_received,16,104857600,baseline,16,0.0,0.0,0.0,0.0,0.0,0.0,0.0
native,5.157656690124967,-9.118244190124965,24.5666,-1.9802937499999995,-3.6743000000000006,-20.3857,13.395485630886686,server,tls_handshake_ms,16,104857600,baseline,16,359.47218826930816,-59.73729598752354,1187.7103074840459,149.8674461408923,-16.117434706717617,-88.6369466631303,393.35623508444354
native,5.157665520105776,-9.118478020105776,24.5683,-1.9804062499999997,-3.6740000000000013,-20.3863,13.395713325661,server,channel_ready_ms,16,104857600,baseline,16,357.9565984863676,-59.672005280389754,1183.1021862660118,149.14229660298892,-16.110233015417794,-88.60411242899302,391.8728497579009
native,0.00939769982021782,-0.03894769982021782,0.10659999999999997,-0.014775,-0.012050000000000005,-0.08400000000000002,0.045363869617424245,server,ping_service_ms,16,104857600,baseline,16,3.1772594208931157,-10.005012864258703,31.538461538461526,-3.413876721682793,-3.154080779397158,-20.583190394511153,12.369302677246907
native,4.35398263899064,-9.641532638990636,12.67100000000005,-2.643774999999998,2.007850000000019,-32.05540000000002,13.132391810202247,server,upload_receive_ms,16,104857600,baseline,16,1.5264608192746474,-3.014140564901484,4.521249264953575,-0.7438398728134183,0.7018329791983707,-9.949540582476182,4.260575994994629
native,1.0580235671210243,-23.465498567121017,28.49369999999999,-11.203737499999995,-13.754099999999994,-45.52929999999998,23.011121408277777,server,download_send_ms,16,104857600,baseline,16,0.7192703471320843,-7.324464592224171,10.991743953782802,-3.3025971225460435,-4.6418114735688984,-13.478142456653467,7.547666287587834
native,0.9321704966512421,-28.626332996651175,30.16960000000006,-13.847081249999967,-9.650199999999984,-63.112199999999916,27.735588257188457,server,transfer_total_ms,16,104857600,baseline,16,0.2572050352515496,-4.579235512642926,5.491439375034253,-2.161015238695688,-1.6603998797066455,-9.945325466016241,4.538170333865748
native,133.40563297340532,-6.725990163012412,291.97005794724146,63.33982140519646,48.74757064738628,-158.96646342589293,131.48950527904256,server,throughput_mbps,16,104857600,baseline,16,4.970216615795146,-0.1364300017855573,11.043652667095222,2.4168933070047944,1.6884812231616477,-5.2055782038498295,4.791712408318486
native,29.659747660419942,-8.175372660419942,78.125,10.7421875,7.8125,-46.875,35.50177427344301,server,process_cpu_ms,16,104857600,baseline,16,5.734147870218482,-1.402064109680774,15.625,2.166041880268854,1.4285714285714286,-8.571428571428571,6.696111568549104
native,0.0,0.0,0.0,0.0,0.0,0.0,0.0,server,handshake_framed_bytes_sent,16,104857600,baseline,0,,,,,,,
native,0.0,0.0,0.0,0.0,0.0,0.0,0.0,server,handshake_framed_bytes_received,16,104857600,baseline,0,,,,,,,
native,0.0,0.0,0.0,0.0,0.0,0.0,0.0,server,application_framed_bytes_sent,16,104857600,baseline,16,0.0,0.0,0.0,0.0,0.0,0.0,0.0
native,0.0,0.0,0.0,0.0,0.0,0.0,0.0,server,application_framed_bytes_received,16,104857600,baseline,16,0.0,0.0,0.0,0.0,0.0,0.0,0.0
hybrid,7.3058050392579945,-6.916967539257995,21.005899999999997,0.19441874999999986,0.08445000000000036,-21.0626,13.345633827596636,client,tcp_connect_ms,16,104857600,baseline,16,303.4585533175557,-6.140841783406671,741.2253961085395,148.65885576707453,6.143746670672832,-89.07167143122959,290.50595708069557
hybrid,0.06022074009803202,-0.17375824009803198,0.3397000000000001,-0.05676874999999998,-0.07525000000000004,-0.43599999999999994,0.2195491614460567,client,tls_handshake_ms,16,104857600,baseline,16,2.611474126676211,-6.285071248829937,13.514481222151502,-1.836798561076863,-2.8967239800982645,-15.57254089577827,8.347882682976262
hybrid,9.621891237121844,-4.537916237121844,22.963,2.5419875000000003,2.2672500000000015,-17.655700000000003,13.286551871466376,client,channel_ready_ms,16,104857600,baseline,16,188.18458870739977,1.0843012516806994,431.43715514363697,94.63444497954023,27.43334449501573,-67.81212312088554,175.56154481397425
hybrid,0.038017745490590824,-0.02004274549059082,0.13799999999999996,0.0089875,-0.008349999999999996,-0.054200000000000026,0.05447981736386421,client,ping_rtt_ms,16,104857600,baseline,16,16.665454999702185,-6.6288235408571285,47.32510288065841,5.018315729422527,-3.45395575277251,-18.360433604336052,21.857687027207167
hybrid,55.75504888726681,42.221476112733185,63.531799999999976,48.9882625,52.79815000000002,19.083399999999983,12.698937962411138,client,upload_send_ms,16,104857600,baseline,16,19.445866960791733,14.317081756886438,22.682006070736712,16.881474358839085,18.188684357977117,5.925472820028747,4.812485676323552
hybrid,36.30810241250374,6.833247587496249,77.73199999999997,21.570674999999994,17.739450000000005,-37.61200000000002,27.657098322046245,client,download_receive_ms,16,104857600,baseline,16,12.83863485195674,2.3968048787498484,29.970881991869152,7.617719865353295,5.796644187145693,-11.264828290137324,9.797867366798783
hybrid,85.90705788332332,55.216617116676666,127.28949999999998,70.5618375,65.97590000000008,15.2731,28.79771733803161,client,transfer_total_ms,16,104857600,baseline,16,14.834218340539739,9.202137995938596,23.173599506414405,12.018178168239167,11.389633809782504,2.444887931764494,5.284741885009719
hybrid,-232.3461833741127,-370.2880024424371,-64.09443486116879,-301.3170929082749,-296.0998608377515,-574.6410890844336,129.43474956347274,client,throughput_mbps,16,104857600,baseline,16,-8.311058241617935,-12.776493640884816,-2.386539710398215,-10.543775941251376,-10.22237140450099,-18.8137714569327,4.190045604007093
hybrid,112.89733028352728,66.79016971647272,171.875,89.84375,85.9375,31.25,43.263665952698304,client,process_cpu_ms,16,104857600,baseline,16,21.444135037363107,11.977644712541643,34.375,16.710889874952375,15.328185328185327,5.405405405405405,8.882678311146531
hybrid,1144.0,1144.0,1144.0,1144.0,1144.0,1144.0,0.0,client,handshake_framed_bytes_sent,16,104857600,baseline,0,,,,,,,
hybrid,4581.0,4581.0,4581.0,4581.0,4581.0,4581.0,0.0,client,handshake_framed_bytes_received,16,104857600,baseline,0,,,,,,,
hybrid,40150.0,40150.0,40150.0,40150.0,40150.0,40150.0,0.0,client,application_framed_bytes_sent,16,104857600,baseline,16,0.03827825459548799,0.03827825459548799,0.03827825459548799,0.03827825459548799,0.03827825459548799,0.03827825459548799,0.0
hybrid,40125.0,40125.0,40125.0,40125.0,40125.0,40125.0,0.0,client,application_framed_bytes_received,16,104857600,baseline,16,0.03825443903080441,0.03825443903080441,0.03825443903080441,0.03825443903080441,0.03825443903080441,0.03825443903080441,0.0
hybrid,7.400948411166983,-7.017248411166982,21.4398,0.19185000000000063,0.32840000000000025,-21.1934,13.52900597846469,server,tls_handshake_ms,16,104857600,baseline,16,395.76612629334056,1.1824935849667213,946.7436775052291,198.47430993915364,17.849071593999707,-91.23642327942107,370.2490950634531
hybrid,9.978665606569049,-4.334003106569048,24.032500000000002,2.8223312500000004,2.78315,-17.5394,13.429985938871704,server,channel_ready_ms,16,104857600,baseline,16,472.97041592298007,32.35774828892261,1053.5208599706398,252.66408210595134,35.437857886160046,-76.24950533172186,413.4394534949542
hybrid,-0.18569772680813051,-0.2419397731918695,-0.1018,-0.21381875,-0.21450000000000002,-0.3086,0.05277351884862963,server,ping_service_ms,16,104857600,baseline,16,-51.53075025349811,-64.04453241897377,-26.237113402061855,-57.78764133623594,-61.93630702556564,-71.53453871117293,11.74203930048165
hybrid,55.76280734911052,42.240905150889475,63.5059,49.001856249999996,52.828599999999994,19.086099999999988,12.687987127251189,server,upload_receive_ms,16,104857600,baseline,16,19.43890944047074,14.31738214169641,22.660090260848715,16.878145791083575,18.192654593606854,5.924054184667745,4.805675376594821
hybrid,36.26202788349544,6.789822116504553,77.71769999999998,21.525924999999997,17.68795000000003,-37.67689999999999,27.65461263523079,server,download_send_ms,16,104857600,baseline,16,12.82916062450241,2.383707226759867,29.980418797029017,7.606433925631139,5.773921192587483,-11.287088611235347,9.801267329554832
hybrid,85.91637927398224,55.2273457260178,127.32650000000001,70.57186250000002,65.98070000000001,15.32159999999999,28.796396904540572,server,transfer_total_ms,16,104857600,baseline,16,14.833166576283205,9.202030588180882,23.17583778324199,12.017598582232043,11.388227113689512,2.4523125437252706,5.283855768328431
hybrid,-232.30221620911624,-370.1949258505529,-64.2755274743754,-301.2485710298346,-296.0087157237615,-574.5746414844252,129.38866878526244,server,throughput_mbps,16,104857600,baseline,16,-8.311190983038617,-12.775583560520474,-2.3936136557958703,-10.543387271779546,-10.221230334937609,-18.81524672397645,4.189067094534802
hybrid,100.15251453457637,69.76936046542363,140.625,84.9609375,93.75,31.25,28.509381451184918,server,process_cpu_ms,16,104857600,baseline,16,18.90277243129184,12.701172232105222,28.125,15.801972331698531,16.466165413533833,5.555555555555555,5.819138634650841
hybrid,4581.0,4581.0,4581.0,4581.0,4581.0,4581.0,0.0,server,handshake_framed_bytes_sent,16,104857600,baseline,0,,,,,,,
hybrid,1144.0,1144.0,1144.0,1144.0,1144.0,1144.0,0.0,server,handshake_framed_bytes_received,16,104857600,baseline,0,,,,,,,
hybrid,40125.0,40125.0,40125.0,40125.0,40125.0,40125.0,0.0,server,application_framed_bytes_sent,16,104857600,baseline,16,0.03825443903080441,0.03825443903080441,0.03825443903080441,0.03825443903080441,0.03825443903080441,0.03825443903080441,0.0
hybrid,40150.0,40150.0,40150.0,40150.0,40150.0,40150.0,0.0,server,application_framed_bytes_received,16,104857600,baseline,16,0.03827825459548799,0.03827825459548799,0.03827825459548799,0.03827825459548799,0.03827825459548799,0.03827825459548799,0.0
hybrid,9.06763959744457,-3.9333770974445703,19.5371,2.5671312499999996,3.0031,-16.201700000000002,12.199225378780886,client,tcp_connect_ms,16,104857600,native,16,353.2434186289822,30.13094402236314,694.0108699513338,191.68718132567267,32.18082444067643,-85.91777415431935,303.1856656234663
hybrid,-0.3472182557027549,-0.5128817442972452,-0.20440000000000014,-0.43005000000000004,-0.4105000000000001,-0.8062999999999998,0.15544678403449402,client,tls_handshake_ms,16,104857600,native,16,-11.888630159524661,-17.04861761282952,-6.9906631553746745,-14.46862388617709,-14.255194291617912,-25.702900860694925,4.841763638323237
hybrid,11.031641416808997,-1.9325664168089975,21.3726,4.5495375,4.660299999999999,-14.087700000000002,12.164686572692013,client,channel_ready_ms,16,104857600,native,16,197.49313681080775,23.114106160535158,375.49148790386334,110.30362148567146,41.784228681179954,-64.2297030808156,163.62482613165778
hybrid,0.047096961890192524,-0.0027094618901925306,0.10109999999999997,0.022193749999999998,0.030549999999999994,-0.08510000000000004,0.04673479030657996,client,ping_rtt_ms,16,104857600,native,16,20.246079587102685,1.3806277842857373,35.10125361620058,10.81335368569421,14.787028073572117,-27.975016436554906,17.70199237614736
hybrid,53.640767570944504,49.598044929055476,58.05590000000001,51.61940624999999,52.016599999999954,43.85700000000003,3.793402147671443,client,upload_send_ms,16,104857600,native,16,18.574697135154985,16.9656204590162,20.52978071613187,17.770158797085593,17.887691886561175,14.711801236430018,1.5098426134375478
hybrid,42.02785084974021,23.53762415025978,55.59860000000003,32.782737499999996,36.83175,-7.355600000000038,17.349907942229365,client,download_receive_ms,16,104857600,native,16,14.577843942379861,8.108182753819985,19.81674749798354,11.343013348099923,12.21505476601498,-2.4291669116000802,6.070667918965111
hybrid,94.07770405530246,74.74330844469753,107.69190000000003,84.41050625,89.50620000000004,44.297199999999975,18.142015747814753,client,transfer_total_ms,16,104857600,native,16,16.249024432153995,12.818581943697117,18.847351397932872,14.533803187925557,15.446659308079626,7.436518670031382,3.2188821880432372
hybrid,-324.18451636889483,-405.19565766061476,-194.9535008527755,-364.6900870147548,-383.09717487962826,-465.6375598690902,76.015068206047,client,throughput_mbps,16,104857600,native,16,-11.273763779123078,-13.971953673174246,-6.921779262851108,-12.622858726148662,-13.379893500166842,-15.858453029236523,2.5317886596683437
hybrid,108.99484965611452,76.55202534388548,171.875,92.7734375,85.9375,46.875,30.442028881068904,client,process_cpu_ms,16,104857600,native,16,20.32241807359516,13.838724065488158,33.333333333333336,17.08057106954166,15.686274509803923,8.108108108108109,6.083835314436766
hybrid,1144.0,1144.0,1144.0,1144.0,1144.0,1144.0,0.0,client,handshake_framed_bytes_sent,16,104857600,native,0,,,,,,,
hybrid,4581.0,4581.0,4581.0,4581.0,4581.0,4581.0,0.0,client,handshake_framed_bytes_received,16,104857600,native,0,,,,,,,
hybrid,40150.0,40150.0,40150.0,40150.0,40150.0,40150.0,0.0,client,application_framed_bytes_sent,16,104857600,native,16,0.03827825459548799,0.03827825459548799,0.03827825459548799,0.03827825459548799,0.03827825459548799,0.03827825459548799,0.0
hybrid,40125.0,40125.0,40125.0,40125.0,40125.0,40125.0,0.0,client,application_framed_bytes_received,16,104857600,native,16,0.03825443903080441,0.03825443903080441,0.03825443903080441,0.03825443903080441,0.03825443903080441,0.03825443903080441,0.0
hybrid,8.729427641982232,-4.385140141982232,19.445,2.1721437500000005,2.3594500000000003,-16.4784,12.305773609595823,server,tls_handshake_ms,16,104857600,native,16,362.41883380229706,22.37841049108124,755.3509691955095,192.39862214668915,12.060077120277557,-89.0670046453943,319.06964349182783
hybrid,11.276693253047762,-1.671218253047762,21.776,4.8027375,4.826650000000001,-13.5832,12.14939526302304,server,channel_ready_ms,16,104857600,native,16,436.1677116385922,63.68905134318183,843.0833559177669,249.92838149088703,76.9542660833772,-72.51359286646368,349.50736795195087
hybrid,-0.17151285924284285,-0.22657464075715714,-0.08439999999999998,-0.19904375,-0.19685000000000002,-0.3087,0.05166604260375797,server,ping_service_ms,16,104857600,native,16,-49.87301014948457,-62.31817759229327,-22.773880194279542,-56.09559387088892,-58.26640097060399,-69.4331983805668,11.677656146012973
hybrid,53.678228075677744,49.613034424322244,58.00669999999997,51.645631249999994,52.08709999999999,43.77230000000003,3.814487337807222,server,upload_receive_ms,16,104857600,native,16,18.580037253957784,16.964046063299655,20.49890696903537,17.77204165862872,17.906792508883427,14.689109083987567,1.5163306999453918
hybrid,41.964033319964265,23.495291680035713,55.495100000000036,32.72966249999999,36.73389999999998,-7.393400000000042,17.329747897065133,server,download_send_ms,16,104857600,native,16,14.560604693194474,8.09678007853174,19.785125263379328,11.328692385863107,12.187424983692981,-2.442260817229491,6.065191294937768
hybrid,94.08498377289165,74.75290372710832,107.7082999999999,84.41894374999998,89.46954999999997,44.28909999999996,18.13984298719144,server,transfer_total_ms,16,104857600,native,16,16.24712181820324,12.81766967005035,18.847276034796685,14.532395744126795,15.43621731376045,7.433374364021529,3.217952923443894
hybrid,-324.1025780565447,-405.0742068135174,-194.83000214817184,-364.58839243503104,-383.03343111959293,-465.5632324428243,75.9779924658968,server,throughput_mbps,16,104857600,native,16,-11.273158490008791,-13.970492326860919,-6.919055096263366,-12.621825408434855,-13.372065047359273,-15.85839967361008,2.530985396742579
hybrid,93.32621213149153,55.11128786850847,140.625,74.21875,62.5,31.25,35.858155162621884,server,process_cpu_ms,16,104857600,native,16,17.3955858749137,9.888098254261918,25.714285714285715,13.641842064587808,11.119691119691119,5.2631578947368425,7.044490108896016
hybrid,4581.0,4581.0,4581.0,4581.0,4581.0,4581.0,0.0,server,handshake_framed_bytes_sent,16,104857600,native,0,,,,,,,
hybrid,1144.0,1144.0,1144.0,1144.0,1144.0,1144.0,0.0,server,handshake_framed_bytes_received,16,104857600,native,0,,,,,,,
hybrid,40125.0,40125.0,40125.0,40125.0,40125.0,40125.0,0.0,server,application_framed_bytes_sent,16,104857600,native,16,0.03825443903080441,0.03825443903080441,0.03825443903080441,0.03825443903080441,0.03825443903080441,0.03825443903080441,0.0
hybrid,40150.0,40150.0,40150.0,40150.0,40150.0,40150.0,0.0,server,application_framed_bytes_received,16,104857600,native,16,0.03827825459548799,0.03827825459548799,0.03827825459548799,0.03827825459548799,0.03827825459548799,0.03827825459548799,0.0
native,5.877987629362445,-7.466150129362446,23.6736,-0.7940812500000004,-0.22320000000000007,-20.447400000000002,12.521185675284842,client,tcp_connect_ms,16,524288000,baseline,16,267.7930513139242,-79.16777769002698,948.0437307276441,94.31263681194861,-5.278124125998427,-88.30014639391624,325.56325785596175
native,0.5813145949468164,0.27607290505318355,1.0936,0.42869375,0.37685000000000013,-0.03750000000000009,0.28641699779342705,client,tls_handshake_ms,16,524288000,baseline,16,24.05165737661614,10.95940224536583,46.07347489046174,17.505529810990986,14.914703549751291,-1.3115556799104675,12.28483701012469
native,6.378664194043518,-7.1230141940435185,24.1501,-0.3721750000000002,0.21729999999999983,-20.509999999999998,12.66901054844721,client,channel_ready_ms,16,524288000,baseline,16,137.27644475697156,-47.28188753749111,474.6604724720767,44.99727860974023,4.148903884160405,-78.70873164198464,173.17635566741217
native,0.013448296466250863,-0.028385796466250876,0.04139999999999999,-0.007468750000000007,-0.012200000000000016,-0.07800000000000001,0.03925412451789833,client,ping_rtt_ms,16,524288000,baseline,16,6.248212583646355,-10.523689351845258,19.70490242741551,-2.137738384099452,-5.294621405308945,-29.115341545352745,15.737554726955008
native,22.279871062774408,-23.62674606277439,109.93720000000008,-0.6734374999999915,-8.689350000000104,-82.03839999999991,43.07549031239418,client,upload_send_ms,16,524288000,baseline,16,1.6062794352376553,-1.6371202673007954,7.9069723953759565,-0.015420416031570003,-0.5978062783420985,-5.687436150282125,3.0433745985644114
native,46.245903088553,-79.58457808855295,252.72950000000014,-16.66933749999997,-16.94959999999992,-207.8832,118.0703352225832,client,download_receive_ms,16,524288000,baseline,16,3.8474170291695513,-5.510890370515772,21.08018367896936,-0.8317366706731104,-1.1311027783377117,-14.192300665692493,8.781167181913817
native,51.58005309768478,-86.27295309768485,299.3638000000001,-17.346450000000033,-34.08484999999996,-243.07190000000037,129.35141390756687,client,transfer_total_ms,16,524288000,baseline,16,1.9716608598090208,-2.988657330321867,11.411830963408425,-0.508498235256423,-1.1411097303766662,-8.4787828376294,4.654408264521438
native,91.47353526562298,-55.42666718177955,271.08181291421124,18.023434041921718,32.57444873325471,-327.54423950970795,137.8406566117931,client,throughput_mbps,16,524288000,baseline,16,3.1487405275048133,-1.7262008437735021,9.264281114822733,0.7112698418656556,1.1598434279192917,-10.242925607385883,4.574296756341057
native,66.19636873220307,-54.47761873220307,187.5,5.859375,0.0,-218.75,113.23184986087911,client,process_cpu_ms,16,524288000,baseline,16,2.55469133771301,-1.9491992489585814,7.453416149068323,0.30274604437721436,-0.0015518311607696789,-7.909604519774011,4.226129204939454
native,0.0,0.0,0.0,0.0,0.0,0.0,0.0,client,handshake_framed_bytes_sent,16,524288000,baseline,0,,,,,,,
native,0.0,0.0,0.0,0.0,0.0,0.0,0.0,client,handshake_framed_bytes_received,16,524288000,baseline,0,,,,,,,
native,0.0,0.0,0.0,0.0,0.0,0.0,0.0,client,application_framed_bytes_sent,16,524288000,baseline,16,0.0,0.0,0.0,0.0,0.0,0.0,0.0
native,0.0,0.0,0.0,0.0,0.0,0.0,0.0,client,application_framed_bytes_received,16,524288000,baseline,16,0.0,0.0,0.0,0.0,0.0,0.0,0.0
native,6.391564268793849,-7.096301768793849,24.0912,-0.35236875,0.37385,-20.397299999999998,12.656050025381472,server,tls_handshake_ms,16,524288000,baseline,16,328.5038159753999,-82.68747225958572,1135.7880345103954,122.90817185790709,13.881855931347618,-88.90617848970251,385.8325326927531
native,6.392004924631819,-7.0963174246318195,24.093600000000002,-0.35215624999999995,0.37439999999999984,-20.3979,12.65647819566295,server,channel_ready_ms,16,524288000,baseline,16,327.0734192819224,-82.42528610634056,1131.1549295774648,122.32406658779092,13.872419053712555,-88.8723809357831,384.2443338538465
native,0.029149910334154136,-0.025799910334154144,0.11869999999999997,0.001674999999999996,-0.0015499999999999958,-0.10920000000000002,0.05156098654344516,server,ping_service_ms,16,524288000,baseline,16,8.569016776688175,-6.353998521395064,35.170370370370364,1.1075091276465556,-0.40768453606076344,-24.739465337562304,14.00269157595023
native,22.20412884522371,-23.626566345223683,109.68950000000018,-0.7112187499999862,-8.703800000000001,-82.0353,43.00425059174531,server,upload_receive_ms,16,524288000,baseline,16,1.6004230445832344,-1.6369259002655319,7.887191011106703,-0.018251427841148728,-0.5987428981482485,-5.686752483504249,3.0376969997657057
native,46.24103920090804,-79.57487670090805,252.6957,-16.666918750000008,-16.957199999999943,-207.89049999999997,118.05666820867692,server,download_send_ms,16,524288000,baseline,16,3.84732440879458,-5.51055200438586,21.0792615409461,-0.83161379779564,-1.1316662216335764,-14.193893069834205,8.780762774963833
native,51.507982174656135,-86.26868217465612,298.93820000000005,-17.380349999999993,-34.10095000000001,-243.0700999999999,129.27978017247196,server,transfer_total_ms,16,524288000,baseline,16,1.968513747663221,-2.988247657566034,11.393294677560657,-0.5098669549514063,-1.1416054701053664,-8.478415435837181,4.651070831637752
native,91.45911272860604,-55.335430383750975,271.05923956483184,18.061841172427535,32.587544653268196,-327.00025865584075,137.7415134392365,server,throughput_mbps,16,524288000,baseline,16,3.1485032568830906,-1.7237020228359414,9.263842487225771,0.7124006170235745,1.1603537043810137,-10.227989674369287,4.571729403466124
native,46.904881936890746,-111.35800693689075,265.625,-32.2265625,-15.625,-296.875,148.50258989569565,server,process_cpu_ms,16,524288000,baseline,16,1.8161520518097032,-3.9899959417170328,10.059171597633137,-1.0869219449536647,-0.5747126436781609,-10.497237569060774,5.448074532773535
native,0.0,0.0,0.0,0.0,0.0,0.0,0.0,server,handshake_framed_bytes_sent,16,524288000,baseline,0,,,,,,,
native,0.0,0.0,0.0,0.0,0.0,0.0,0.0,server,handshake_framed_bytes_received,16,524288000,baseline,0,,,,,,,
native,0.0,0.0,0.0,0.0,0.0,0.0,0.0,server,application_framed_bytes_sent,16,524288000,baseline,16,0.0,0.0,0.0,0.0,0.0,0.0,0.0
native,0.0,0.0,0.0,0.0,0.0,0.0,0.0,server,application_framed_bytes_received,16,524288000,baseline,16,0.0,0.0,0.0,0.0,0.0,0.0,0.0
hybrid,7.4798628891267,-4.6384503891266995,24.174699999999998,1.4207062499999998,1.3668999999999993,-16.8506,11.370959545817803,client,tcp_connect_ms,16,524288000,baseline,16,248.52293710883814,-17.035563635591274,856.3781926387755,115.74368673662343,10.14174184181406,-85.41247433915402,249.18112774256926
hybrid,0.11873783260407955,-0.14866283260407964,0.3557999999999999,-0.014962500000000045,0.03389999999999982,-0.6024000000000003,0.25090968328597185,client,tls_handshake_ms,16,524288000,baseline,16,4.904013053049039,-5.102873307005452,15.133341839989788,-0.09943012697820665,1.4124276759884205,-20.290343224763387,9.389747349077917
hybrid,9.970734834278131,-2.2126098342781315,26.7594,3.8790625,4.5227,-14.8684,11.431980357160345,client,channel_ready_ms,16,524288000,baseline,16,161.65668952356816,2.480913214459079,505.94441293250145,82.06880136901363,43.75336161145403,-67.2054529511205,149.3591782556965
hybrid,0.017436186370895813,-0.019723686370895825,0.0632,-0.0011437500000000059,-0.001250000000000015,-0.054300000000000015,0.03486817017950134,client,ping_rtt_ms,16,524288000,baseline,16,8.142226813361502,-7.17245198445722,28.67513611615245,0.4848874144521405,-0.49708858422969765,-20.268756998880182,14.370200626822655
hybrid,312.5430629265675,227.0560745734325,494.2863,269.79956875,262.8106,96.52040000000011,80.21488337008884,client,upload_send_ms,16,524288000,baseline,16,21.94038323219755,15.643749738585559,35.55036993403976,18.792066485391555,18.30608284007242,6.8232607472980735,5.90831108972806
hybrid,251.9355822087865,113.36505529121354,427.1156000000001,182.65031875000003,170.00035000000014,-24.43230000000017,130.0246840993931,client,download_receive_ms,16,524288000,baseline,16,18.374682625835057,7.663147136927355,35.6257393780829,13.018914881381207,11.493904136568327,-1.6475422305635403,10.050939757147141
hybrid,545.3204343968315,359.5998281031683,901.5353,452.4601312499999,421.7317999999998,215.89000000000033,174.26695056478803,client,transfer_total_ms,16,524288000,baseline,16,19.29890668877011,12.360590565585277,32.35412494634324,15.829748627177693,14.249601441741625,7.488994761068506,6.510420232691099
hybrid,-315.69032777144156,-472.0795897753463,-202.7404593384249,-393.8849587733939,-356.88888102928945,-735.9172780181066,146.74451227778502,client,throughput_mbps,16,524288000,baseline,16,-10.957540007977554,-15.88877566306447,-6.9672200188636735,-13.423157835521012,-12.472262461093159,-24.445120210238766,4.627119291057755
hybrid,545.1184698098268,404.1002801901731,828.125,474.609375,460.9375,296.875,132.32139593775705,client,process_cpu_ms,16,524288000,baseline,16,20.342307155311424,14.868255903510303,30.813953488372093,17.605281529410863,17.046004842615012,10.555555555555555,5.136458672649134
hybrid,1144.0,1144.0,1144.0,1144.0,1144.0,1144.0,0.0,client,handshake_framed_bytes_sent,16,524288000,baseline,0,,,,,,,
hybrid,4581.0,4581.0,4581.0,4581.0,4581.0,4581.0,0.0,client,handshake_framed_bytes_received,16,524288000,baseline,0,,,,,,,
hybrid,200250.0,200250.0,200250.0,200250.0,200250.0,200250.0,0.0,client,application_framed_bytes_sent,16,524288000,baseline,16,0.038182980546109864,0.038182980546109864,0.038182980546109864,0.038182980546109864,0.038182980546109864,0.038182980546109864,0.0
hybrid,200225.0,200225.0,200225.0,200225.0,200225.0,200225.0,0.0,client,application_framed_bytes_received,16,524288000,baseline,16,0.03817821741762335,0.03817821741762335,0.03817821741762335,0.03817821741762335,0.03817821741762335,0.03817821741762335,0.0
hybrid,7.576882741946545,-4.758220241946545,24.4788,1.40933125,1.3815,-17.2689,11.5743795198832,server,tls_handshake_ms,16,524288000,baseline,16,315.1199833909686,-23.10540658398409,1130.7127349993073,146.00728840349228,10.472309005986641,-89.34654387417218,317.3665458604112
hybrid,10.297842592631726,-2.052655092631726,27.2246,4.12259375,4.71715,-15.1073,11.58882480797593,server,channel_ready_ms,16,524288000,baseline,16,381.85891017960614,7.826986235516102,1252.6848571297107,194.84294820756114,58.757058573365086,-78.12800595761405,350.964839607253
hybrid,-0.19590359956404668,-0.24197140043595333,-0.1197,-0.2189375,-0.2157,-0.30100000000000005,0.043226733626310465,server,ping_service_ms,16,524288000,baseline,16,-54.880739146276376,-64.52818350403567,-34.867462860471896,-59.704461325156025,-61.450750081860065,-69.02365374937091,9.052472649759737
hybrid,312.49207304028346,227.0696769597165,494.0815,269.780875,262.8244000000001,96.56659999999988,80.15427459546164,server,upload_receive_ms,16,524288000,baseline,16,21.933314225110458,15.643436449129473,35.526783926940226,18.788375337119966,18.306951074412005,6.825994488824427,5.9019720068770685
hybrid,251.83430457702977,113.34449542297025,426.77030000000013,182.5894,169.9225,-24.435600000000022,129.94894431593764,server,download_send_ms,16,524288000,baseline,16,18.368815032243006,7.66254326111058,35.60014187660507,13.015679146676792,11.489292586604343,-1.647925778732873,10.046000660384335
hybrid,545.269774124651,359.6034508753489,901.5115999999998,452.43661249999997,421.7567999999999,215.8993999999998,174.21601523350208,server,transfer_total_ms,16,524288000,baseline,16,19.295560796001055,12.360348889404014,32.351897413471264,15.827954842702535,14.249943474597577,7.489023641584801,6.507507457585297
hybrid,-315.67725960988525,-471.9774063783294,-202.733141421033,-393.82733299410734,-356.8886164102596,-735.8476762952255,146.6608929065021,server,throughput_mbps,16,524288000,baseline,16,-10.95736441571919,-15.886677501970318,-6.9672450152272765,-13.422020958844755,-12.472522892208064,-24.44384859281841,4.6253152897950525
hybrid,513.8185455438027,326.02520445619734,734.375,419.921875,429.6875,78.125,176.21185683597835,server,process_cpu_ms,16,524288000,baseline,16,19.05876585292715,12.014093613736218,26.55367231638418,15.536429733331683,15.80016515276631,2.840909090909091,6.610217214728682
hybrid,4581.0,4581.0,4581.0,4581.0,4581.0,4581.0,0.0,server,handshake_framed_bytes_sent,16,524288000,baseline,0,,,,,,,
hybrid,1144.0,1144.0,1144.0,1144.0,1144.0,1144.0,0.0,server,handshake_framed_bytes_received,16,524288000,baseline,0,,,,,,,
hybrid,200225.0,200225.0,200225.0,200225.0,200225.0,200225.0,0.0,server,application_framed_bytes_sent,16,524288000,baseline,16,0.03817821741762335,0.03817821741762335,0.03817821741762335,0.03817821741762335,0.03817821741762335,0.03817821741762335,0.0
hybrid,200250.0,200250.0,200250.0,200250.0,200250.0,200250.0,0.0,server,application_framed_bytes_received,16,524288000,baseline,16,0.038182980546109864,0.038182980546109864,0.038182980546109864,0.038182980546109864,0.038182980546109864,0.038182980546109864,0.0
hybrid,9.775676565236864,-5.346101565236864,24.2289,2.2147875,5.592500000000001,-23.0729,14.18919641985291,client,tcp_connect_ms,16,524288000,native,16,368.3216515065223,37.9224533055517,875.1002275436125,203.122052406037,60.34172644978514,-88.85162065473142,310.02300653968246
hybrid,-0.3092343111235659,-0.5780781888764343,-0.08469999999999978,-0.4436562500000001,-0.46330000000000005,-1.0786000000000002,0.25226389084647066,client,tls_handshake_ms,16,524288000,native,16,-10.613852352103354,-18.607680802055825,-2.970470645998449,-14.61076657707959,-16.098684798116764,-31.108675588371028,7.5008376028481365
hybrid,11.877743868318024,-3.375268868318021,26.2586,4.251237500000001,7.47635,-21.2718,14.31233759993454,client,channel_ready_ms,16,524288000,native,16,206.75302250484458,27.476201615627474,453.53207364675814,117.11461206023603,65.5246617383674,-72.74573975849226,168.2205626332781
hybrid,0.024474593258392897,-0.011824593258392895,0.06659999999999999,0.006325000000000001,0.013150000000000009,-0.05379999999999999,0.03406056370643328,client,ping_rtt_ms,16,524288000,native,16,11.556552099374414,-3.671548188691877,31.519167061050638,3.9425019553412683,6.148575132532357,-18.687044112539073,14.288961537740944
hybrid,308.0798299527895,232.86618254721054,384.3490999999999,270.47300625,265.82615,85.22360000000003,70.57511406946469,client,upload_send_ms,16,524288000,native,16,21.558846981283793,16.10555992868705,26.59774072335218,18.83220345498542,18.36817391957361,5.976930946851186,5.116975031342552
hybrid,283.3097903608472,115.32952213915276,590.114,199.31965624999998,212.00610000000006,-25.733600000000024,157.6206845446243,client,download_receive_ms,16,524288000,native,16,21.30047786489861,7.860508847933791,48.64384090107259,14.5804933564162,14.21981160059385,-1.7773098497882567,12.611106882605544
hybrid,574.5098352184808,365.1033272815191,974.4692,469.80658124999997,471.1710499999999,183.22029999999995,196.49210873721185,client,transfer_total_ms,16,524288000,native,16,20.57911084224914,12.599357939773984,35.911524473786486,16.589234391011562,15.950409314225634,6.284496804265546,7.487630114538934
hybrid,-321.84847353018364,-501.9683121004477,-170.13254908805357,-411.90839281531566,-389.64238340447764,-816.8328268515429,169.01159020679333,client,throughput_mbps,16,524288000,native,16,-11.119768591408267,-16.70844689828637,-5.912900745853021,-13.914107744847318,-13.755355263391593,-26.422722144296745,5.244016513101701
hybrid,551.2289962219454,386.2710037780546,859.375,468.75,460.9375,265.625,154.7847968417226,client,process_cpu_ms,16,524288000,native,16,20.612471574385356,14.16567956980777,32.35294117647059,17.389075572096562,17.227400408580184,9.826589595375722,6.0492091103060615
hybrid,1144.0,1144.0,1144.0,1144.0,1144.0,1144.0,0.0,client,handshake_framed_bytes_sent,16,524288000,native,0,,,,,,,
hybrid,4581.0,4581.0,4581.0,4581.0,4581.0,4581.0,0.0,client,handshake_framed_bytes_received,16,524288000,native,0,,,,,,,
hybrid,200250.0,200250.0,200250.0,200250.0,200250.0,200250.0,0.0,client,application_framed_bytes_sent,16,524288000,native,16,0.038182980546109864,0.038182980546109864,0.038182980546109864,0.038182980546109864,0.038182980546109864,0.038182980546109864,0.0
hybrid,200225.0,200225.0,200225.0,200225.0,200225.0,200225.0,0.0,client,application_framed_bytes_received,16,524288000,native,16,0.03817821741762335,0.03817821741762335,0.03817821741762335,0.03817821741762335,0.03817821741762335,0.03817821741762335,0.0
hybrid,9.466480958918703,-5.943080958918703,24.0221,1.7617,5.061450000000001,-23.9776,14.459232168963883,server,tls_handshake_ms,16,524288000,native,16,381.9035405554719,33.865370966801606,916.3144644491914,207.88445576113676,50.29973016754183,-91.47461306333285,326.5741573041459
hybrid,12.173325329792387,-3.223825329792386,26.7677,4.47475,7.621849999999999,-21.2523,14.447586330779732,server,channel_ready_ms,16,524288000,native,16,453.216897392098,74.82797987631074,1017.7058778800092,264.0224386342044,112.47304342989004,-81.04264860659863,355.0531311464777
hybrid,-0.19065602825792988,-0.2505689717420701,-0.052199999999999996,-0.2206125,-0.22294999999999998,-0.3137,0.056218026468384676,server,ping_service_ms,16,524288000,native,16,-52.86264021192584,-65.83199848658411,-18.92675852066715,-59.347319349254974,-62.34087973028326,-70.15107212475634,12.169519378658265
hybrid,308.10021460914106,232.88397289085887,384.3919999999998,270.49209375,265.79165,85.23969999999986,70.57754838718867,server,upload_receive_ms,16,524288000,native,16,21.55840773650838,16.10549085114038,26.59736375833427,18.83194929382438,18.363504743668873,5.977471501021017,5.116627692856858
hybrid,283.23297015028794,115.27966734971204,589.9884,199.25631875,211.73339999999996,-25.77689999999984,157.5953821196387,server,download_send_ms,16,524288000,native,16,21.296844095051085,7.857844636455331,48.636009275976114,14.577344365753207,14.202372793344951,-1.780401841784042,12.610197118289436
hybrid,574.5165225646268,365.11740243537304,974.4560999999999,469.81696249999993,471.14729999999986,183.23099999999977,196.4851765461842,server,transfer_total_ms,16,524288000,native,16,20.57858805181969,12.599393700794227,35.9096124837386,16.58899087630696,15.950619658501118,6.284620013910249,7.487106009756949
hybrid,-321.83817381027256,-501.9401745227972,-170.12908745310096,-411.8891741665349,-389.6355930581317,-816.7683201115174,168.99485243528324,server,throughput_mbps,16,524288000,native,16,-11.119810521981556,-16.70812949098022,-5.913009815613701,-13.913970006480888,-13.755512457740794,-26.42168705177872,5.243679336103835
hybrid,581.2581073033857,323.0387676966143,1015.625,452.1484375,500.0,0.0,242.29458318142918,server,process_cpu_ms,16,524288000,native,16,22.31061668705852,12.012052972608366,40.880503144654085,17.161334829833443,18.788285497969575,0.0,9.663436543366702
hybrid,4581.0,4581.0,4581.0,4581.0,4581.0,4581.0,0.0,server,handshake_framed_bytes_sent,16,524288000,native,0,,,,,,,
hybrid,1144.0,1144.0,1144.0,1144.0,1144.0,1144.0,0.0,server,handshake_framed_bytes_received,16,524288000,native,0,,,,,,,
hybrid,200225.0,200225.0,200225.0,200225.0,200225.0,200225.0,0.0,server,application_framed_bytes_sent,16,524288000,native,16,0.03817821741762335,0.03817821741762335,0.03817821741762335,0.03817821741762335,0.03817821741762335,0.03817821741762335,0.0
hybrid,200250.0,200250.0,200250.0,200250.0,200250.0,200250.0,0.0,server,application_framed_bytes_received,16,524288000,native,16,0.038182980546109864,0.038182980546109864,0.038182980546109864,0.038182980546109864,0.038182980546109864,0.038182980546109864,0.0
native,3.7918020903830962,-7.439289590383095,20.3226,-1.8237437499999993,-0.06709999999999994,-18.8284,10.538454174686073,client,tcp_connect_ms,16,1073741824,baseline,16,169.9481176044373,-58.61963626532882,754.4212636424382,55.66424066955423,-2.0303744698185753,-87.65794202817584,214.47165319579418
native,0.5581091253854833,0.2315158746145169,0.8664000000000001,0.3948125000000001,0.4072,-0.4722999999999997,0.30645177733753365,client,tls_handshake_ms,16,1073741824,baseline,16,22.434130739781395,10.009036705099488,34.32102677864047,16.221583722440442,16.33838920867338,-14.143259268131994,11.658820693709066
native,4.167892285955932,-7.032254785955932,20.9067,-1.4321812500000002,0.34795,-18.099199999999996,10.50941796417028,client,channel_ready_ms,16,1073741824,baseline,16,92.4275939539237,-37.313302445052656,406.73722301122547,27.557145754435524,6.4622798509819805,-75.32482666200546,121.73958953828343
native,0.010903538119725125,-0.02271603811972512,0.05629999999999999,-0.005906249999999997,-0.0015500000000000097,-0.06240000000000001,0.03154620883191301,client,ping_rtt_ms,16,1073741824,baseline,16,5.583567221066064,-8.02619171236639,28.164082041020507,-1.2213122456501635,-0.73715882226521,-20.26632023384216,12.770425611797494
native,16.197990517395624,-133.1695030173958,55.90189999999984,-58.485756250000094,-25.26520000000005,-515.0826000000002,140.15578632483675,client,upload_send_ms,16,1073741824,baseline,16,0.441228332318671,-4.0239509816263626,1.8864768939913246,-1.7913613246538458,-0.8385622023633759,-14.92136470643447,4.189805311833742
native,95.0839284750363,-117.50921597503627,265.12710000000015,-11.212643749999984,-36.731449999999995,-518.8091999999997,199.4822208135216,client,download_receive_ms,16,1073741824,baseline,16,3.3385308845157216,-3.8456209479726198,9.209087617196765,-0.253545031728449,-1.2859772335712139,-17.232278727497825,6.7410949017825486
native,62.78700223859755,-202.1778397385973,302.8787999999995,-69.69541874999987,-56.36900000000014,-581.6293999999998,248.62408076158732,client,transfer_total_ms,16,1073741824,baseline,16,1.1028229232917999,-3.2946264599946993,5.208626095433619,-1.0959017683514498,-0.9708600728435022,-9.633207020371444,4.12625238298338
native,100.24955476885363,-30.94143303541911,303.3237515011051,34.65406086671726,29.018089396409096,-146.26687819705057,123.10025173018705,client,throughput_mbps,16,1073741824,baseline,16,3.5781860545435658,-1.0246096132027214,10.660118283209474,1.2767882206704222,0.9806924850865768,-4.950759542006501,4.318934668039208
native,5.434933798148535,-202.70055879814853,328.125,-98.6328125,-78.125,-484.375,195.29947873260994,client,process_cpu_ms,16,1073741824,baseline,16,0.141484206711332,-3.510086717897506,6.051873198847262,-1.6843012555930872,-1.4069083724141214,-8.051948051948052,3.426373316897458
native,0.0,0.0,0.0,0.0,0.0,0.0,0.0,client,handshake_framed_bytes_sent,16,1073741824,baseline,0,,,,,,,
native,0.0,0.0,0.0,0.0,0.0,0.0,0.0,client,handshake_framed_bytes_received,16,1073741824,baseline,0,,,,,,,
native,0.0,0.0,0.0,0.0,0.0,0.0,0.0,client,application_framed_bytes_sent,16,1073741824,baseline,16,0.0,0.0,0.0,0.0,0.0,0.0,0.0
native,0.0,0.0,0.0,0.0,0.0,0.0,0.0,client,application_framed_bytes_received,16,1073741824,baseline,16,0.0,0.0,0.0,0.0,0.0,0.0,0.0
native,4.288879939404626,-6.986392439404626,21.040300000000002,-1.3487562499999999,0.4227000000000001,-17.9491,10.579910185817191,server,tls_handshake_ms,16,1073741824,baseline,16,233.93595193056962,-62.85034050999775,1000.5373531789435,85.54280571028593,19.77833001887787,-85.81352431584786,278.48305680882197
native,4.286584352449018,-6.986834352449017,21.0412,-1.3501249999999996,0.4231499999999999,-17.950599999999998,10.578170830630407,server,channel_ready_ms,16,1073741824,baseline,16,233.01328696359508,-62.71016202696664,996.8353231002465,85.15156246831422,19.725921437010605,-85.78214452971929,277.4857604362947
native,0.010187926663357477,-0.06843792666335748,0.03310000000000002,-0.029125,-0.011099999999999999,-0.2603,0.0737768843654072,server,ping_service_ms,16,1073741824,baseline,16,1.7506498825559378,-12.535879555802762,10.069972619409802,-5.3926148366234115,-3.030376672753342,-42.09930454471939,13.405458710597541
native,16.20394001828268,-133.15854001828265,55.88599999999997,-58.477299999999985,-25.16059999999993,-515.0997000000002,140.15108201622522,server,upload_receive_ms,16,1073741824,baseline,16,0.44137517841810103,-4.0234142534766235,1.885873506230829,-1.7910195375292615,-0.835072734559222,-14.921340936588006,4.189439474367759
native,95.08100186858694,-117.57927686858697,265.1280999999999,-11.249137500000018,-36.709550000000036,-519.0852999999997,199.54521483300587,server,download_send_ms,16,1073741824,baseline,16,3.338547281155064,-3.848092592335414,9.209410568490046,-0.2547726555901749,-1.285262206369256,-17.241935048312822,6.743429501733385
native,62.78321420120102,-202.18721420120124,302.85559999999987,-69.70200000000011,-56.383400000000165,-581.6617999999999,248.62932266395282,server,transfer_total_ms,16,1073741824,baseline,16,1.1027393195835522,-3.2947149035201138,5.208121706248518,-1.0959877919682808,-0.9710875426046215,-9.633488995256009,4.1262569243220915
native,100.25030683244297,-30.938522136409134,303.32555862701975,34.65589234801692,29.02434602161202,-146.2504550283884,123.09822603323812,server,throughput_mbps,16,1073741824,baseline,16,3.578283571628385,-1.02452932807866,10.660463581193559,1.2768771217748625,0.9809246859884657,-4.950303856569279,4.31895083728027
native,113.37799046922368,-197.36236546922368,484.375,-41.9921875,-15.625,-734.375,291.5765532295578,server,process_cpu_ms,16,1073741824,baseline,16,2.117400726792689,-3.4016419712532207,9.064327485380117,-0.6421206222302657,-0.28604028958136607,-12.668463611859838,5.178675431979445
native,0.0,0.0,0.0,0.0,0.0,0.0,0.0,server,handshake_framed_bytes_sent,16,1073741824,baseline,0,,,,,,,
native,0.0,0.0,0.0,0.0,0.0,0.0,0.0,server,handshake_framed_bytes_received,16,1073741824,baseline,0,,,,,,,
native,0.0,0.0,0.0,0.0,0.0,0.0,0.0,server,application_framed_bytes_sent,16,1073741824,baseline,16,0.0,0.0,0.0,0.0,0.0,0.0,0.0
native,0.0,0.0,0.0,0.0,0.0,0.0,0.0,server,application_framed_bytes_received,16,1073741824,baseline,16,0.0,0.0,0.0,0.0,0.0,0.0,0.0
hybrid,4.782665315191734,-7.178902815191732,12.8728,-1.1981187499999995,0.07105000000000006,-23.0181,11.223881095664948,client,tcp_connect_ms,16,1073741824,baseline,16,171.48354514498573,-10.877769252113879,368.2604499220432,80.30288794643593,2.6979498242775213,-89.08864316317882,171.1148310097534
hybrid,0.025282628858632472,-0.22572012885863235,0.09820000000000029,-0.10021874999999994,-0.03990000000000005,-0.8018000000000001,0.23552305823068226,client,tls_handshake_ms,16,1073741824,baseline,16,0.8460842159901905,-7.343330913485216,4.206828599580186,-3.248623348747513,-1.5797078332305654,-24.01030125172187,7.684362171778631
hybrid,7.009059043540828,-5.015509043540829,15.4319,0.996775,2.683149999999999,-20.974700000000002,11.28299575482209,client,channel_ready_ms,16,1073741824,baseline,16,122.92364249078557,1.2416828354199936,233.10246882356375,62.08266266310278,49.339492013199525,-73.89751087779872,114.17765896347734
hybrid,0.01687409534136125,-0.015299095341361243,0.0504,0.0007875000000000035,0.006000000000000005,-0.06509999999999999,0.030189023943590264,client,ping_rtt_ms,16,1073741824,baseline,16,8.274291665150232,-4.518288276329461,24.82758620689655,1.878001694410385,2.742286372354621,-20.92574734811957,12.003643218420857
hybrid,570.9953149464434,428.8429225535564,637.8571999999999,499.9191187499999,540.5837499999998,70.27619999999979,133.3856508018671,client,upload_send_ms,16,1073741824,baseline,16,19.324075357695566,14.352337763749725,21.85629591963306,16.838206560722647,18.2152763974616,2.035822624142859,4.665123417351347
hybrid,516.1408844395754,359.2363030604246,610.1974,437.68859375,470.83574999999996,105.92500000000018,147.22805116925898,client,download_receive_ms,16,1073741824,baseline,16,17.724868257881603,12.161383823616543,21.183692278445307,14.943126040749073,15.961675463947838,3.6792640429875654,5.220376382688544
hybrid,1031.4735918793456,843.7608706206547,1248.063,937.6172312500001,956.6474500000004,590.4574000000002,176.13620894735493,client,transfer_total_ms,16,1073741824,baseline,16,17.557160370035263,14.126487753647782,21.5220568391592,15.841824061841523,16.15309212162677,9.339040518258773,3.2190981236548337
hybrid,-354.204747812667,-436.15001408942106,-232.09219907395027,-395.17738095104403,-403.4128537912002,-524.6815352837561,76.89158436565334,client,throughput_mbps,16,1073741824,baseline,16,-12.32072418780222,-14.90383997296317,-8.541359494278003,-13.612282080382695,-13.906336993410335,-17.71041191941375,2.42381133585135
hybrid,1061.1696950600756,835.3146799399244,1328.125,948.2421875,953.125,546.875,211.9262129293177,client,process_cpu_ms,16,1073741824,baseline,16,19.228606906177973,14.79486378672113,24.853801169590643,17.01173534644955,17.086834733893557,9.090909090909092,4.160307832474041
hybrid,1144.0,1144.0,1144.0,1144.0,1144.0,1144.0,0.0,client,handshake_framed_bytes_sent,16,1073741824,baseline,0,,,,,,,
hybrid,4581.0,4581.0,4581.0,4581.0,4581.0,4581.0,0.0,client,handshake_framed_bytes_received,16,1073741824,baseline,0,,,,,,,
hybrid,410000.0,410000.0,410000.0,410000.0,410000.0,410000.0,0.0,client,application_framed_bytes_sent,16,1073741824,baseline,16,0.038172560575812926,0.038172560575812926,0.038172560575812926,0.038172560575812926,0.038172560575812926,0.038172560575812926,0.0
hybrid,409975.0,409975.0,409975.0,409975.0,409975.0,409975.0,0.0,client,application_framed_bytes_received,16,1073741824,baseline,16,0.03817023482862882,0.03817023482862882,0.03817023482862882,0.03817023482862882,0.03817023482862882,0.03817023482862882,0.0
hybrid,4.808884958396084,-7.324822458396084,12.788900000000002,-1.25796875,0.040200000000000236,-23.4007,11.385404305789569,server,tls_handshake_ms,16,1073741824,baseline,16,215.97455654695227,-8.201036244228916,481.4684483332541,103.88676015136167,1.921720157154228,-91.39791665852964,210.35036298018895
hybrid,7.286045023674008,-4.794370023674007,15.544400000000001,1.2458375000000004,2.80735,-21.080199999999998,11.335398553079933,server,channel_ready_ms,16,1073741824,baseline,16,290.1293190252163,27.942453191311984,583.1343566420315,159.03588610826415,73.26447504297587,-82.30691441801989,246.01742638491848
hybrid,-0.20434733295099944,-0.28370266704900055,-0.16279999999999997,-0.244025,-0.22585000000000002,-0.48429999999999995,0.07446137701296335,server,ping_service_ms,16,1073741824,baseline,16,-59.625194081614445,-66.76446972769786,-49.124924562462276,-63.19483190465615,-63.52836966861646,-78.32767265081675,6.698986294052728
hybrid,571.0337123096022,428.87062519039773,637.9091000000003,499.95216874999994,540.61205,70.27839999999969,133.3956859690984,server,upload_receive_ms,16,1073741824,baseline,16,19.32467153479012,14.352708028036533,21.85730286991648,16.838689781413326,18.220320846657057,2.035815526349368,4.665335397792746
hybrid,516.0934570003783,359.18013049962184,610.1240000000003,437.63679375000004,470.76279999999997,105.81680000000006,147.2362569666927,server,download_send_ms,16,1073741824,baseline,16,17.723876127985655,12.15996366825035,21.181857406053958,14.941919898118002,15.955572824991489,3.675620789511932,5.220778011215136
hybrid,1031.4856971870397,843.7747028129604,1248.1059000000005,937.6302000000001,956.6343499999998,590.4723000000004,176.13458856219015,server,transfer_total_ms,16,1073741824,baseline,16,17.55704240190131,14.126445093728812,21.52244292522916,15.84174374781506,16.15252059461269,9.339090510850712,3.219027459805302
hybrid,-354.1971884797489,-436.1393349883191,-232.0887210921137,-395.168261734034,-403.39177885641607,-524.6806580687276,76.88865699804067,server,throughput_mbps,16,1073741824,baseline,16,-12.32070013925256,-14.903750224031251,-8.54140131147691,-13.612225181641906,-13.905912420200679,-17.710673359711507,2.4237496873057465
hybrid,1025.0239467579786,760.1323032420214,1171.875,892.578125,968.75,421.875,248.55539655426915,server,process_cpu_ms,16,1073741824,baseline,16,18.589555150266424,13.60476324940147,21.92982456140351,16.097159199833946,17.342962661575537,7.124010554089709,4.677372646469914
hybrid,4581.0,4581.0,4581.0,4581.0,4581.0,4581.0,0.0,server,handshake_framed_bytes_sent,16,1073741824,baseline,0,,,,,,,
hybrid,1144.0,1144.0,1144.0,1144.0,1144.0,1144.0,0.0,server,handshake_framed_bytes_received,16,1073741824,baseline,0,,,,,,,
hybrid,409975.0,409975.0,409975.0,409975.0,409975.0,409975.0,0.0,server,application_framed_bytes_sent,16,1073741824,baseline,16,0.03817023482862882,0.03817023482862882,0.03817023482862882,0.03817023482862882,0.03817023482862882,0.03817023482862882,0.0
hybrid,410000.0,410000.0,410000.0,410000.0,410000.0,410000.0,0.0,server,application_framed_bytes_received,16,1073741824,baseline,16,0.038172560575812926,0.038172560575812926,0.038172560575812926,0.038172560575812926,0.038172560575812926,0.038172560575812926,0.0
hybrid,5.299946075111896,-4.048696075111895,18.781100000000002,0.6256250000000001,-0.011949999999999683,-13.848099999999999,8.77209800222653,client,tcp_connect_ms,16,1073741824,native,16,153.83142207228354,-9.113038020257093,354.4219811099836,72.35919202601323,-0.45029368569426975,-76.98433744924174,152.89544191371576
hybrid,-0.4078334004859069,-0.5822290995140932,-0.24239999999999995,-0.49503125000000003,-0.4828000000000001,-0.8959999999999999,0.16364046654683756,client,tls_handshake_ms,16,1073741824,native,16,-14.079461636641241,-18.87831881418498,-8.260069515436514,-16.47889022541311,-16.54187229793473,-26.424442609413706,4.502904783781263
hybrid,7.089170119896631,-2.23125761989663,20.240000000000002,2.42895625,1.83255,-11.936799999999998,8.745623614888286,client,channel_ready_ms,16,1073741824,native,16,104.60312310899573,4.867877089918842,237.5112946947206,54.73550009945729,30.75983349299087,-47.963505341452624,93.58443058327701
hybrid,0.0209919544292589,-0.007604454429258901,0.0456,0.00669375,0.009550000000000017,-0.040500000000000036,0.02683282737618234,client,ping_rtt_ms,16,1073741824,native,16,10.056535054900179,-2.3294603963094125,21.318373071528754,3.8635373292953834,4.56099570478499,-15.346722243273978,11.622133375865886
hybrid,601.2617558010969,515.547994198903,727.1916000000001,558.404875,566.5079000000001,381.2971000000002,80.42767118815512,client,upload_send_ms,16,1073741824,native,16,20.61023557587171,17.42681963801584,25.81580776401637,19.018527606943774,19.12719475101617,12.629084768267292,2.9870901185423064
hybrid,577.7447946310137,320.05768036898627,980.9204999999997,448.9012375,446.2137500000001,-159.20209999999997,241.79518093580455,client,download_receive_ms,16,1073741824,native,16,20.674457924682358,10.776447536510219,39.36478231056128,15.725452730596288,14.897386170876054,-5.063519616236075,9.287585914284225
hybrid,1141.328866389057,873.2964336109432,1490.1386999999995,1007.3126500000001,1020.7388000000001,463.7345999999998,251.5024888452411,client,transfer_total_ms,16,1073741824,native,16,19.792077014479464,14.746806334101233,27.311299601409427,17.26944167429035,17.531430935885126,7.616607689581727,4.734121613049281
hybrid,-369.6876683185307,-489.97521531699186,-199.707432254997,-429.8314418177613,-432.6915046260558,-675.4775821247526,112.8692417318243,client,throughput_mbps,16,1073741824,native,16,-12.749783057402677,-16.441066136470667,-7.077539287943076,-14.595424596936672,-14.915796001255345,-21.45237672297478,3.463636365926122
hybrid,1145.5767300706525,948.1732699293476,1343.75,1046.875,1046.875,656.25,185.22930608662693,client,process_cpu_ms,16,1073741824,native,16,20.993723683939237,17.136895896155018,25.294117647058822,19.065309790047127,19.08831908831909,11.41304347826087,3.618971695407532
hybrid,1144.0,1144.0,1144.0,1144.0,1144.0,1144.0,0.0,client,handshake_framed_bytes_sent,16,1073741824,native,0,,,,,,,
hybrid,4581.0,4581.0,4581.0,4581.0,4581.0,4581.0,0.0,client,handshake_framed_bytes_received,16,1073741824,native,0,,,,,,,
hybrid,410000.0,410000.0,410000.0,410000.0,410000.0,410000.0,0.0,client,application_framed_bytes_sent,16,1073741824,native,16,0.038172560575812926,0.038172560575812926,0.038172560575812926,0.038172560575812926,0.038172560575812926,0.038172560575812926,0.0
hybrid,409975.0,409975.0,409975.0,409975.0,409975.0,409975.0,0.0,client,application_framed_bytes_received,16,1073741824,native,16,0.03817023482862882,0.03817023482862882,0.03817023482862882,0.03817023482862882,0.03817023482862882,0.03817023482862882,0.0
hybrid,4.845347802154412,-4.663772802154411,18.4023,0.09078749999999985,-0.4962,-14.508700000000001,8.922679520254366,server,tls_handshake_ms,16,1073741824,native,16,148.32817181105315,-17.816722385474705,342.24141315014725,65.25572471278922,-18.23534353085011,-82.63493127723768,155.89850066371525
hybrid,7.30522331659441,-2.1132983165944106,20.585,2.5959624999999997,2.1115500000000003,-11.813300000000002,8.83766791741464,server,channel_ready_ms,16,1073741824,native,16,209.94503279188194,23.137744479687,426.66744904745144,116.54138863578447,63.223461803079154,-60.449142039206095,175.28661534718526
hybrid,-0.2011616543633909,-0.22863834563660906,-0.1606,-0.21489999999999998,-0.221,-0.25159999999999993,0.025782164377724365,server,ping_service_ms,16,1073741824,native,16,-58.09721588290045,-63.84366574584215,-48.78493317132442,-60.9704408143713,-62.66211162905152,-67.13828083288841,5.3920580713851685
hybrid,601.2706802241487,515.5882572758512,727.1392000000001,558.42946875,566.5235499999999,381.34029999999984,80.39826523391926,server,upload_receive_ms,16,1073741824,native,16,20.609620718991973,17.42748157292848,25.812288926425705,19.018551145960227,19.126942969787493,12.630142881732382,2.985892068328038
hybrid,577.7584590484494,320.01340345155063,981.1079999999997,448.88593125,446.1378000000002,-159.31129999999985,241.8495489455864,server,download_send_ms,16,1073741824,native,16,20.67679094932891,10.775332229145366,39.378009918794696,15.726061589237139,14.895218249794288,-5.067136385199727,9.290821582722717
hybrid,1141.3493079402115,873.3150920597888,1490.1454999999996,1007.3322000000002,1020.7746999999999,463.7434000000003,251.50416198107732,server,transfer_total_ms,16,1073741824,native,16,19.79206522406512,14.7468597752534,27.31078752881739,17.26946249965926,17.531692528102973,7.61660185633231,4.734060404406883
hybrid,-369.6823053907843,-489.9660027733175,-199.70334753957832,-429.8241540820509,-432.6806391385028,-675.4518871674504,112.86562952722299,server,throughput_mbps,16,1073741824,native,16,-12.749823555092608,-16.441062457935836,-7.077534251174769,-14.595443006514222,-14.915982786486026,-21.452060786785623,3.463594914112399
hybrid,1103.3836005613323,765.7570244386677,1578.125,934.5703125,953.125,187.5,316.80466171585266,server,process_cpu_ms,16,1073741824,native,16,20.420491002720638,13.714789404957417,31.17283950617284,17.067640203839026,16.946890022299556,3.314917127071823,6.292151378139751
hybrid,4581.0,4581.0,4581.0,4581.0,4581.0,4581.0,0.0,server,handshake_framed_bytes_sent,16,1073741824,native,0,,,,,,,
hybrid,1144.0,1144.0,1144.0,1144.0,1144.0,1144.0,0.0,server,handshake_framed_bytes_received,16,1073741824,native,0,,,,,,,
hybrid,409975.0,409975.0,409975.0,409975.0,409975.0,409975.0,0.0,server,application_framed_bytes_sent,16,1073741824,native,16,0.03817023482862882,0.03817023482862882,0.03817023482862882,0.03817023482862882,0.03817023482862882,0.03817023482862882,0.0
hybrid,410000.0,410000.0,410000.0,410000.0,410000.0,410000.0,0.0,server,application_framed_bytes_received,16,1073741824,native,16,0.038172560575812926,0.038172560575812926,0.038172560575812926,0.038172560575812926,0.038172560575812926,0.038172560575812926,0.0
