success,mode,payload_bytes,error_type,error,completed_utc,execution_order,repetition,run_id,client_success,client_endpoint,client_mode,client_payload_bytes,client_tls_version,client_tls_cipher,client_tls_group,client_alpn,client_error_type,client_error,client_tcp_connect_ms,client_tls_handshake_ms,client_tls_exporter_ms,client_pqc_handshake_ms,client_pqc_kem_keygen_ms,client_pqc_signature_sign_ms,client_pqc_signature_verify_ms,client_pqc_encapsulation_ms,client_pqc_decapsulation_ms,client_pqc_kdf_ms,client_channel_ready_ms,client_ping_rtt_ms,client_ping_service_ms,client_upload_send_ms,client_upload_receive_ms,client_download_send_ms,client_download_receive_ms,client_transfer_total_ms,client_throughput_mbps,client_process_cpu_ms,client_handshake_framed_bytes_sent,client_handshake_framed_bytes_received,client_application_framed_bytes_sent,client_application_framed_bytes_received,server_success,server_endpoint,server_mode,server_payload_bytes,server_tls_version,server_tls_cipher,server_tls_group,server_alpn,server_error_type,server_error,server_tcp_connect_ms,server_tls_handshake_ms,server_tls_exporter_ms,server_pqc_handshake_ms,server_pqc_kem_keygen_ms,server_pqc_signature_sign_ms,server_pqc_signature_verify_ms,server_pqc_encapsulation_ms,server_pqc_decapsulation_ms,server_pqc_kdf_ms,server_channel_ready_ms,server_ping_rtt_ms,server_ping_service_ms,server_upload_send_ms,server_upload_receive_ms,server_download_send_ms,server_download_receive_ms,server_transfer_total_ms,server_throughput_mbps,server_process_cpu_ms,server_handshake_framed_bytes_sent,server_handshake_framed_bytes_received,server_application_framed_bytes_sent,server_application_framed_bytes_received
True,native,102400,,,2026-09-05T08:47:09.497602+00:00,1,1,0001-native-102400-r1,True,client,native,102400,TLSv1.3,TLS_AES_256_GCM_SHA384,X25519MLKEM768,qcomm/baseline/1,,,20.324,3.4739,,,,,,,,,23.8603,0.307,,0.7876,,,0.9582,1.8086,905.8940617051862,0.0,0,0,102640,102588,True,server,native,102400,TLSv1.3,TLS_AES_256_GCM_SHA384,X25519MLKEM768,qcomm/baseline/1,,,,21.0182,,,,,,,,,21.0282,,0.377,,1.0555,0.613,,1.9369,845.8877587898188,0.0,0,0,102588,102640
True,hybrid,1073741824,,,2026-09-05T08:47:17.043790+00:00,2,1,0002-hybrid-1073741824-r1,True,client,hybrid,1073741824,TLSv1.3,TLS_AES_256_GCM_SHA384,X25519,qcomm/hybrid/1,,,17.5107,2.6166,0.0464,2.4684,,,0.2336,0.2542,,0.1339,22.7025,0.227,,3540.127,,,3399.2559,6939.4684,2475.6751084852554,6718.75,1144,4581,1074479944,1074479867,True,server,hybrid,1073741824,TLSv1.3,TLS_AES_256_GCM_SHA384,X25519,qcomm/hybrid/1,,,,17.2117,0.0591,2.6604,0.2773,0.9225,,,0.0998,0.1225,19.9765,,0.1366,,3540.2704,3399.0893,,6939.5823,2475.634475002912,6531.25,4581,1144,1074479867,1074479944
True,native,1024,,,2026-09-05T08:47:17.646835+00:00,3,1,0003-native-1024-r1,True,client,native,1024,TLSv1.3,TLS_AES_256_GCM_SHA384,X25519MLKEM768,qcomm/baseline/1,,,17.6886,3.0557,,,,,,,,,20.7667,0.3188,,0.3569,,,0.4068,0.8333,19.661586463458537,0.0,0,0,1244,1192,True,server,native,1024,TLSv1.3,TLS_AES_256_GCM_SHA384,X25519MLKEM768,qcomm/baseline/1,,,,17.8749,,,,,,,,,17.8841,,0.3644,,0.5262,0.3089,,1.002,16.35129740518962,15.625,0,0,1192,1244
True,baseline,1024,,,2026-09-05T08:47:18.248278+00:00,4,1,0004-baseline-1024-r1,True,client,baseline,1024,TLSv1.3,TLS_AES_256_GCM_SHA384,X25519,qcomm/baseline/1,,,15.4302,2.5457,,,,,,,,,17.9961,0.3187,,0.4669,,,0.3718,0.901,18.1842397336293,0.0,0,0,1244,1192,True,server,baseline,1024,TLSv1.3,TLS_AES_256_GCM_SHA384,X25519,qcomm/baseline/1,,,,14.8759,,,,,,,,,14.8845,,0.3977,,0.5798,0.2911,,1.0149,16.143462410089665,0.0,0,0,1192,1244
True,hybrid,1048576,,,2026-09-05T08:47:18.883920+00:00,5,1,0005-hybrid-1048576-r1,True,client,hybrid,1048576,TLSv1.3,TLS_AES_256_GCM_SHA384,X25519,qcomm/hybrid/1,,,21.6364,2.4684,0.0434,2.1224,,,0.2203,0.2459,,0.1224,26.3309,0.2984,,4.0431,,,3.943,8.0541,2083.065271104158,0.0,1144,4581,1049641,1049564,True,server,hybrid,1048576,TLSv1.3,TLS_AES_256_GCM_SHA384,X25519,qcomm/hybrid/1,,,,21.2502,0.0565,2.3112,0.2445,0.5155,,,0.1069,0.1217,23.6607,,0.136,,4.2414,3.7579,,8.2291,2038.7668153260984,0.0,4581,1144,1049564,1049641
True,baseline,102400,,,2026-09-05T08:47:19.489315+00:00,6,1,0006-baseline-102400-r1,True,client,baseline,102400,TLSv1.3,TLS_AES_256_GCM_SHA384,X25519,qcomm/baseline/1,,,2.913,2.6671,,,,,,,,,5.607,0.2561,,0.7366,,,0.8856,1.6815,974.3681236990782,15.625,0,0,102640,102588,True,server,baseline,102400,TLSv1.3,TLS_AES_256_GCM_SHA384,X25519,qcomm/baseline/1,,,,2.3272,,,,,,,,,2.3365,,0.4341,,0.911,0.6698,,1.7878,916.433605548719,15.625,0,0,102588,102640
True,baseline,1073741824,,,2026-09-05T08:47:26.222625+00:00,7,1,0007-baseline-1073741824-r1,True,client,baseline,1073741824,TLSv1.3,TLS_AES_256_GCM_SHA384,X25519,qcomm/baseline/1,,,4.6379,2.612,,,,,,,,,7.2706,0.1999,,3023.8773,,,3075.0588,6099.0079,2816.830124781442,5515.625,0,0,1074069944,1074069892,True,server,baseline,1073741824,TLSv1.3,TLS_AES_256_GCM_SHA384,X25519,qcomm/baseline/1,,,,4.4228,,,,,,,,,4.4321,,0.3773,,3023.958,3074.9973,,6099.108,2816.783894300609,5562.5,0,0,1074069892,1074069944
True,hybrid,104857600,,,2026-09-05T08:47:27.493256+00:00,8,1,0008-hybrid-104857600-r1,True,client,hybrid,104857600,TLSv1.3,TLS_AES_256_GCM_SHA384,X25519,qcomm/hybrid/1,,,7.951,2.5078,0.0548,2.1508,,,0.2317,0.2461,,0.1331,12.732,0.225,,343.3077,,,331.7761,675.1881,2484.821044683696,671.875,1144,4581,104929990,104929913,True,server,hybrid,104857600,TLSv1.3,TLS_AES_256_GCM_SHA384,X25519,qcomm/hybrid/1,,,,7.7572,0.0563,2.2715,0.2621,0.5649,,,0.1013,0.1178,10.1279,,0.1436,,343.4379,331.5543,,675.298,2484.416657534896,640.625,4581,1144,104929913,104929990
True,hybrid,1024,,,2026-09-05T08:47:28.092728+00:00,9,1,0009-hybrid-1024-r1,True,client,hybrid,1024,TLSv1.3,TLS_AES_256_GCM_SHA384,X25519,qcomm/hybrid/1,,,22.8532,2.7461,0.0454,2.5564,,,0.2286,0.2451,,0.1328,28.2669,0.2402,,0.3555,,,0.4369,0.8613,19.02240798792523,0.0,1144,4581,1369,1292,True,server,hybrid,1024,TLSv1.3,TLS_AES_256_GCM_SHA384,X25519,qcomm/hybrid/1,,,,22.7843,0.0568,2.7981,0.283,1.0295,,,0.107,0.1174,25.684,,0.1227,,0.4823,0.3411,,1.003,16.334995014955137,0.0,4581,1144,1292,1369
True,hybrid,102400,,,2026-09-05T08:47:28.701587+00:00,10,1,0010-hybrid-102400-r1,True,client,hybrid,102400,TLSv1.3,TLS_AES_256_GCM_SHA384,X25519,qcomm/hybrid/1,,,19.7947,2.7375,0.0441,1.9407,,,0.2301,0.2401,,0.1233,24.577,0.2426,,0.8465,,,1.0175,1.9268,850.3217770396512,0.0,1144,4581,102790,102713,True,server,hybrid,102400,TLSv1.3,TLS_AES_256_GCM_SHA384,X25519,qcomm/hybrid/1,,,,19.6723,0.0798,2.1589,0.3039,0.4009,,,0.1075,0.1136,21.9542,,0.123,,1.1057,0.7184,,2.0643,793.6830886983481,15.625,4581,1144,102713,102790
True,native,104857600,,,2026-09-05T08:47:29.849686+00:00,11,1,0011-native-104857600-r1,True,client,native,104857600,TLSv1.3,TLS_AES_256_GCM_SHA384,X25519MLKEM768,qcomm/baseline/1,,,2.57,3.0772,,,,,,,,,5.6651,0.2252,,291.0613,,,279.1622,570.2914,2941.8672629466273,546.875,0,0,104889840,104889788,True,server,native,104857600,TLSv1.3,TLS_AES_256_GCM_SHA384,X25519MLKEM768,qcomm/baseline/1,,,,2.762,,,,,,,,,2.7716,,0.3785,,291.1286,279.0991,,570.3839,2941.390175984981,531.25,0,0,104889788,104889840
True,hybrid,524288000,,,2026-09-05T08:47:33.862631+00:00,12,1,0012-hybrid-524288000-r1,True,client,hybrid,524288000,TLSv1.3,TLS_AES_256_GCM_SHA384,X25519,qcomm/hybrid/1,,,12.3508,2.7585,0.0489,1.9941,,,0.2355,0.2529,,0.1245,17.2094,0.2531,,1732.0395,,,1671.4667,3403.5919,2464.633906315267,3171.875,1144,4581,524648570,524648493,True,server,hybrid,524288000,TLSv1.3,TLS_AES_256_GCM_SHA384,X25519,qcomm/hybrid/1,,,,12.2652,0.0572,2.2349,0.272,0.4733,,,0.0989,0.116,14.6101,,0.1242,,1732.143,1671.3524,,3403.7009,2464.554978964221,3171.875,4581,1144,524648493,524648570
True,native,1073741824,,,2026-09-05T08:47:40.425134+00:00,13,1,0013-native-1073741824-r1,True,client,native,1073741824,TLSv1.3,TLS_AES_256_GCM_SHA384,X25519MLKEM768,qcomm/baseline/1,,,8.099,2.975,,,,,,,,,11.0937,0.2562,,2984.073,,,2987.7134,5971.8546,2876.80634153417,5562.5,0,0,1074069944,1074069892,True,server,native,1073741824,TLSv1.3,TLS_AES_256_GCM_SHA384,X25519MLKEM768,qcomm/baseline/1,,,,8.2055,,,,,,,,,8.2147,,0.3392,,2984.3384,2987.4495,,5971.9735,2876.749065279677,5656.25,0,0,1074069892,1074069944
True,native,1048576,,,2026-09-05T08:47:41.029410+00:00,14,1,0014-native-1048576-r1,True,client,native,1048576,TLSv1.3,TLS_AES_256_GCM_SHA384,X25519MLKEM768,qcomm/baseline/1,,,2.6901,2.9582,,,,,,,,,5.6669,0.2311,,3.8231,,,3.3693,7.2511,2313.747707244418,15.625,0,0,1049116,1049064,True,server,native,1048576,TLSv1.3,TLS_AES_256_GCM_SHA384,X25519MLKEM768,qcomm/baseline/1,,,,2.5755,,,,,,,,,2.585,,0.4469,,3.9497,3.2223,,7.3363,2286.87703610812,15.625,0,0,1049064,1049116
True,baseline,524288000,,,2026-09-05T08:47:44.524427+00:00,15,1,0015-baseline-524288000-r1,True,client,baseline,524288000,TLSv1.3,TLS_AES_256_GCM_SHA384,X25519,qcomm/baseline/1,,,2.6038,2.6278,,,,,,,,,5.251,0.2361,,1424.8443,,,1485.1554,2910.0895,2882.594504395827,2640.625,0,0,524448320,524448268,True,server,baseline,524288000,TLSv1.3,TLS_AES_256_GCM_SHA384,X25519,qcomm/baseline/1,,,,2.2156,,,,,,,,,2.224,,0.368,,1424.9497,1485.0936,,2910.1952,2882.4898068693124,2703.125,0,0,524448268,524448320
True,baseline,104857600,,,2026-09-05T08:47:45.742410+00:00,16,1,0016-baseline-104857600-r1,True,client,baseline,104857600,TLSv1.3,TLS_AES_256_GCM_SHA384,X25519,qcomm/baseline/1,,,18.9406,2.7738,,,,,,,,,21.7658,0.2412,,301.4132,,,314.6081,616.1017,2723.1244452011733,546.875,0,0,104889840,104889788,True,server,baseline,104857600,TLSv1.3,TLS_AES_256_GCM_SHA384,X25519,qcomm/baseline/1,,,,18.3494,,,,,,,,,18.3585,,0.3784,,301.5735,314.4821,,616.2138,2722.629061536759,531.25,0,0,104889788,104889840
True,baseline,1048576,,,2026-09-05T08:47:46.352671+00:00,17,1,0017-baseline-1048576-r1,True,client,baseline,1048576,TLSv1.3,TLS_AES_256_GCM_SHA384,X25519,qcomm/baseline/1,,,11.012,2.5619,,,,,,,,,13.5999,0.2386,,3.5346,,,3.0237,6.6164,2535.7015899885137,15.625,0,0,1049116,1049064,True,server,baseline,1048576,TLSv1.3,TLS_AES_256_GCM_SHA384,X25519,qcomm/baseline/1,,,,10.7192,,,,,,,,,10.728,,0.367,,3.6483,2.8994,,6.7047,2502.306740048026,15.625,0,0,1049064,1049116
True,native,524288000,,,2026-09-05T08:47:49.738525+00:00,18,1,0018-native-524288000-r1,True,client,native,524288000,TLSv1.3,TLS_AES_256_GCM_SHA384,X25519MLKEM768,qcomm/baseline/1,,,2.7434,2.9451,,,,,,,,,5.7073,0.2216,,1417.1543,,,1366.5763,2783.8067,3013.3586502252474,2734.375,0,0,524448320,524448268,True,server,native,524288000,TLSv1.3,TLS_AES_256_GCM_SHA384,X25519MLKEM768,qcomm/baseline/1,,,,2.6182,,,,,,,,,2.6266,,0.3893,,1417.2531,1366.4548,,2783.9093,3013.24759394999,2593.75,0,0,524448268,524448320
True,native,1073741824,,,2026-09-05T08:47:56.425921+00:00,19,2,0019-native-1073741824-r2,True,client,native,1073741824,TLSv1.3,TLS_AES_256_GCM_SHA384,X25519MLKEM768,qcomm/baseline/1,,,5.5279,2.9685,,,,,,,,,8.5217,0.2103,,3019.1982,,,3098.5447,6117.8249,2808.1662134527583,5593.75,0,0,1074069944,1074069892,True,server,native,1073741824,TLSv1.3,TLS_AES_256_GCM_SHA384,X25519MLKEM768,qcomm/baseline/1,,,,5.6159,,,,,,,,,5.6248,,0.3587,,3019.2873,3098.4635,,6117.9194,2808.122837316229,5687.5,0,0,1074069892,1074069944
True,hybrid,1073741824,,,2026-09-05T08:48:03.843031+00:00,20,2,0020-hybrid-1073741824-r2,True,client,hybrid,1073741824,TLSv1.3,TLS_AES_256_GCM_SHA384,X25519,qcomm/hybrid/1,,,24.309,2.4325,0.0439,1.9147,,,0.234,0.2223,,0.1227,28.7617,0.2524,,3400.4953,,,3409.7288,6810.3067,2522.627825851074,6640.625,1144,4581,1074479944,1074479867,True,server,hybrid,1073741824,TLSv1.3,TLS_AES_256_GCM_SHA384,X25519,qcomm/hybrid/1,,,,24.0182,0.0548,2.0933,0.2473,0.3931,,,0.1081,0.1161,26.2098,,0.1336,,3400.6276,3409.5715,,6810.4457,2522.5763394604264,6531.25,4581,1144,1074479867,1074479944
True,baseline,1024,,,2026-09-05T08:48:04.446602+00:00,21,2,0021-baseline-1024-r2,True,client,baseline,1024,TLSv1.3,TLS_AES_256_GCM_SHA384,X25519,qcomm/baseline/1,,,27.4615,2.4416,,,,,,,,,29.9325,0.1963,,0.3744,,,0.3275,0.7551,21.697788372401007,15.625,0,0,1244,1192,True,server,baseline,1024,TLSv1.3,TLS_AES_256_GCM_SHA384,X25519,qcomm/baseline/1,,,,27.1293,,,,,,,,,27.1379,,0.3369,,0.4437,0.2789,,0.8261,19.832950006052535,15.625,0,0,1192,1244
True,hybrid,104857600,,,2026-09-05T08:48:05.665802+00:00,22,2,0022-hybrid-104857600-r2,True,client,hybrid,104857600,TLSv1.3,TLS_AES_256_GCM_SHA384,X25519,qcomm/hybrid/1,,,2.7921,2.4867,0.0472,2.305,,,0.2363,0.228,,0.1298,7.6857,0.247,,343.624,,,305.5096,649.2183,2584.217974139053,640.625,1144,4581,104929990,104929913,True,server,hybrid,104857600,TLSv1.3,TLS_AES_256_GCM_SHA384,X25519,qcomm/hybrid/1,,,,2.2215,0.0605,2.4803,0.2773,0.7689,,,0.0994,0.1215,4.8035,,0.1652,,343.7471,305.3934,,649.3291,2583.7770092238284,609.375,4581,1144,104929913,104929990
True,hybrid,102400,,,2026-09-05T08:48:06.237618+00:00,23,2,0023-hybrid-102400-r2,True,client,hybrid,102400,TLSv1.3,TLS_AES_256_GCM_SHA384,X25519,qcomm/hybrid/1,,,2.604,2.2952,0.0432,1.7798,,,0.2259,0.2167,,0.122,6.7764,0.2327,,0.7956,,,0.8901,1.7492,936.6567573747999,15.625,1144,4581,102790,102713,True,server,hybrid,102400,TLSv1.3,TLS_AES_256_GCM_SHA384,X25519,qcomm/hybrid/1,,,,2.0063,0.0546,1.9677,0.2283,0.3926,,,0.0943,0.1136,4.0695,,0.1519,,1.0048,0.6391,,1.8424,889.274858879722,15.625,4581,1144,102713,102790
True,native,524288000,,,2026-09-05T08:48:09.759495+00:00,24,2,0024-native-524288000-r2,True,client,native,524288000,TLSv1.3,TLS_AES_256_GCM_SHA384,X25519MLKEM768,qcomm/baseline/1,,,25.5265,3.0693,,,,,,,,,28.619,0.2586,,1470.9423,,,1451.6256,2922.6396,2870.216361948972,2640.625,0,0,524448320,524448268,True,server,native,524288000,TLSv1.3,TLS_AES_256_GCM_SHA384,X25519MLKEM768,qcomm/baseline/1,,,,25.7669,,,,,,,,,25.7759,,0.377,,1471.0669,1451.4839,,2922.7464,2870.1114814477232,2609.375,0,0,524448268,524448320
True,baseline,104857600,,,2026-09-05T08:48:10.930804+00:00,25,2,0025-baseline-104857600-r2,True,client,baseline,104857600,TLSv1.3,TLS_AES_256_GCM_SHA384,X25519,qcomm/baseline/1,,,18.15,2.4832,,,,,,,,,20.6563,0.2277,,283.0412,,,295.7393,578.8543,2898.348686362009,546.875,0,0,104889840,104889788,True,server,baseline,104857600,TLSv1.3,TLS_AES_256_GCM_SHA384,X25519,qcomm/baseline/1,,,,17.7553,,,,,,,,,17.7641,,0.3371,,283.2387,295.5582,,578.9581,2897.8290484233667,515.625,0,0,104889788,104889840
True,baseline,1073741824,,,2026-09-05T08:48:17.328957+00:00,26,2,0026-baseline-1073741824-r2,True,client,baseline,1073741824,TLSv1.3,TLS_AES_256_GCM_SHA384,X25519,qcomm/baseline/1,,,16.112,2.3343,,,,,,,,,18.4796,0.2588,,2963.2963,,,2851.5749,5814.9461,2954.433091649809,5593.75,0,0,1074069944,1074069892,True,server,baseline,1073741824,TLSv1.3,TLS_AES_256_GCM_SHA384,X25519,qcomm/baseline/1,,,,15.6469,,,,,,,,,15.6553,,0.3548,,2963.4013,2851.4789,,5815.0638,2954.3732923446173,5421.875,0,0,1074069892,1074069944
True,hybrid,524288000,,,2026-09-05T08:48:21.233771+00:00,27,2,0027-hybrid-524288000-r2,True,client,hybrid,524288000,TLSv1.3,TLS_AES_256_GCM_SHA384,X25519,qcomm/hybrid/1,,,21.8969,2.3665,0.0456,2.2937,,,0.2285,0.2177,,0.1243,26.6593,0.2372,,1686.9366,,,1626.0117,3313.0314,2532.0037715308104,3156.25,1144,4581,524648570,524648493,True,server,hybrid,524288000,TLSv1.3,TLS_AES_256_GCM_SHA384,X25519,qcomm/hybrid/1,,,,21.4227,0.0547,2.5106,0.2392,0.9224,,,0.0943,0.1142,24.0297,,0.1577,,1687.0731,1625.5585,,3313.1243,2531.932774149162,3125.0,4581,1144,524648493,524648570
True,baseline,102400,,,2026-09-05T08:48:21.835182+00:00,28,2,0028-baseline-102400-r2,True,client,baseline,102400,TLSv1.3,TLS_AES_256_GCM_SHA384,X25519,qcomm/baseline/1,,,21.3934,2.4198,,,,,,,,,23.8376,0.2641,,0.7224,,,0.9142,1.6991,964.27520452004,0.0,0,0,102640,102588,True,server,baseline,102400,TLSv1.3,TLS_AES_256_GCM_SHA384,X25519,qcomm/baseline/1,,,,20.8971,,,,,,,,,20.9056,,0.3147,,0.9506,0.6154,,1.8194,900.516653841926,0.0,0,0,102588,102640
True,hybrid,1048576,,,2026-09-05T08:48:22.427878+00:00,29,2,0029-hybrid-1048576-r2,True,client,hybrid,1048576,TLSv1.3,TLS_AES_256_GCM_SHA384,X25519,qcomm/hybrid/1,,,12.2308,2.5804,0.0546,2.4579,,,0.223,0.2339,,0.1428,17.3964,0.2711,,3.9699,,,3.9565,7.9957,2098.279825406156,15.625,1144,4581,1049641,1049564,True,server,hybrid,1048576,TLSv1.3,TLS_AES_256_GCM_SHA384,X25519,qcomm/hybrid/1,,,,11.9798,0.0597,2.6685,0.2681,0.9098,,,0.1108,0.1206,14.7492,,0.1509,,4.1507,3.7535,,8.1226,2065.4982394799695,15.625,4581,1144,1049564,1049641
True,hybrid,1024,,,2026-09-05T08:48:23.022264+00:00,30,2,0030-hybrid-1024-r2,True,client,hybrid,1024,TLSv1.3,TLS_AES_256_GCM_SHA384,X25519,qcomm/hybrid/1,,,17.3469,2.4401,0.0444,2.4658,,,0.2216,0.2191,,0.1204,22.3549,0.2371,,0.3706,,,0.3953,0.8325,19.68048048048048,0.0,1144,4581,1369,1292,True,server,hybrid,1024,TLSv1.3,TLS_AES_256_GCM_SHA384,X25519,qcomm/hybrid/1,,,,16.9419,0.0542,2.6628,0.2465,0.9638,,,0.1032,0.1147,19.7008,,0.1236,,0.4854,0.3109,,0.9633,17.00820097581231,15.625,4581,1144,1292,1369
True,native,1024,,,2026-09-05T08:48:23.607648+00:00,31,2,0031-native-1024-r2,True,client,native,1024,TLSv1.3,TLS_AES_256_GCM_SHA384,X25519MLKEM768,qcomm/baseline/1,,,19.6598,2.9587,,,,,,,,,22.6385,0.2596,,0.348,,,0.3694,0.7761,21.110681613194174,15.625,0,0,1244,1192,True,server,native,1024,TLSv1.3,TLS_AES_256_GCM_SHA384,X25519MLKEM768,qcomm/baseline/1,,,,19.9147,,,,,,,,,19.9245,,0.3588,,0.484,0.2876,,0.8764,18.694659972615245,0.0,0,0,1192,1244
True,baseline,524288000,,,2026-09-05T08:48:26.831134+00:00,32,2,0032-baseline-524288000-r2,True,client,baseline,524288000,TLSv1.3,TLS_AES_256_GCM_SHA384,X25519,qcomm/baseline/1,,,22.7919,2.9689,,,,,,,,,25.8007,0.2816,,1424.3086,,,1198.8961,2623.2758,3197.76060145868,2531.25,0,0,524448320,524448268,True,server,baseline,524288000,TLSv1.3,TLS_AES_256_GCM_SHA384,X25519,qcomm/baseline/1,,,,22.8424,,,,,,,,,22.8527,,0.3771,,1424.4535,1198.7882,,2623.8082,3197.111740103564,2515.625,0,0,524448268,524448320
True,baseline,1048576,,,2026-09-05T08:48:27.417581+00:00,33,2,0033-baseline-1048576-r2,True,client,baseline,1048576,TLSv1.3,TLS_AES_256_GCM_SHA384,X25519,qcomm/baseline/1,,,2.6931,2.4853,,,,,,,,,5.1979,0.2415,,3.2457,,,2.9641,6.2795,2671.74392865674,0.0,0,0,1049116,1049064,True,server,baseline,1048576,TLSv1.3,TLS_AES_256_GCM_SHA384,X25519,qcomm/baseline/1,,,,2.1897,,,,,,,,,2.1978,,0.3535,,3.3692,2.8167,,6.3718,2633.0418406101885,15.625,0,0,1049064,1049116
True,native,1048576,,,2026-09-05T08:48:28.025476+00:00,34,2,0034-native-1048576-r2,True,client,native,1048576,TLSv1.3,TLS_AES_256_GCM_SHA384,X25519MLKEM768,qcomm/baseline/1,,,26.5091,2.9616,,,,,,,,,29.4965,0.2624,,3.3942,,,3.3797,6.8472,2450.230167075593,46.875,0,0,1049116,1049064,True,server,native,1048576,TLSv1.3,TLS_AES_256_GCM_SHA384,X25519MLKEM768,qcomm/baseline/1,,,,26.4503,,,,,,,,,26.4595,,0.3771,,3.5231,3.2589,,6.9809,2403.3027260095405,31.25,0,0,1049064,1049116
True,native,102400,,,2026-09-05T08:48:28.634040+00:00,35,2,0035-native-102400-r2,True,client,native,102400,TLSv1.3,TLS_AES_256_GCM_SHA384,X25519MLKEM768,qcomm/baseline/1,,,23.6027,2.8194,,,,,,,,,26.4446,0.2713,,0.7046,,,0.9475,1.714,955.8926487747958,15.625,0,0,102640,102588,True,server,native,102400,TLSv1.3,TLS_AES_256_GCM_SHA384,X25519MLKEM768,qcomm/baseline/1,,,,23.6738,,,,,,,,,23.6827,,0.3513,,0.9546,0.5918,,1.8461,887.492551866096,0.0,0,0,102588,102640
True,native,104857600,,,2026-09-05T08:48:29.768536+00:00,36,2,0036-native-104857600-r2,True,client,native,104857600,TLSv1.3,TLS_AES_256_GCM_SHA384,X25519MLKEM768,qcomm/baseline/1,,,2.6171,2.7961,,,,,,,,,5.432,0.2055,,291.0939,,,275.6458,566.8135,2959.918209428675,562.5,0,0,104889840,104889788,True,server,native,104857600,TLSv1.3,TLS_AES_256_GCM_SHA384,X25519MLKEM768,qcomm/baseline/1,,,,2.4978,,,,,,,,,2.5065,,0.341,,291.1686,275.5627,,566.9107,2959.4107149503443,500.0,0,0,104889788,104889840
True,hybrid,1024,,,2026-09-05T08:48:30.365392+00:00,37,3,0037-hybrid-1024-r3,True,client,hybrid,1024,TLSv1.3,TLS_AES_256_GCM_SHA384,X25519,qcomm/hybrid/1,,,18.3311,2.5099,0.0436,2.2655,,,0.2272,0.2359,,0.1246,23.2113,0.2757,,0.3739,,,0.3966,0.8393,19.52102942928631,0.0,1144,4581,1369,1292,True,server,hybrid,1024,TLSv1.3,TLS_AES_256_GCM_SHA384,X25519,qcomm/hybrid/1,,,,17.9464,0.0562,2.4505,0.2633,0.7353,,,0.1044,0.1208,20.497,,0.1611,,0.4804,0.3093,,0.9653,16.9729617735419,15.625,4581,1144,1292,1369
True,native,524288000,,,2026-09-05T08:48:33.797194+00:00,38,3,0038-native-524288000-r3,True,client,native,524288000,TLSv1.3,TLS_AES_256_GCM_SHA384,X25519MLKEM768,qcomm/baseline/1,,,15.2106,2.962,,,,,,,,,18.1957,0.2675,,1441.4091,,,1397.7512,2839.2371,2954.5288767887687,2750.0,0,0,524448320,524448268,True,server,native,524288000,TLSv1.3,TLS_AES_256_GCM_SHA384,X25519MLKEM768,qcomm/baseline/1,,,,15.3329,,,,,,,,,15.3429,,0.37,,1441.5134,1397.3816,,2839.3431,2954.4185766066803,2593.75,0,0,524448268,524448320
True,hybrid,104857600,,,2026-09-05T08:48:35.064293+00:00,39,3,0039-hybrid-104857600-r3,True,client,hybrid,104857600,TLSv1.3,TLS_AES_256_GCM_SHA384,X25519,qcomm/hybrid/1,,,19.0066,2.534,0.0442,2.1362,,,0.2201,0.2253,,0.1221,23.806,0.2802,,339.4019,,,337.0904,676.5762,2479.72305262881,671.875,1144,4581,104929990,104929913,True,server,hybrid,104857600,TLSv1.3,TLS_AES_256_GCM_SHA384,X25519,qcomm/hybrid/1,,,,18.7746,0.0542,2.3419,0.2469,0.6536,,,0.1058,0.1223,21.2127,,0.1642,,339.563,336.9459,,676.7198,2479.1968551828986,640.625,4581,1144,104929913,104929990
True,hybrid,524288000,,,2026-09-05T08:48:39.047941+00:00,40,3,0040-hybrid-524288000-r3,True,client,hybrid,524288000,TLSv1.3,TLS_AES_256_GCM_SHA384,X25519,qcomm/hybrid/1,,,25.0162,2.5123,0.0475,3.0312,,,0.2267,0.2292,,0.1234,30.6631,0.2294,,1698.9408,,,1681.905,3380.9292,2481.1545890993516,3203.125,1144,4581,524648570,524648493,True,server,hybrid,524288000,TLSv1.3,TLS_AES_256_GCM_SHA384,X25519,qcomm/hybrid/1,,,,24.7395,0.0559,3.2326,0.2486,1.6026,,,0.1066,0.1158,28.0712,,0.1438,,1699.1228,1681.7223,,3381.0588,2481.0594834967083,3218.75,4581,1144,524648493,524648570
True,hybrid,1073741824,,,2026-09-05T08:48:46.598853+00:00,41,3,0041-hybrid-1073741824-r3,True,client,hybrid,1073741824,TLSv1.3,TLS_AES_256_GCM_SHA384,X25519,qcomm/hybrid/1,,,13.7908,2.3718,0.0441,2.893,,,0.2235,0.217,,0.1198,19.1598,0.2455,,3519.6996,,,3434.0822,6953.8665,2470.5491806608597,6531.25,1144,4581,1074479944,1074479867,True,server,hybrid,1073741824,TLSv1.3,TLS_AES_256_GCM_SHA384,X25519,qcomm/hybrid/1,,,,13.3446,0.0561,3.0805,0.2378,1.4237,,,0.0984,0.1154,16.5287,,0.1247,,3519.8458,3433.9232,,6953.9785,2470.509390272058,6578.125,4581,1144,1074479867,1074479944
True,baseline,1073741824,,,2026-09-05T08:48:53.090428+00:00,42,3,0042-baseline-1073741824-r3,True,client,baseline,1073741824,TLSv1.3,TLS_AES_256_GCM_SHA384,X25519,qcomm/baseline/1,,,24.3986,2.812,,,,,,,,,27.236,0.2702,,2949.26,,,2954.522,5903.8582,2909.939331537468,5578.125,0,0,1074069944,1074069892,True,server,baseline,1073741824,TLSv1.3,TLS_AES_256_GCM_SHA384,X25519,qcomm/baseline/1,,,,24.4485,,,,,,,,,24.458,,0.3853,,2949.3858,2954.4203,,5903.981,2909.878806181795,5609.375,0,0,1074069892,1074069944
True,baseline,104857600,,,2026-09-05T08:48:54.234288+00:00,43,3,0043-baseline-104857600-r3,True,client,baseline,104857600,TLSv1.3,TLS_AES_256_GCM_SHA384,X25519,qcomm/baseline/1,,,13.6139,2.8779,,,,,,,,,16.5317,0.2309,,289.8483,,,259.3584,549.2867,3054.3641417132435,500.0,0,0,104889840,104889788,True,server,baseline,104857600,TLSv1.3,TLS_AES_256_GCM_SHA384,X25519,qcomm/baseline/1,,,,13.6566,,,,,,,,,13.6654,,0.3597,,290.0066,259.2282,,549.3933,3053.771496667324,500.0,0,0,104889788,104889840
True,baseline,1024,,,2026-09-05T08:48:54.829396+00:00,44,3,0044-baseline-1024-r3,True,client,baseline,1024,TLSv1.3,TLS_AES_256_GCM_SHA384,X25519,qcomm/baseline/1,,,17.1638,2.4975,,,,,,,,,19.6835,0.2199,,0.3511,,,0.4222,0.84,19.504761904761907,0.0,0,0,1244,1192,True,server,baseline,1024,TLSv1.3,TLS_AES_256_GCM_SHA384,X25519,qcomm/baseline/1,,,,16.8447,,,,,,,,,16.8533,,0.3497,,0.4738,0.2993,,0.9308,17.602062741727547,15.625,0,0,1192,1244
True,hybrid,102400,,,2026-09-05T08:48:55.402809+00:00,45,3,0045-hybrid-102400-r3,True,client,hybrid,102400,TLSv1.3,TLS_AES_256_GCM_SHA384,X25519,qcomm/hybrid/1,,,5.5943,2.5731,0.0518,1.9692,,,0.2328,0.2282,,0.1292,10.2482,0.228,,0.8313,,,0.9692,1.8731,874.6996956916341,15.625,1144,4581,102790,102713,True,server,hybrid,102400,TLSv1.3,TLS_AES_256_GCM_SHA384,X25519,qcomm/hybrid/1,,,,5.4378,0.0695,2.1475,0.32,0.4093,,,0.0958,0.1159,7.6983,,0.1453,,1.0757,0.6691,,1.9677,832.6472531381816,0.0,4581,1144,102713,102790
True,native,102400,,,2026-09-05T08:48:55.988034+00:00,46,3,0046-native-102400-r3,True,client,native,102400,TLSv1.3,TLS_AES_256_GCM_SHA384,X25519MLKEM768,qcomm/baseline/1,,,22.9026,2.9434,,,,,,,,,25.8688,0.3016,,0.7865,,,0.9438,1.7911,914.7451286918655,15.625,0,0,102640,102588,True,server,native,102400,TLSv1.3,TLS_AES_256_GCM_SHA384,X25519MLKEM768,qcomm/baseline/1,,,,23.0908,,,,,,,,,23.1001,,0.3911,,1.089,0.6023,,1.9541,838.4422496289853,0.0,0,0,102588,102640
True,native,1024,,,2026-09-05T08:48:56.573869+00:00,47,3,0047-native-1024-r3,True,client,native,1024,TLSv1.3,TLS_AES_256_GCM_SHA384,X25519MLKEM768,qcomm/baseline/1,,,16.3603,3.2062,,,,,,,,,19.5958,0.2202,,0.3485,,,0.3365,0.7382,22.19452722839339,31.25,0,0,1244,1192,True,server,native,1024,TLSv1.3,TLS_AES_256_GCM_SHA384,X25519MLKEM768,qcomm/baseline/1,,,,16.7792,,,,,,,,,16.7889,,0.3599,,0.4415,0.2852,,0.8261,19.832950006052535,0.0,0,0,1192,1244
True,baseline,102400,,,2026-09-05T08:48:57.146338+00:00,48,3,0048-baseline-102400-r3,True,client,baseline,102400,TLSv1.3,TLS_AES_256_GCM_SHA384,X25519,qcomm/baseline/1,,,2.5346,2.7263,,,,,,,,,5.2774,0.2126,,0.7809,,,1.051,1.8859,868.7629248634605,0.0,0,0,102640,102588,True,server,baseline,102400,TLSv1.3,TLS_AES_256_GCM_SHA384,X25519,qcomm/baseline/1,,,,2.4358,,,,,,,,,2.4442,,0.3308,,1.0371,0.6314,,1.9881,824.1034153211609,0.0,0,0,102588,102640
True,baseline,524288000,,,2026-09-05T08:49:00.706693+00:00,49,3,0049-baseline-524288000-r3,True,client,baseline,524288000,TLSv1.3,TLS_AES_256_GCM_SHA384,X25519,qcomm/baseline/1,,,9.1674,2.3524,,,,,,,,,11.5443,0.23,,1475.4312,,,1492.2111,2967.7175,2826.6194474372983,2734.375,0,0,524448320,524448268,True,server,baseline,524288000,TLSv1.3,TLS_AES_256_GCM_SHA384,X25519,qcomm/baseline/1,,,,8.6735,,,,,,,,,8.6817,,0.3739,,1475.5318,1492.1446,,2967.825,2826.5170621583147,2750.0,0,0,524448268,524448320
True,native,104857600,,,2026-09-05T08:49:01.852330+00:00,50,3,0050-native-104857600-r3,True,client,native,104857600,TLSv1.3,TLS_AES_256_GCM_SHA384,X25519MLKEM768,qcomm/baseline/1,,,2.4401,2.805,,,,,,,,,5.2627,0.2074,,291.5638,,,287.834,579.4717,2895.260631364741,546.875,0,0,104889840,104889788,True,server,native,104857600,TLSv1.3,TLS_AES_256_GCM_SHA384,X25519MLKEM768,qcomm/baseline/1,,,,2.4968,,,,,,,,,2.5053,,0.3312,,291.6662,287.7219,,579.5629,2894.805033241431,578.125,0,0,104889788,104889840
True,baseline,1048576,,,2026-09-05T08:49:02.463454+00:00,51,3,0051-baseline-1048576-r3,True,client,baseline,1048576,TLSv1.3,TLS_AES_256_GCM_SHA384,X25519,qcomm/baseline/1,,,15.9679,2.4622,,,,,,,,,18.4566,0.2152,,3.3886,,,3.4106,6.8557,2447.1922633720847,0.0,0,0,1049116,1049064,True,server,baseline,1048576,TLSv1.3,TLS_AES_256_GCM_SHA384,X25519,qcomm/baseline/1,,,,15.6842,,,,,,,,,15.6961,,0.3431,,3.4978,3.2765,,6.9345,2419.3836614031297,0.0,0,0,1049064,1049116
True,native,1048576,,,2026-09-05T08:49:03.039647+00:00,52,3,0052-native-1048576-r3,True,client,native,1048576,TLSv1.3,TLS_AES_256_GCM_SHA384,X25519MLKEM768,qcomm/baseline/1,,,12.7623,2.9415,,,,,,,,,15.7271,0.2622,,3.3517,,,2.966,6.3751,2631.6788756254805,15.625,0,0,1049116,1049064,True,server,native,1048576,TLSv1.3,TLS_AES_256_GCM_SHA384,X25519MLKEM768,qcomm/baseline/1,,,,12.9453,,,,,,,,,12.9542,,0.3536,,3.5013,2.7998,,6.5099,2577.1849029939017,15.625,0,0,1049064,1049116
True,hybrid,1048576,,,2026-09-05T08:49:03.630906+00:00,53,3,0053-hybrid-1048576-r3,True,client,hybrid,1048576,TLSv1.3,TLS_AES_256_GCM_SHA384,X25519,qcomm/hybrid/1,,,9.3107,2.6386,0.0553,2.5511,,,0.2276,0.2254,,0.1259,14.6185,0.2387,,3.9934,,,4.009,8.0664,2079.888921947833,0.0,1144,4581,1049641,1049564,True,server,hybrid,1048576,TLSv1.3,TLS_AES_256_GCM_SHA384,X25519,qcomm/hybrid/1,,,,9.0958,0.0575,2.7229,0.256,1.0052,,,0.0985,0.1138,11.9188,,0.1253,,4.1446,3.8005,,8.1579,2056.5606344770104,15.625,4581,1144,1049564,1049641
True,native,1073741824,,,2026-09-05T08:49:10.038798+00:00,54,3,0054-native-1073741824-r3,True,client,native,1073741824,TLSv1.3,TLS_AES_256_GCM_SHA384,X25519MLKEM768,qcomm/baseline/1,,,16.6247,2.8492,,,,,,,,,19.4924,0.2553,,2961.3617,,,2841.258,5802.6903,2960.673118122468,5484.375,0,0,1074069944,1074069892,True,server,native,1073741824,TLSv1.3,TLS_AES_256_GCM_SHA384,X25519MLKEM768,qcomm/baseline/1,,,,16.671,,,,,,,,,16.6799,,0.3625,,2961.4812,2840.8722,,5802.7989,2960.6177088094505,5437.5,0,0,1074069892,1074069944
True,baseline,104857600,,,2026-09-05T08:49:11.244757+00:00,55,4,0055-baseline-104857600-r4,True,client,baseline,104857600,TLSv1.3,TLS_AES_256_GCM_SHA384,X25519,qcomm/baseline/1,,,2.6357,2.3745,,,,,,,,,5.0283,0.1943,,290.7325,,,333.8888,624.6953,2685.6638748522682,562.5,0,0,104889840,104889788,True,server,baseline,104857600,TLSv1.3,TLS_AES_256_GCM_SHA384,X25519,qcomm/baseline/1,,,,2.0684,,,,,,,,,2.0766,,0.338,,290.8156,333.8053,,624.7817,2685.29247895705,546.875,0,0,104889788,104889840
True,native,1048576,,,2026-09-05T08:49:11.818211+00:00,56,4,0056-native-1048576-r4,True,client,native,1048576,TLSv1.3,TLS_AES_256_GCM_SHA384,X25519MLKEM768,qcomm/baseline/1,,,2.6166,2.8839,,,,,,,,,5.519,0.207,,3.4169,,,3.2838,6.7596,2481.983549322445,15.625,0,0,1049116,1049064,True,server,native,1048576,TLSv1.3,TLS_AES_256_GCM_SHA384,X25519MLKEM768,qcomm/baseline/1,,,,2.5587,,,,,,,,,2.5674,,0.3515,,3.5264,3.1069,,6.8388,2453.239749663684,15.625,0,0,1049064,1049116
True,hybrid,524288000,,,2026-09-05T08:49:15.764042+00:00,57,4,0057-hybrid-524288000-r4,True,client,hybrid,524288000,TLSv1.3,TLS_AES_256_GCM_SHA384,X25519,qcomm/hybrid/1,,,11.201,2.5976,0.044,1.9169,,,0.2338,0.2309,,0.1293,15.8184,0.2341,,1709.581,,,1651.7581,3361.4226,2495.552924526657,3234.375,1144,4581,524648570,524648493,True,server,hybrid,524288000,TLSv1.3,TLS_AES_256_GCM_SHA384,X25519,qcomm/hybrid/1,,,,10.96,0.0558,2.1336,0.2534,0.4058,,,0.1065,0.1149,13.1928,,0.1225,,1709.7078,1651.6111,,3361.5418,2495.464432422051,3234.375,4581,1144,524648493,524648570
True,hybrid,1024,,,2026-09-05T08:49:16.334544+00:00,58,4,0058-hybrid-1024-r4,True,client,hybrid,1024,TLSv1.3,TLS_AES_256_GCM_SHA384,X25519,qcomm/hybrid/1,,,2.5263,2.26,0.0434,2.6005,,,0.2182,0.218,,0.1219,7.4832,0.2199,,0.3558,,,0.3657,0.78,21.005128205128205,15.625,1144,4581,1369,1292,True,server,hybrid,1024,TLSv1.3,TLS_AES_256_GCM_SHA384,X25519,qcomm/hybrid/1,,,,2.0355,0.0569,2.7498,0.2346,1.146,,,0.0952,0.1342,4.8879,,0.1326,,0.439,0.3109,,0.8736,18.754578754578755,31.25,4581,1144,1292,1369
True,baseline,1024,,,2026-09-05T08:49:16.937086+00:00,59,4,0059-baseline-1024-r4,True,client,baseline,1024,TLSv1.3,TLS_AES_256_GCM_SHA384,X25519,qcomm/baseline/1,,,23.1887,2.5767,,,,,,,,,25.794,0.2582,,0.3475,,,0.3557,0.7551,21.697788372401007,0.0,0,0,1244,1192,True,server,baseline,1024,TLSv1.3,TLS_AES_256_GCM_SHA384,X25519,qcomm/baseline/1,,,,22.5385,,,,,,,,,22.5471,,0.3846,,0.4684,0.2896,,0.8558,19.144659967282074,0.0,0,0,1192,1244
True,hybrid,1073741824,,,2026-09-05T08:49:24.398002+00:00,60,4,0060-hybrid-1073741824-r4,True,client,hybrid,1073741824,TLSv1.3,TLS_AES_256_GCM_SHA384,X25519,qcomm/hybrid/1,,,11.6432,2.4011,0.0441,1.9603,,,0.2197,0.2223,,0.128,16.117,0.2375,,3489.6793,,,3383.4196,6873.1809,2499.551435347788,6671.875,1144,4581,1074479944,1074479867,True,server,hybrid,1073741824,TLSv1.3,TLS_AES_256_GCM_SHA384,X25519,qcomm/hybrid/1,,,,11.2661,0.0647,2.0843,0.2338,0.4928,,,0.0983,0.1142,13.4632,,0.1545,,3489.8033,3383.268,,6873.2862,2499.5131417632515,6531.25,4581,1144,1074479867,1074479944
True,hybrid,1048576,,,2026-09-05T08:49:24.999752+00:00,61,4,0061-hybrid-1048576-r4,True,client,hybrid,1048576,TLSv1.3,TLS_AES_256_GCM_SHA384,X25519,qcomm/hybrid/1,,,3.4789,2.5947,0.0465,1.9882,,,0.2206,0.2261,,0.1242,8.1739,0.2173,,3.9622,,,4.357,8.3896,1999.7635167350052,31.25,1144,4581,1049641,1049564,True,server,hybrid,1048576,TLSv1.3,TLS_AES_256_GCM_SHA384,X25519,qcomm/hybrid/1,,,,3.242,0.0579,2.2452,0.2916,0.5727,,,0.1039,0.1145,5.5869,,0.1321,,4.1502,4.1436,,8.4836,1977.6057334150598,15.625,4581,1144,1049564,1049641
True,native,104857600,,,2026-09-05T08:49:26.201052+00:00,62,4,0062-native-104857600-r4,True,client,native,104857600,TLSv1.3,TLS_AES_256_GCM_SHA384,X25519MLKEM768,qcomm/baseline/1,,,26.718,3.1113,,,,,,,,,29.8774,0.3163,,299.5398,,,296.0463,595.6712,2816.522940843875,515.625,0,0,104889840,104889788,True,server,native,104857600,TLSv1.3,TLS_AES_256_GCM_SHA384,X25519MLKEM768,qcomm/baseline/1,,,,26.635,,,,,,,,,26.6449,,0.4446,,299.7241,295.9179,,595.8142,2815.8469536308467,578.125,0,0,104889788,104889840
True,native,1073741824,,,2026-09-05T08:49:32.701618+00:00,63,4,0063-native-1073741824-r4,True,client,native,1073741824,TLSv1.3,TLS_AES_256_GCM_SHA384,X25519MLKEM768,qcomm/baseline/1,,,2.5622,2.7795,,,,,,,,,5.3644,0.2231,,2894.7652,,,3037.5639,5932.4081,2895.935157259326,5468.75,0,0,1074069944,1074069892,True,server,native,1073741824,TLSv1.3,TLS_AES_256_GCM_SHA384,X25519MLKEM768,qcomm/baseline/1,,,,2.5475,,,,,,,,,2.5563,,0.3299,,2894.8683,3037.4896,,5932.512,2895.8844388346793,5640.625,0,0,1074069892,1074069944
True,hybrid,104857600,,,2026-09-05T08:49:33.920732+00:00,64,4,0064-hybrid-104857600-r4,True,client,hybrid,104857600,TLSv1.3,TLS_AES_256_GCM_SHA384,X25519,qcomm/hybrid/1,,,10.5163,2.6497,0.0487,2.5132,,,0.2291,0.2277,,0.1283,15.7897,0.278,,343.6075,,,296.2768,639.9684,2621.5694399910994,625.0,1144,4581,104929990,104929913,True,server,hybrid,104857600,TLSv1.3,TLS_AES_256_GCM_SHA384,X25519,qcomm/hybrid/1,,,,10.1566,0.0576,2.8009,0.2799,1.0384,,,0.1086,0.1144,13.0617,,0.1359,,343.7509,296.1284,,640.1033,2621.016951482675,609.375,4581,1144,104929913,104929990
True,baseline,524288000,,,2026-09-05T08:49:37.435083+00:00,65,4,0065-baseline-524288000-r4,True,client,baseline,524288000,TLSv1.3,TLS_AES_256_GCM_SHA384,X25519,qcomm/baseline/1,,,2.9244,2.5903,,,,,,,,,5.5362,0.2607,,1442.8296,,,1502.0936,2945.0025,2848.42135108544,2765.625,0,0,524448320,524448268,True,server,baseline,524288000,TLSv1.3,TLS_AES_256_GCM_SHA384,X25519,qcomm/baseline/1,,,,2.3067,,,,,,,,,2.3152,,0.3816,,1442.9229,1502.0337,,2945.1146,2848.3129315239553,2703.125,0,0,524448268,524448320
True,baseline,1073741824,,,2026-09-05T08:49:43.835096+00:00,66,4,0066-baseline-1073741824-r4,True,client,baseline,1073741824,TLSv1.3,TLS_AES_256_GCM_SHA384,X25519,qcomm/baseline/1,,,2.6389,2.4736,,,,,,,,,5.1308,0.2332,,2939.9166,,,2893.3184,5833.3065,2945.1339791591613,5343.75,0,0,1074069944,1074069892,True,server,baseline,1073741824,TLSv1.3,TLS_AES_256_GCM_SHA384,X25519,qcomm/baseline/1,,,,2.183,,,,,,,,,2.1912,,0.3507,,2940.0626,2893.1976,,5833.4092,2945.0821286461437,5625.0,0,0,1074069892,1074069944
True,native,1024,,,2026-09-05T08:49:44.422643+00:00,67,4,0067-native-1024-r4,True,client,native,1024,TLSv1.3,TLS_AES_256_GCM_SHA384,X25519MLKEM768,qcomm/baseline/1,,,3.0226,3.241,,,,,,,,,6.2928,0.2081,,0.4221,,,0.3343,0.8113,20.194749168001973,0.0,0,0,1244,1192,True,server,native,1024,TLSv1.3,TLS_AES_256_GCM_SHA384,X25519MLKEM768,qcomm/baseline/1,,,,2.9098,,,,,,,,,2.9196,,0.387,,0.5017,0.281,,0.8871,18.469169203021078,0.0,0,0,1192,1244
True,hybrid,102400,,,2026-09-05T08:49:45.011348+00:00,68,4,0068-hybrid-102400-r4,True,client,hybrid,102400,TLSv1.3,TLS_AES_256_GCM_SHA384,X25519,qcomm/hybrid/1,,,2.5528,2.4362,0.043,2.2978,,,0.2212,0.2337,,0.1217,7.3919,0.2324,,0.8743,,,0.901,1.8398,890.5315795195129,0.0,1144,4581,102790,102713,True,server,hybrid,102400,TLSv1.3,TLS_AES_256_GCM_SHA384,X25519,qcomm/hybrid/1,,,,2.1889,0.0571,2.4333,0.2349,0.84,,,0.0973,0.1137,4.7248,,0.1568,,1.084,0.6353,,1.9313,848.3404960389375,0.0,4581,1144,102713,102790
True,native,524288000,,,2026-09-05T08:49:48.424615+00:00,69,4,0069-native-524288000-r4,True,client,native,524288000,TLSv1.3,TLS_AES_256_GCM_SHA384,X25519MLKEM768,qcomm/baseline/1,,,2.5322,2.9641,,,,,,,,,5.5145,0.2879,,1416.5308,,,1399.6419,2816.2491,2978.6456034730736,2687.5,0,0,524448320,524448268,True,server,native,524288000,TLSv1.3,TLS_AES_256_GCM_SHA384,X25519MLKEM768,qcomm/baseline/1,,,,2.6518,,,,,,,,,2.6614,,0.4104,,1416.6736,1399.5252,,2816.3723,2978.515304954534,2750.0,0,0,524448268,524448320
True,native,102400,,,2026-09-05T08:49:49.025873+00:00,70,4,0070-native-102400-r4,True,client,native,102400,TLSv1.3,TLS_AES_256_GCM_SHA384,X25519MLKEM768,qcomm/baseline/1,,,21.1911,3.0581,,,,,,,,,24.2713,0.2933,,0.7599,,,0.8718,1.6889,970.0988809284148,15.625,0,0,102640,102588,True,server,native,102400,TLSv1.3,TLS_AES_256_GCM_SHA384,X25519MLKEM768,qcomm/baseline/1,,,,21.474,,,,,,,,,21.4833,,0.393,,0.9913,0.5838,,1.833,893.8352427714129,0.0,0,0,102588,102640
True,baseline,102400,,,2026-09-05T08:49:49.615821+00:00,71,4,0071-baseline-102400-r4,True,client,baseline,102400,TLSv1.3,TLS_AES_256_GCM_SHA384,X25519,qcomm/baseline/1,,,2.9019,2.4623,,,,,,,,,5.3825,0.2053,,0.6723,,,1.0898,1.8553,883.0916832857221,15.625,0,0,102640,102588,True,server,baseline,102400,TLSv1.3,TLS_AES_256_GCM_SHA384,X25519,qcomm/baseline/1,,,,2.149,,,,,,,,,2.1576,,0.3487,,0.8668,0.7084,,1.9151,855.5166832019216,15.625,0,0,102588,102640
True,baseline,1048576,,,2026-09-05T08:49:50.215169+00:00,72,4,0072-baseline-1048576-r4,True,client,baseline,1048576,TLSv1.3,TLS_AES_256_GCM_SHA384,X25519,qcomm/baseline/1,,,13.4118,2.6286,,,,,,,,,16.0719,0.2544,,3.3592,,,3.2954,6.7122,2499.5107416346355,0.0,0,0,1049116,1049064,True,server,baseline,1048576,TLSv1.3,TLS_AES_256_GCM_SHA384,X25519,qcomm/baseline/1,,,,13.1652,,,,,,,,,13.1736,,0.4975,,3.4808,3.1378,,6.8055,2465.2436999485712,31.25,0,0,1049064,1049116
True,baseline,104857600,,,2026-09-05T08:49:51.363739+00:00,73,5,0073-baseline-104857600-r5,True,client,baseline,104857600,TLSv1.3,TLS_AES_256_GCM_SHA384,X25519,qcomm/baseline/1,,,2.5823,2.4278,,,,,,,,,5.0296,0.2162,,287.0508,,,295.6699,582.7951,2878.7503532545143,562.5,0,0,104889840,104889788,True,server,baseline,104857600,TLSv1.3,TLS_AES_256_GCM_SHA384,X25519,qcomm/baseline/1,,,,2.1147,,,,,,,,,2.1238,,0.3447,,287.1476,295.5896,,582.8953,2878.2554945974002,515.625,0,0,104889788,104889840
True,hybrid,104857600,,,2026-09-05T08:49:52.603032+00:00,74,5,0074-hybrid-104857600-r5,True,client,hybrid,104857600,TLSv1.3,TLS_AES_256_GCM_SHA384,X25519,qcomm/hybrid/1,,,18.3225,2.5681,0.0467,2.723,,,0.2851,0.2381,,0.1303,23.7291,0.2659,,344.5304,,,295.4478,640.063,2621.1819773990997,609.375,1144,4581,104929990,104929913,True,server,hybrid,104857600,TLSv1.3,TLS_AES_256_GCM_SHA384,X25519,qcomm/hybrid/1,,,,17.8429,0.0579,2.9245,0.2276,1.0921,,,0.1025,0.1232,20.869,,0.1316,,344.672,295.3343,,640.2139,2620.5641583227107,625.0,4581,1144,104929913,104929990
True,native,104857600,,,2026-09-05T08:49:53.794325+00:00,75,5,0075-native-104857600-r5,True,client,native,104857600,TLSv1.3,TLS_AES_256_GCM_SHA384,X25519MLKEM768,qcomm/baseline/1,,,2.7707,2.9753,,,,,,,,,5.7648,0.2121,,290.7627,,,302.8034,593.6409,2826.1556776158786,546.875,0,0,104889840,104889788,True,server,native,104857600,TLSv1.3,TLS_AES_256_GCM_SHA384,X25519MLKEM768,qcomm/baseline/1,,,,2.7134,,,,,,,,,2.7213,,0.3042,,290.8456,302.7277,,593.7349,2825.7082411695856,578.125,0,0,104889788,104889840
True,baseline,102400,,,2026-09-05T08:49:54.383762+00:00,76,5,0076-baseline-102400-r5,True,client,baseline,102400,TLSv1.3,TLS_AES_256_GCM_SHA384,X25519,qcomm/baseline/1,,,12.7164,2.4681,,,,,,,,,15.2063,0.223,,0.7331,,,0.8082,1.597,1025.92360676268,31.25,0,0,102640,102588,True,server,baseline,102400,TLSv1.3,TLS_AES_256_GCM_SHA384,X25519,qcomm/baseline/1,,,,12.2001,,,,,,,,,12.2089,,0.3603,,0.8948,0.5817,,1.6757,977.7406457003044,15.625,0,0,102588,102640
True,native,1024,,,2026-09-05T08:49:54.986709+00:00,77,5,0077-native-1024-r5,True,client,native,1024,TLSv1.3,TLS_AES_256_GCM_SHA384,X25519MLKEM768,qcomm/baseline/1,,,2.734,2.8634,,,,,,,,,5.616,0.2179,,0.3627,,,0.434,0.8515,19.241338813857897,15.625,0,0,1244,1192,True,server,native,1024,TLSv1.3,TLS_AES_256_GCM_SHA384,X25519MLKEM768,qcomm/baseline/1,,,,2.5955,,,,,,,,,2.6037,,0.2975,,0.4412,0.3837,,0.9358,17.508014533019878,0.0,0,0,1192,1244
True,baseline,1048576,,,2026-09-05T08:49:55.585166+00:00,78,5,0078-baseline-1048576-r5,True,client,baseline,1048576,TLSv1.3,TLS_AES_256_GCM_SHA384,X25519,qcomm/baseline/1,,,11.7238,2.5622,,,,,,,,,14.3094,0.2362,,3.3434,,,3.4266,6.8354,2454.460016970477,31.25,0,0,1049116,1049064,True,server,baseline,1048576,TLSv1.3,TLS_AES_256_GCM_SHA384,X25519,qcomm/baseline/1,,,,11.4717,,,,,,,,,11.4806,,0.3496,,3.482,3.2877,,6.9194,2424.663410122265,15.625,0,0,1049064,1049116
True,baseline,1024,,,2026-09-05T08:49:56.173131+00:00,79,5,0079-baseline-1024-r5,True,client,baseline,1024,TLSv1.3,TLS_AES_256_GCM_SHA384,X25519,qcomm/baseline/1,,,17.7566,2.6285,,,,,,,,,20.4127,0.2059,,0.3552,,,0.3703,0.7884,20.78132927447996,0.0,0,0,1244,1192,True,server,baseline,1024,TLSv1.3,TLS_AES_256_GCM_SHA384,X25519,qcomm/baseline/1,,,,17.3744,,,,,,,,,17.3828,,0.3649,,0.4215,0.2936,,0.8617,19.013577811303236,0.0,0,0,1192,1244
True,hybrid,1073741824,,,2026-09-05T08:50:03.672424+00:00,80,5,0080-hybrid-1073741824-r5,True,client,hybrid,1073741824,TLSv1.3,TLS_AES_256_GCM_SHA384,X25519,qcomm/hybrid/1,,,13.1067,2.5147,0.0459,2.4003,,,0.2319,0.2318,,0.1278,18.1292,0.2425,,3522.2567,,,3390.5748,6912.9206,2485.1824833631094,6562.5,1144,4581,1074479944,1074479867,True,server,hybrid,1073741824,TLSv1.3,TLS_AES_256_GCM_SHA384,X25519,qcomm/hybrid/1,,,,12.7303,0.0592,2.6004,0.2425,0.9004,,,0.1076,0.1148,15.4345,,0.1231,,3522.379,3390.4478,,6913.0612,2485.1319389447904,6343.75,4581,1144,1074479867,1074479944
True,native,1048576,,,2026-09-05T08:50:04.273748+00:00,81,5,0081-native-1048576-r5,True,client,native,1048576,TLSv1.3,TLS_AES_256_GCM_SHA384,X25519MLKEM768,qcomm/baseline/1,,,12.2604,2.8011,,,,,,,,,15.1101,0.2569,,3.48,,,3.5031,7.041,2382.7888084078963,0.0,0,0,1049116,1049064,True,server,native,1048576,TLSv1.3,TLS_AES_256_GCM_SHA384,X25519MLKEM768,qcomm/baseline/1,,,,12.3125,,,,,,,,,12.3214,,0.3619,,3.6112,3.3632,,7.1373,2350.639037170919,15.625,0,0,1049064,1049116
True,hybrid,102400,,,2026-09-05T08:50:04.867490+00:00,82,5,0082-hybrid-102400-r5,True,client,hybrid,102400,TLSv1.3,TLS_AES_256_GCM_SHA384,X25519,qcomm/hybrid/1,,,2.6043,2.7023,0.0436,3.2294,,,0.2275,0.2223,,0.1259,8.6356,0.2386,,0.7933,,,0.9291,1.786,917.3572228443448,15.625,1144,4581,102790,102713,True,server,hybrid,102400,TLSv1.3,TLS_AES_256_GCM_SHA384,X25519,qcomm/hybrid/1,,,,2.3885,0.0543,3.3926,0.2394,1.772,,,0.1044,0.1139,5.8777,,0.1555,,1.0068,0.6485,,1.8782,872.3245660739005,0.0,4581,1144,102713,102790
True,native,524288000,,,2026-09-05T08:50:08.411739+00:00,83,5,0083-native-524288000-r5,True,client,native,524288000,TLSv1.3,TLS_AES_256_GCM_SHA384,X25519MLKEM768,qcomm/baseline/1,,,20.8535,2.9226,,,,,,,,,23.8023,0.2621,,1461.553,,,1465.0994,2926.7269,2866.2079813459873,2812.5,0,0,524448320,524448268,True,server,native,524288000,TLSv1.3,TLS_AES_256_GCM_SHA384,X25519MLKEM768,qcomm/baseline/1,,,,21.0548,,,,,,,,,21.0635,,0.3576,,1461.6647,1465.0174,,2926.8395,2866.097713933408,2718.75,0,0,524448268,524448320
True,hybrid,1024,,,2026-09-05T08:50:09.086349+00:00,84,5,0084-hybrid-1024-r5,True,client,hybrid,1024,TLSv1.3,TLS_AES_256_GCM_SHA384,X25519,qcomm/hybrid/1,,,26.6295,2.8208,0.0467,2.0781,,,0.2501,0.2474,,0.151,31.6628,0.2221,,0.3831,,,0.5445,0.9879,16.58467456220265,0.0,1144,4581,1369,1292,True,server,hybrid,1024,TLSv1.3,TLS_AES_256_GCM_SHA384,X25519,qcomm/hybrid/1,,,,26.4979,0.0649,2.2996,0.2665,0.5009,,,0.1098,0.1223,28.9091,,0.1334,,0.6401,0.3158,,1.0811,15.1549347886412,15.625,4581,1144,1292,1369
True,baseline,1073741824,,,2026-09-05T08:50:16.031811+00:00,85,5,0085-baseline-1073741824-r5,True,client,baseline,1073741824,TLSv1.3,TLS_AES_256_GCM_SHA384,X25519,qcomm/baseline/1,,,15.2206,2.7355,,,,,,,,,17.9942,0.2562,,3451.9805,,,2870.409,6322.4632,2717.2746824370597,6015.625,0,0,1074069944,1074069892,True,server,baseline,1073741824,TLSv1.3,TLS_AES_256_GCM_SHA384,X25519,qcomm/baseline/1,,,,14.6502,,,,,,,,,14.6817,,0.3763,,3452.1006,2870.2942,,6322.5889,2717.220660036904,5921.875,0,0,1074069892,1074069944
True,native,102400,,,2026-09-05T08:50:16.632722+00:00,86,5,0086-native-102400-r5,True,client,native,102400,TLSv1.3,TLS_AES_256_GCM_SHA384,X25519MLKEM768,qcomm/baseline/1,,,16.0942,2.8652,,,,,,,,,19.0021,0.2141,,0.7228,,,0.8377,1.6173,1013.0464354170532,15.625,0,0,102640,102588,True,server,native,102400,TLSv1.3,TLS_AES_256_GCM_SHA384,X25519MLKEM768,qcomm/baseline/1,,,,16.0037,,,,,,,,,16.0129,,0.3368,,0.905,0.5855,,1.7032,961.9539689995303,0.0,0,0,102588,102640
True,hybrid,1048576,,,2026-09-05T08:50:17.227677+00:00,87,5,0087-hybrid-1048576-r5,True,client,hybrid,1048576,TLSv1.3,TLS_AES_256_GCM_SHA384,X25519,qcomm/hybrid/1,,,2.5528,2.3688,0.0452,2.754,,,0.2227,0.2226,,0.1223,7.7739,0.2387,,3.9767,,,4.0095,8.0515,2083.7379370303665,15.625,1144,4581,1049641,1049564,True,server,hybrid,1048576,TLSv1.3,TLS_AES_256_GCM_SHA384,X25519,qcomm/hybrid/1,,,,2.0565,0.0595,2.957,0.2522,1.2665,,,0.105,0.1128,5.1145,,0.1548,,4.1176,3.8361,,8.1471,2059.286862810079,0.0,4581,1144,1049564,1049641
True,hybrid,524288000,,,2026-09-05T08:50:21.227168+00:00,88,5,0088-hybrid-524288000-r5,True,client,hybrid,524288000,TLSv1.3,TLS_AES_256_GCM_SHA384,X25519,qcomm/hybrid/1,,,2.7244,2.3724,0.0457,2.1926,,,0.2193,0.2271,,0.1242,7.3917,0.2258,,1703.811,,,1701.0283,3405.024,2463.597319725206,3109.375,1144,4581,524648570,524648493,True,server,hybrid,524288000,TLSv1.3,TLS_AES_256_GCM_SHA384,X25519,qcomm/hybrid/1,,,,2.1381,0.057,2.3392,0.2411,0.7438,,,0.0961,0.115,4.5879,,0.1323,,1703.9221,1700.8729,,3405.0665,2463.5665705794586,3203.125,4581,1144,524648493,524648570
True,baseline,524288000,,,2026-09-05T08:50:24.651269+00:00,89,5,0089-baseline-524288000-r5,True,client,baseline,524288000,TLSv1.3,TLS_AES_256_GCM_SHA384,X25519,qcomm/baseline/1,,,14.0523,2.3424,,,,,,,,,16.4229,0.2327,,1442.0698,,,1408.9009,2851.0473,2942.2900139187445,2687.5,0,0,524448320,524448268,True,server,baseline,524288000,TLSv1.3,TLS_AES_256_GCM_SHA384,X25519,qcomm/baseline/1,,,,13.6459,,,,,,,,,13.6544,,0.3424,,1442.261,1408.7414,,2851.1557,2942.1781490221674,2796.875,0,0,524448268,524448320
True,native,1073741824,,,2026-09-05T08:50:31.165968+00:00,90,5,0090-native-1073741824-r5,True,client,native,1073741824,TLSv1.3,TLS_AES_256_GCM_SHA384,X25519MLKEM768,qcomm/baseline/1,,,26.9548,3.0712,,,,,,,,,30.066,0.2682,,2936.8979,,,2960.1926,5897.169,2913.240096052869,5531.25,0,0,1074069944,1074069892,True,server,native,1073741824,TLSv1.3,TLS_AES_256_GCM_SHA384,X25519MLKEM768,qcomm/baseline/1,,,,27.239,,,,,,,,,27.2478,,0.3746,,2937.0009,2960.124,,5897.3102,2913.170343998523,5562.5,0,0,1074069892,1074069944
True,native,102400,,,2026-09-05T08:50:31.742655+00:00,91,6,0091-native-102400-r6,True,client,native,102400,TLSv1.3,TLS_AES_256_GCM_SHA384,X25519MLKEM768,qcomm/baseline/1,,,2.4977,2.7437,,,,,,,,,5.2579,0.189,,0.6983,,,0.8247,1.58,1036.9620253164558,15.625,0,0,102640,102588,True,server,native,102400,TLSv1.3,TLS_AES_256_GCM_SHA384,X25519MLKEM768,qcomm/baseline/1,,,,2.4307,,,,,,,,,2.4386,,0.333,,0.8554,0.5848,,1.6481,994.1144348037133,0.0,0,0,102588,102640
True,hybrid,524288000,,,2026-09-05T08:50:35.747470+00:00,92,6,0092-hybrid-524288000-r6,True,client,hybrid,524288000,TLSv1.3,TLS_AES_256_GCM_SHA384,X25519,qcomm/hybrid/1,,,2.895,2.5608,0.0459,2.4108,,,0.227,0.2356,,0.124,7.9695,0.2779,,1732.0738,,,1662.6283,3394.7849,2471.0278403795187,3281.25,1144,4581,524648570,524648493,True,server,hybrid,524288000,TLSv1.3,TLS_AES_256_GCM_SHA384,X25519,qcomm/hybrid/1,,,,2.2347,0.0553,2.6393,0.2598,0.9978,,,0.1048,0.1114,4.9713,,0.1961,,1732.1977,1662.4875,,3394.8929,2470.9492308284603,3187.5,4581,1144,524648493,524648570
True,hybrid,102400,,,2026-09-05T08:50:36.329645+00:00,93,6,0093-hybrid-102400-r6,True,client,hybrid,102400,TLSv1.3,TLS_AES_256_GCM_SHA384,X25519,qcomm/hybrid/1,,,12.1857,2.3422,0.046,3.1421,,,0.2234,0.2177,,0.1206,17.7756,0.2289,,0.7994,,,0.9802,1.8492,886.0047588146225,0.0,1144,4581,102790,102713,True,server,hybrid,102400,TLSv1.3,TLS_AES_256_GCM_SHA384,X25519,qcomm/hybrid/1,,,,11.7594,0.0551,3.3464,0.2341,1.7714,,,0.0984,0.1121,15.2024,,0.1451,,1.0178,0.6648,,1.9424,843.4925864909391,0.0,4581,1144,102713,102790
True,native,1048576,,,2026-09-05T08:50:36.917364+00:00,94,6,0094-native-1048576-r6,True,client,native,1048576,TLSv1.3,TLS_AES_256_GCM_SHA384,X25519MLKEM768,qcomm/baseline/1,,,2.5671,2.8339,,,,,,,,,5.4185,0.2099,,3.4532,,,3.441,6.9516,2413.4323033546234,0.0,0,0,1049116,1049064,True,server,native,1048576,TLSv1.3,TLS_AES_256_GCM_SHA384,X25519MLKEM768,qcomm/baseline/1,,,,2.5274,,,,,,,,,2.5358,,0.3457,,3.5961,3.2901,,7.0376,2383.939979538479,15.625,0,0,1049064,1049116
True,hybrid,104857600,,,2026-09-05T08:50:38.174114+00:00,95,6,0095-hybrid-104857600-r6,True,client,hybrid,104857600,TLSv1.3,TLS_AES_256_GCM_SHA384,X25519,qcomm/hybrid/1,,,12.6708,2.6545,0.0457,1.9161,,,0.2216,0.2315,,0.127,17.3819,0.2156,,340.8446,,,331.6055,672.5324,2494.633121021381,625.0,1144,4581,104929990,104929913,True,server,hybrid,104857600,TLSv1.3,TLS_AES_256_GCM_SHA384,X25519,qcomm/hybrid/1,,,,12.5108,0.0593,2.123,0.2404,0.476,,,0.0949,0.1155,14.7418,,0.132,,340.9813,331.4423,,672.643,2494.2229384681027,640.625,4581,1144,104929913,104929990
True,baseline,524288000,,,2026-09-05T08:50:41.703170+00:00,96,6,0096-baseline-524288000-r6,True,client,baseline,524288000,TLSv1.3,TLS_AES_256_GCM_SHA384,X25519,qcomm/baseline/1,,,2.6272,2.4415,,,,,,,,,5.0912,0.2247,,1463.7232,,,1478.6716,2942.4685,2850.874359402658,2796.875,0,0,524448320,524448268,True,server,baseline,524288000,TLSv1.3,TLS_AES_256_GCM_SHA384,X25519,qcomm/baseline/1,,,,2.1211,,,,,,,,,2.13,,0.3531,,1463.8207,1478.5962,,2942.5698,2850.7762160816033,2734.375,0,0,524448268,524448320
True,native,1024,,,2026-09-05T08:50:42.284497+00:00,97,6,0097-native-1024-r6,True,client,native,1024,TLSv1.3,TLS_AES_256_GCM_SHA384,X25519MLKEM768,qcomm/baseline/1,,,12.9955,2.9684,,,,,,,,,15.9986,0.2367,,0.3493,,,0.3157,0.7174,22.83802620574296,0.0,0,0,1244,1192,True,server,native,1024,TLSv1.3,TLS_AES_256_GCM_SHA384,X25519MLKEM768,qcomm/baseline/1,,,,13.0092,,,,,,,,,13.0182,,0.3616,,0.4303,0.2807,,0.8066,20.312422514257378,15.625,0,0,1192,1244
True,baseline,1048576,,,2026-09-05T08:50:42.901927+00:00,98,6,0098-baseline-1048576-r6,True,client,baseline,1048576,TLSv1.3,TLS_AES_256_GCM_SHA384,X25519,qcomm/baseline/1,,,23.6171,2.8115,,,,,,,,,26.4744,0.2893,,3.3789,,,3.6773,7.13,2353.0457223001404,15.625,0,0,1049116,1049064,True,server,baseline,1048576,TLSv1.3,TLS_AES_256_GCM_SHA384,X25519,qcomm/baseline/1,,,,23.5103,,,,,,,,,23.5204,,0.2933,,3.5242,3.5583,,7.2771,2305.4810295309944,15.625,0,0,1049064,1049116
True,hybrid,1024,,,2026-09-05T08:50:43.500673+00:00,99,6,0099-hybrid-1024-r6,True,client,hybrid,1024,TLSv1.3,TLS_AES_256_GCM_SHA384,X25519,qcomm/hybrid/1,,,2.694,2.4279,0.0446,2.0761,,,0.2268,0.2209,,0.1229,7.3084,0.2192,,0.3589,,,0.3733,0.7925,20.673817034700317,15.625,1144,4581,1369,1292,True,server,hybrid,1024,TLSv1.3,TLS_AES_256_GCM_SHA384,X25519,qcomm/hybrid/1,,,,2.033,0.0557,2.2623,0.239,0.6601,,,0.0958,0.1132,4.3974,,0.1333,,0.433,0.3073,,0.8852,18.508811568007232,0.0,4581,1144,1292,1369
True,hybrid,1048576,,,2026-09-05T08:50:44.089422+00:00,100,6,0100-hybrid-1048576-r6,True,client,hybrid,1048576,TLSv1.3,TLS_AES_256_GCM_SHA384,X25519,qcomm/hybrid/1,,,7.7299,2.4585,0.0463,1.955,,,0.2306,0.2426,,0.1299,12.2556,0.2193,,3.953,,,3.9219,7.9398,2113.052721731026,0.0,1144,4581,1049641,1049564,True,server,hybrid,1048576,TLSv1.3,TLS_AES_256_GCM_SHA384,X25519,qcomm/hybrid/1,,,,7.4738,0.059,2.1178,0.2756,0.4127,,,0.0999,0.1369,9.6986,,0.1346,,4.0901,3.3128,,8.0257,2090.43647283103,31.25,4581,1144,1049564,1049641
True,baseline,1024,,,2026-09-05T08:50:44.755764+00:00,101,6,0101-baseline-1024-r6,True,client,baseline,1024,TLSv1.3,TLS_AES_256_GCM_SHA384,X25519,qcomm/baseline/1,,,4.2897,3.5505,,,,,,,,,7.8704,0.3528,,0.415,,,0.8503,1.3488,12.14709371293001,0.0,0,0,1244,1192,True,server,baseline,1024,TLSv1.3,TLS_AES_256_GCM_SHA384,X25519,qcomm/baseline/1,,,,3.2614,,,,,,,,,3.2765,,0.4384,,0.8077,0.4695,,1.4606,11.217307955634672,0.0,0,0,1192,1244
True,baseline,1073741824,,,2026-09-05T08:50:51.551656+00:00,102,6,0102-baseline-1073741824-r6,True,client,baseline,1073741824,TLSv1.3,TLS_AES_256_GCM_SHA384,X25519,qcomm/baseline/1,,,24.2873,3.3394,,,,,,,,,27.6725,0.3111,,3026.9917,,,3010.6825,6037.7546,2845.4069968328954,5640.625,0,0,1074069944,1074069892,True,server,baseline,1073741824,TLSv1.3,TLS_AES_256_GCM_SHA384,X25519,qcomm/baseline/1,,,,24.2165,,,,,,,,,24.2271,,0.6183,,3027.1411,3010.5977,,6037.9142,2845.331784277425,5796.875,0,0,1074069892,1074069944
True,hybrid,1073741824,,,2026-09-05T08:50:59.100530+00:00,103,6,0103-hybrid-1073741824-r6,True,client,hybrid,1073741824,TLSv1.3,TLS_AES_256_GCM_SHA384,X25519,qcomm/hybrid/1,,,19.025,2.5376,0.0441,1.9214,,,0.2277,0.2364,,0.1228,23.5883,0.246,,3473.3867,,,3472.7938,6946.2639,2473.253166209248,6453.125,1144,4581,1074479944,1074479867,True,server,hybrid,1073741824,TLSv1.3,TLS_AES_256_GCM_SHA384,X25519,qcomm/hybrid/1,,,,18.7011,0.0604,2.1316,0.2585,0.4001,,,0.1072,0.1155,20.9365,,0.134,,3473.5598,3472.6204,,6946.3979,2473.2054557369943,6640.625,4581,1144,1074479867,1074479944
True,native,524288000,,,2026-09-05T08:51:02.555206+00:00,104,6,0104-native-524288000-r6,True,client,native,524288000,TLSv1.3,TLS_AES_256_GCM_SHA384,X25519MLKEM768,qcomm/baseline/1,,,25.9679,3.2317,,,,,,,,,29.2413,0.2113,,1436.0828,,,1418.4567,2854.6113,2938.6165464979413,2781.25,0,0,524448320,524448268,True,server,native,524288000,TLSv1.3,TLS_AES_256_GCM_SHA384,X25519MLKEM768,qcomm/baseline/1,,,,26.2123,,,,,,,,,26.2236,,0.3901,,1436.1626,1418.3396,,2854.6997,2938.525547888627,2609.375,0,0,524448268,524448320
True,baseline,104857600,,,2026-09-05T08:51:03.746569+00:00,105,6,0105-baseline-104857600-r6,True,client,baseline,104857600,TLSv1.3,TLS_AES_256_GCM_SHA384,X25519,qcomm/baseline/1,,,12.9424,2.7068,,,,,,,,,15.6785,0.2599,,304.062,,,283.8815,588.0194,2853.1738918817987,515.625,0,0,104889840,104889788,True,server,baseline,104857600,TLSv1.3,TLS_AES_256_GCM_SHA384,X25519,qcomm/baseline/1,,,,12.7373,,,,,,,,,12.7473,,0.3985,,304.1872,283.7801,,588.1373,2852.6019349563444,578.125,0,0,104889788,104889840
True,native,104857600,,,2026-09-05T08:51:04.930540+00:00,106,6,0106-native-104857600-r6,True,client,native,104857600,TLSv1.3,TLS_AES_256_GCM_SHA384,X25519MLKEM768,qcomm/baseline/1,,,18.965,3.1536,,,,,,,,,22.1453,0.2637,,282.7887,,,295.743,578.6088,2899.5784371063837,562.5,0,0,104889840,104889788,True,server,native,104857600,TLSv1.3,TLS_AES_256_GCM_SHA384,X25519MLKEM768,qcomm/baseline/1,,,,19.2917,,,,,,,,,19.3005,,0.3662,,282.9746,295.6225,,578.7633,2898.804398965864,578.125,0,0,104889788,104889840
True,baseline,102400,,,2026-09-05T08:51:05.510789+00:00,107,6,0107-baseline-102400-r6,True,client,baseline,102400,TLSv1.3,TLS_AES_256_GCM_SHA384,X25519,qcomm/baseline/1,,,2.5615,2.5607,,,,,,,,,5.1414,0.2105,,0.7176,,,0.8159,1.5923,1028.9518306851724,15.625,0,0,102640,102588,True,server,baseline,102400,TLSv1.3,TLS_AES_256_GCM_SHA384,X25519,qcomm/baseline/1,,,,2.2061,,,,,,,,,2.2145,,0.3692,,0.9001,0.57,,1.6755,977.8573560131305,0.0,0,0,102588,102640
True,native,1073741824,,,2026-09-05T08:51:11.567658+00:00,108,6,0108-native-1073741824-r6,True,client,native,1073741824,TLSv1.3,TLS_AES_256_GCM_SHA384,X25519MLKEM768,qcomm/baseline/1,,,23.7667,2.8671,,,,,,,,,26.6622,0.2696,,2964.1681,,,2491.8733,5456.1252,3148.7307483340005,5343.75,0,0,1074069944,1074069892,True,server,native,1073741824,TLSv1.3,TLS_AES_256_GCM_SHA384,X25519MLKEM768,qcomm/baseline/1,,,,23.876,,,,,,,,,23.884,,0.358,,2964.2848,2491.5124,,5456.2524,3148.6573429044447,5062.5,0,0,1074069892,1074069944
True,hybrid,1073741824,,,2026-09-05T08:51:18.703972+00:00,109,7,0109-hybrid-1073741824-r7,True,client,hybrid,1073741824,TLSv1.3,TLS_AES_256_GCM_SHA384,X25519,qcomm/hybrid/1,,,9.9698,2.3923,0.0435,1.8951,,,0.2275,0.2162,,0.1213,14.3858,0.2352,,3567.2254,,,2984.8975,6552.201,2621.999719483575,6312.5,1144,4581,1074479944,1074479867,True,server,hybrid,1073741824,TLSv1.3,TLS_AES_256_GCM_SHA384,X25519,qcomm/hybrid/1,,,,9.536,0.0557,2.083,0.2383,0.4034,,,0.1071,0.1161,11.7174,,0.1223,,3567.344,2984.6992,,6552.33,2621.948098462685,5843.75,4581,1144,1074479867,1074479944
True,hybrid,104857600,,,2026-09-05T08:51:19.936575+00:00,110,7,0110-hybrid-104857600-r7,True,client,hybrid,104857600,TLSv1.3,TLS_AES_256_GCM_SHA384,X25519,qcomm/hybrid/1,,,3.0998,2.3873,0.045,2.0703,,,0.227,0.2251,,0.1242,7.6611,0.2627,,342.5493,,,310.7351,653.3698,2567.7978994437763,609.375,1144,4581,104929990,104929913,True,server,hybrid,104857600,TLSv1.3,TLS_AES_256_GCM_SHA384,X25519,qcomm/hybrid/1,,,,2.0977,0.0553,2.2427,0.2429,0.5698,,,0.1039,0.1155,4.4412,,0.2026,,342.6743,310.6299,,653.4935,2567.311840133069,609.375,4581,1144,104929913,104929990
True,baseline,1073741824,,,2026-09-05T08:51:26.376254+00:00,111,7,0111-baseline-1073741824-r7,True,client,baseline,1073741824,TLSv1.3,TLS_AES_256_GCM_SHA384,X25519,qcomm/baseline/1,,,2.5043,2.3049,,,,,,,,,4.8266,0.2146,,2986.1543,,,2878.9725,5865.2005,2929.118822792162,5640.625,0,0,1074069944,1074069892,True,server,baseline,1073741824,TLSv1.3,TLS_AES_256_GCM_SHA384,X25519,qcomm/baseline/1,,,,2.0269,,,,,,,,,2.0349,,0.3253,,2986.2455,2878.8824,,5865.2897,2929.074276416389,5375.0,0,0,1074069892,1074069944
True,hybrid,1048576,,,2026-09-05T08:51:26.979963+00:00,112,7,0112-hybrid-1048576-r7,True,client,hybrid,1048576,TLSv1.3,TLS_AES_256_GCM_SHA384,X25519,qcomm/hybrid/1,,,17.7352,2.6343,0.0464,2.266,,,0.2289,0.2379,,0.1282,22.7474,0.3423,,3.9842,,,3.9718,8.0236,2090.9835983847647,31.25,1144,4581,1049641,1049564,True,server,hybrid,1048576,TLSv1.3,TLS_AES_256_GCM_SHA384,X25519,qcomm/hybrid/1,,,,17.4457,0.0604,2.5438,0.278,0.6563,,,0.1003,0.12,20.1009,,0.1314,,4.1826,3.7635,,8.1626,2055.376473182565,0.0,4581,1144,1049564,1049641
True,native,1073741824,,,2026-09-05T08:51:33.657789+00:00,113,7,0113-native-1073741824-r7,True,client,native,1073741824,TLSv1.3,TLS_AES_256_GCM_SHA384,X25519MLKEM768,qcomm/baseline/1,,,2.7672,2.8342,,,,,,,,,5.6191,0.2361,,2944.2832,,,3144.0996,6088.4664,2821.707151738572,5484.375,0,0,1074069944,1074069892,True,server,native,1073741824,TLSv1.3,TLS_AES_256_GCM_SHA384,X25519MLKEM768,qcomm/baseline/1,,,,2.5747,,,,,,,,,2.5827,,0.3474,,2944.3762,3144.0105,,6088.5866,2821.651446002263,5656.25,0,0,1074069892,1074069944
True,native,104857600,,,2026-09-05T08:51:34.833634+00:00,114,7,0114-native-104857600-r7,True,client,native,104857600,TLSv1.3,TLS_AES_256_GCM_SHA384,X25519MLKEM768,qcomm/baseline/1,,,2.4746,2.9121,,,,,,,,,5.4074,0.2059,,290.6951,,,291.2402,582.0126,2882.620754258585,531.25,0,0,104889840,104889788,True,server,native,104857600,TLSv1.3,TLS_AES_256_GCM_SHA384,X25519MLKEM768,qcomm/baseline/1,,,,2.5648,,,,,,,,,2.5733,,0.3333,,290.7878,291.0912,,582.1104,2882.1364469695095,562.5,0,0,104889788,104889840
True,native,102400,,,2026-09-05T08:51:35.419288+00:00,115,7,0115-native-102400-r7,True,client,native,102400,TLSv1.3,TLS_AES_256_GCM_SHA384,X25519MLKEM768,qcomm/baseline/1,,,6.6437,2.9433,,,,,,,,,9.6103,0.2412,,0.733,,,0.8553,1.6457,995.5641976058821,15.625,0,0,102640,102588,True,server,native,102400,TLSv1.3,TLS_AES_256_GCM_SHA384,X25519MLKEM768,qcomm/baseline/1,,,,6.6088,,,,,,,,,6.6181,,0.3778,,0.9116,0.6177,,1.7417,940.6901303324338,0.0,0,0,102588,102640
True,hybrid,1024,,,2026-09-05T08:51:35.992595+00:00,116,7,0116-hybrid-1024-r7,True,client,hybrid,1024,TLSv1.3,TLS_AES_256_GCM_SHA384,X25519,qcomm/hybrid/1,,,9.9188,2.5068,0.0463,2.2568,,,0.2209,0.2357,,0.1238,14.7846,0.2347,,0.3845,,,0.3531,0.7967,20.564829923434164,15.625,1144,4581,1369,1292,True,server,hybrid,1024,TLSv1.3,TLS_AES_256_GCM_SHA384,X25519,qcomm/hybrid/1,,,,9.6219,0.0686,2.4513,0.2563,0.8306,,,0.095,0.113,12.1863,,0.1554,,0.4642,0.3042,,0.8848,18.517179023508135,0.0,4581,1144,1292,1369
True,baseline,1048576,,,2026-09-05T08:51:36.560581+00:00,117,7,0117-baseline-1048576-r7,True,client,baseline,1048576,TLSv1.3,TLS_AES_256_GCM_SHA384,X25519,qcomm/baseline/1,,,2.6274,2.5569,,,,,,,,,5.2026,0.2228,,3.3598,,,3.5128,6.9342,2419.4883331891206,15.625,0,0,1049116,1049064,True,server,baseline,1048576,TLSv1.3,TLS_AES_256_GCM_SHA384,X25519,qcomm/baseline/1,,,,2.2483,,,,,,,,,2.257,,0.3805,,3.4877,3.3506,,7.0137,2392.0635328000913,0.0,0,0,1049064,1049116
True,baseline,524288000,,,2026-09-05T08:51:39.987612+00:00,118,7,0118-baseline-524288000-r7,True,client,baseline,524288000,TLSv1.3,TLS_AES_256_GCM_SHA384,X25519,qcomm/baseline/1,,,2.8229,2.448,,,,,,,,,5.289,0.2101,,1401.9894,,,1464.7604,2866.8254,2926.0965805591086,2765.625,0,0,524448320,524448268,True,server,baseline,524288000,TLSv1.3,TLS_AES_256_GCM_SHA384,X25519,qcomm/baseline/1,,,,2.1649,,,,,,,,,2.1733,,0.3375,,1402.1246,1464.6475,,2866.9284,2925.991454826706,2828.125,0,0,524448268,524448320
True,hybrid,102400,,,2026-09-05T08:51:40.605258+00:00,119,7,0119-hybrid-102400-r7,True,client,hybrid,102400,TLSv1.3,TLS_AES_256_GCM_SHA384,X25519,qcomm/hybrid/1,,,25.9875,2.4648,0.0443,2.143,,,0.2265,0.2303,,0.1235,30.7001,0.3006,,0.8059,,,1.0432,1.9192,853.6890370987911,0.0,1144,4581,102790,102713,True,server,hybrid,102400,TLSv1.3,TLS_AES_256_GCM_SHA384,X25519,qcomm/hybrid/1,,,,25.7521,0.0581,2.3428,0.2447,0.5621,,,0.0995,0.1243,28.2004,,0.1348,,1.124,0.655,,2.0964,781.5302423201679,15.625,4581,1144,102713,102790
True,native,524288000,,,2026-09-05T08:51:43.810518+00:00,120,7,0120-native-524288000-r7,True,client,native,524288000,TLSv1.3,TLS_AES_256_GCM_SHA384,X25519MLKEM768,qcomm/baseline/1,,,2.7687,2.996,,,,,,,,,5.7898,0.2515,,1366.8003,,,1256.8772,2623.7535,3197.17839347332,2546.875,0,0,524448320,524448268,True,server,native,524288000,TLSv1.3,TLS_AES_256_GCM_SHA384,X25519MLKEM768,qcomm/baseline/1,,,,2.6216,,,,,,,,,2.6302,,0.4562,,1366.946,1256.757,,2623.8583,3197.050694391538,2531.25,0,0,524448268,524448320
True,baseline,102400,,,2026-09-05T08:51:44.410983+00:00,121,7,0121-baseline-102400-r7,True,client,baseline,102400,TLSv1.3,TLS_AES_256_GCM_SHA384,X25519,qcomm/baseline/1,,,25.4995,2.4787,,,,,,,,,28.0052,0.2196,,0.7145,,,0.7901,1.5609,1049.6508424626818,0.0,0,0,102640,102588,True,server,baseline,102400,TLSv1.3,TLS_AES_256_GCM_SHA384,X25519,qcomm/baseline/1,,,,25.1675,,,,,,,,,25.1758,,0.3584,,0.8904,0.5652,,1.6565,989.0733474192575,15.625,0,0,102588,102640
True,native,1024,,,2026-09-05T08:51:44.997862+00:00,122,7,0122-native-1024-r7,True,client,native,1024,TLSv1.3,TLS_AES_256_GCM_SHA384,X25519MLKEM768,qcomm/baseline/1,,,21.242,3.0924,,,,,,,,,24.3887,0.324,,0.3607,,,0.4025,0.8262,19.830549503752117,0.0,0,0,1244,1192,True,server,native,1024,TLSv1.3,TLS_AES_256_GCM_SHA384,X25519MLKEM768,qcomm/baseline/1,,,,21.5492,,,,,,,,,21.5584,,0.3747,,0.5195,0.2959,,1.0046,16.30897869798925,15.625,0,0,1192,1244
True,baseline,1024,,,2026-09-05T08:51:45.598161+00:00,123,7,0123-baseline-1024-r7,True,client,baseline,1024,TLSv1.3,TLS_AES_256_GCM_SHA384,X25519,qcomm/baseline/1,,,20.5822,2.6347,,,,,,,,,23.2664,0.2677,,0.3489,,,0.3767,0.7875,20.805079365079365,0.0,0,0,1244,1192,True,server,baseline,1024,TLSv1.3,TLS_AES_256_GCM_SHA384,X25519,qcomm/baseline/1,,,,20.4805,,,,,,,,,20.49,,0.3815,,0.4443,0.2912,,0.8797,18.624531090144366,15.625,0,0,1192,1244
True,native,1048576,,,2026-09-05T08:51:46.200641+00:00,124,7,0124-native-1048576-r7,True,client,native,1048576,TLSv1.3,TLS_AES_256_GCM_SHA384,X25519MLKEM768,qcomm/baseline/1,,,21.0565,3.093,,,,,,,,,24.172,0.246,,3.4032,,,3.5905,7.0485,2380.2533872455133,15.625,0,0,1049116,1049064,True,server,native,1048576,TLSv1.3,TLS_AES_256_GCM_SHA384,X25519MLKEM768,qcomm/baseline/1,,,,21.2165,,,,,,,,,21.2276,,0.3773,,3.5568,3.415,,7.1333,2351.9571586783113,15.625,0,0,1049064,1049116
True,baseline,104857600,,,2026-09-05T08:51:47.370777+00:00,125,7,0125-baseline-104857600-r7,True,client,baseline,104857600,TLSv1.3,TLS_AES_256_GCM_SHA384,X25519,qcomm/baseline/1,,,18.7117,2.6581,,,,,,,,,21.4514,0.2855,,289.828,,,293.4839,583.3823,2875.852764130828,562.5,0,0,104889840,104889788,True,server,baseline,104857600,TLSv1.3,TLS_AES_256_GCM_SHA384,X25519,qcomm/baseline/1,,,,18.6908,,,,,,,,,18.6994,,0.3206,,289.9524,293.3981,,583.4958,2875.293361151871,515.625,0,0,104889788,104889840
True,hybrid,524288000,,,2026-09-05T08:51:51.313398+00:00,126,7,0126-hybrid-524288000-r7,True,client,hybrid,524288000,TLSv1.3,TLS_AES_256_GCM_SHA384,X25519,qcomm/hybrid/1,,,26.9976,2.4858,0.0478,2.4569,,,0.2258,0.2333,,0.1269,32.0484,0.2279,,1730.3383,,,1612.6091,3343.0307,2509.282370634526,3125.0,1144,4581,524648570,524648493,True,server,hybrid,524288000,TLSv1.3,TLS_AES_256_GCM_SHA384,X25519,qcomm/hybrid/1,,,,26.6437,0.0574,2.6551,0.2685,0.9986,,,0.1055,0.1173,29.3979,,0.1425,,1730.5176,1612.4162,,3343.1604,2509.1850214545493,3093.75,4581,1144,524648493,524648570
True,native,1024,,,2026-09-05T08:51:51.895853+00:00,127,8,0127-native-1024-r8,True,client,native,1024,TLSv1.3,TLS_AES_256_GCM_SHA384,X25519MLKEM768,qcomm/baseline/1,,,15.3653,2.9735,,,,,,,,,18.3653,0.2641,,0.3559,,,0.3543,0.7724,21.211807353702742,0.0,0,0,1244,1192,True,server,native,1024,TLSv1.3,TLS_AES_256_GCM_SHA384,X25519MLKEM768,qcomm/baseline/1,,,,15.1821,,,,,,,,,15.1911,,0.3704,,0.473,0.2878,,0.9026,18.15200531797031,15.625,0,0,1192,1244
True,native,524288000,,,2026-09-05T08:51:55.355101+00:00,128,8,0128-native-524288000-r8,True,client,native,524288000,TLSv1.3,TLS_AES_256_GCM_SHA384,X25519MLKEM768,qcomm/baseline/1,,,18.0247,3.4672,,,,,,,,,21.5202,0.2168,,1444.8833,,,1433.158,2878.1189,2914.6148201174037,2781.25,0,0,524448320,524448268,True,server,native,524288000,TLSv1.3,TLS_AES_256_GCM_SHA384,X25519MLKEM768,qcomm/baseline/1,,,,18.6673,,,,,,,,,18.6772,,0.2758,,1444.9769,1433.0785,,2878.2135,2914.519023692996,2703.125,0,0,524448268,524448320
True,hybrid,1048576,,,2026-09-05T08:51:55.965715+00:00,129,8,0129-hybrid-1048576-r8,True,client,hybrid,1048576,TLSv1.3,TLS_AES_256_GCM_SHA384,X25519,qcomm/hybrid/1,,,13.0732,2.5334,0.048,2.1418,,,0.2304,0.2209,,0.1269,17.867,0.2353,,4.0519,,,3.9677,8.0823,2075.7972359353153,0.0,1144,4581,1049641,1049564,True,server,hybrid,1048576,TLSv1.3,TLS_AES_256_GCM_SHA384,X25519,qcomm/hybrid/1,,,,12.877,0.0577,2.325,0.2548,0.6609,,,0.1041,0.1143,15.301,,0.1626,,4.1853,3.3351,,8.1707,2053.3388816135703,15.625,4581,1144,1049564,1049641
True,hybrid,1024,,,2026-09-05T08:51:56.553851+00:00,130,8,0130-hybrid-1024-r8,True,client,hybrid,1024,TLSv1.3,TLS_AES_256_GCM_SHA384,X25519,qcomm/hybrid/1,,,17.3843,2.3442,0.0439,3.0036,,,0.2308,0.2098,,0.1201,22.8334,0.2889,,0.3771,,,0.4455,0.8908,18.39245621912887,0.0,1144,4581,1369,1292,True,server,hybrid,1024,TLSv1.3,TLS_AES_256_GCM_SHA384,X25519,qcomm/hybrid/1,,,,16.9029,0.0539,3.1893,0.2396,1.4049,,,0.1128,0.1143,20.1899,,0.1298,,0.529,0.3101,,1.0602,15.453687983399357,15.625,4581,1144,1292,1369
True,native,1048576,,,2026-09-05T08:51:57.149176+00:00,131,8,0131-native-1048576-r8,True,client,native,1048576,TLSv1.3,TLS_AES_256_GCM_SHA384,X25519MLKEM768,qcomm/baseline/1,,,15.6781,2.9567,,,,,,,,,18.6844,0.2838,,3.3708,,,3.5083,6.9366,2418.651212409538,0.0,0,0,1049116,1049064,True,server,native,1048576,TLSv1.3,TLS_AES_256_GCM_SHA384,X25519MLKEM768,qcomm/baseline/1,,,,15.7656,,,,,,,,,15.782,,0.4054,,3.5024,3.3562,,7.0369,2384.1771234492458,0.0,0,0,1049064,1049116
True,native,104857600,,,2026-09-05T08:51:58.316544+00:00,132,8,0132-native-104857600-r8,True,client,native,104857600,TLSv1.3,TLS_AES_256_GCM_SHA384,X25519MLKEM768,qcomm/baseline/1,,,10.9624,2.8588,,,,,,,,,13.845,0.2066,,287.4489,,,307.2285,594.7577,2820.848893591458,578.125,0,0,104889840,104889788,True,server,native,104857600,TLSv1.3,TLS_AES_256_GCM_SHA384,X25519MLKEM768,qcomm/baseline/1,,,,11.0158,,,,,,,,,11.0251,,0.3408,,287.5498,307.1272,,594.8564,2820.380851580314,546.875,0,0,104889788,104889840
True,native,102400,,,2026-09-05T08:51:58.936587+00:00,133,8,0133-native-102400-r8,True,client,native,102400,TLSv1.3,TLS_AES_256_GCM_SHA384,X25519MLKEM768,qcomm/baseline/1,,,19.7568,2.769,,,,,,,,,22.5514,0.201,,0.7186,,,0.8151,1.5905,1030.1163156240175,0.0,0,0,102640,102588,True,server,native,102400,TLSv1.3,TLS_AES_256_GCM_SHA384,X25519MLKEM768,qcomm/baseline/1,,,,19.6674,,,,,,,,,19.676,,0.3326,,0.875,0.5858,,1.6654,983.7876786357632,15.625,0,0,102588,102640
True,baseline,1073741824,,,2026-09-05T08:52:05.420658+00:00,134,8,0134-baseline-1073741824-r8,True,client,baseline,1073741824,TLSv1.3,TLS_AES_256_GCM_SHA384,X25519,qcomm/baseline/1,,,21.4794,2.5266,,,,,,,,,24.0282,0.3079,,3023.9306,,,2870.7808,5894.7894,2914.4161085720893,5578.125,0,0,1074069944,1074069892,True,server,baseline,1073741824,TLSv1.3,TLS_AES_256_GCM_SHA384,X25519,qcomm/baseline/1,,,,20.9164,,,,,,,,,20.9258,,0.3707,,3024.0666,2870.7034,,5894.9352,2914.3440260378093,5343.75,0,0,1074069892,1074069944
True,hybrid,1073741824,,,2026-09-05T08:52:12.845559+00:00,135,8,0135-hybrid-1073741824-r8,True,client,hybrid,1073741824,TLSv1.3,TLS_AES_256_GCM_SHA384,X25519,qcomm/hybrid/1,,,2.6293,2.4764,0.0462,2.0137,,,0.2433,0.2345,,0.1277,7.2222,0.2548,,3387.7423,,,3444.6034,6832.4281,2514.4602961866512,6531.25,1144,4581,1074479944,1074479867,True,server,hybrid,1073741824,TLSv1.3,TLS_AES_256_GCM_SHA384,X25519,qcomm/hybrid/1,,,,2.1622,0.0587,2.2174,0.2413,0.5771,,,0.1048,0.114,4.4819,,0.1655,,3387.8485,3444.4832,,6832.5457,2514.4170179498396,6515.625,4581,1144,1074479867,1074479944
True,hybrid,102400,,,2026-09-05T08:52:13.442874+00:00,136,8,0136-hybrid-102400-r8,True,client,hybrid,102400,TLSv1.3,TLS_AES_256_GCM_SHA384,X25519,qcomm/hybrid/1,,,20.1248,2.6973,0.0438,2.1529,,,0.261,0.2295,,0.1287,25.1176,0.2555,,0.8041,,,0.9636,1.8307,894.9582127055226,0.0,1144,4581,102790,102713,True,server,hybrid,102400,TLSv1.3,TLS_AES_256_GCM_SHA384,X25519,qcomm/hybrid/1,,,,19.9221,0.057,2.4016,0.4476,0.413,,,0.0992,0.1178,22.432,,0.1272,,1.0768,0.6424,,1.9628,834.7259017729772,15.625,4581,1144,102713,102790
True,hybrid,524288000,,,2026-09-05T08:52:17.198959+00:00,137,8,0137-hybrid-524288000-r8,True,client,hybrid,524288000,TLSv1.3,TLS_AES_256_GCM_SHA384,X25519,qcomm/hybrid/1,,,2.8779,2.3886,0.0488,1.8386,,,0.2274,0.2204,,0.147,7.2554,0.2567,,1722.3101,,,1458.3525,3180.7554,2637.3005607410114,3156.25,1144,4581,524648570,524648493,True,server,hybrid,524288000,TLSv1.3,TLS_AES_256_GCM_SHA384,X25519,qcomm/hybrid/1,,,,2.0591,0.0614,2.0651,0.2363,0.4039,,,0.1043,0.1218,4.2293,,0.2236,,1722.427,1458.2378,,3180.8656,2637.209192365751,3078.125,4581,1144,524648493,524648570
True,baseline,1024,,,2026-09-05T08:52:17.792035+00:00,138,8,0138-baseline-1024-r8,True,client,baseline,1024,TLSv1.3,TLS_AES_256_GCM_SHA384,X25519,qcomm/baseline/1,,,2.8079,2.4221,,,,,,,,,5.2492,0.2648,,0.4047,,,0.3706,0.8379,19.553646019811435,0.0,0,0,1244,1192,True,server,baseline,1024,TLSv1.3,TLS_AES_256_GCM_SHA384,X25519,qcomm/baseline/1,,,,2.1484,,,,,,,,,2.1573,,0.3524,,0.4993,0.3341,,0.9556,17.14524905818334,0.0,0,0,1192,1244
True,native,1073741824,,,2026-09-05T08:52:24.358938+00:00,139,8,0139-native-1073741824-r8,True,client,native,1073741824,TLSv1.3,TLS_AES_256_GCM_SHA384,X25519MLKEM768,qcomm/baseline/1,,,2.651,3.2608,,,,,,,,,5.929,0.2455,,2946.4757,,,3039.5175,5986.0747,2869.972401781087,5562.5,0,0,1074069944,1074069892,True,server,native,1073741824,TLSv1.3,TLS_AES_256_GCM_SHA384,X25519MLKEM768,qcomm/baseline/1,,,,2.9673,,,,,,,,,2.9752,,0.3542,,2946.6217,3039.3965,,5986.1803,2869.9217736558985,5828.125,0,0,1074069892,1074069944
True,baseline,104857600,,,2026-09-05T08:52:25.551363+00:00,140,8,0140-baseline-104857600-r8,True,client,baseline,104857600,TLSv1.3,TLS_AES_256_GCM_SHA384,X25519,qcomm/baseline/1,,,18.477,2.5432,,,,,,,,,21.0666,0.2811,,293.0245,,,295.2807,588.3921,2851.366631197122,578.125,0,0,104889840,104889788,True,server,baseline,104857600,TLSv1.3,TLS_AES_256_GCM_SHA384,X25519,qcomm/baseline/1,,,,18.2486,,,,,,,,,18.2579,,0.3802,,293.1503,295.1259,,588.5304,2850.6965825384723,562.5,0,0,104889788,104889840
True,baseline,524288000,,,2026-09-05T08:52:28.987635+00:00,141,8,0141-baseline-524288000-r8,True,client,baseline,524288000,TLSv1.3,TLS_AES_256_GCM_SHA384,X25519,qcomm/baseline/1,,,19.7285,2.3736,,,,,,,,,22.1238,0.2599,,1401.9499,,,1435.695,2837.7222,2956.106133292399,2703.125,0,0,524448320,524448268,True,server,baseline,524288000,TLSv1.3,TLS_AES_256_GCM_SHA384,X25519,qcomm/baseline/1,,,,19.328,,,,,,,,,19.3366,,0.3433,,1402.4101,1435.2704,,2837.8353,2955.988319688602,2718.75,0,0,524448268,524448320
True,hybrid,104857600,,,2026-09-05T08:52:30.259496+00:00,142,8,0142-hybrid-104857600-r8,True,client,hybrid,104857600,TLSv1.3,TLS_AES_256_GCM_SHA384,X25519,qcomm/hybrid/1,,,18.0184,2.445,0.043,1.9786,,,0.2312,0.2153,,0.1263,22.5464,0.2401,,342.3033,,,345.0295,687.4096,2440.6432496723933,656.25,1144,4581,104929990,104929913,True,server,hybrid,104857600,TLSv1.3,TLS_AES_256_GCM_SHA384,X25519,qcomm/hybrid/1,,,,17.7269,0.0553,2.1666,0.2331,0.4841,,,0.1031,0.115,19.9908,,0.123,,342.5565,344.7752,,687.5144,2440.2712146829217,671.875,4581,1144,104929913,104929990
True,baseline,1048576,,,2026-09-05T08:52:30.835607+00:00,143,8,0143-baseline-1048576-r8,True,client,baseline,1048576,TLSv1.3,TLS_AES_256_GCM_SHA384,X25519,qcomm/baseline/1,,,2.8315,2.6294,,,,,,,,,5.4859,0.2505,,3.4586,,,3.2868,6.8037,2465.8959095786113,0.0,0,0,1049116,1049064,True,server,baseline,1048576,TLSv1.3,TLS_AES_256_GCM_SHA384,X25519,qcomm/baseline/1,,,,2.5238,,,,,,,,,2.533,,0.4904,,3.5841,3.1414,,6.8954,2433.1026481422396,0.0,0,0,1049064,1049116
True,baseline,102400,,,2026-09-05T08:52:31.399274+00:00,144,8,0144-baseline-102400-r8,True,client,baseline,102400,TLSv1.3,TLS_AES_256_GCM_SHA384,X25519,qcomm/baseline/1,,,2.6354,2.3448,,,,,,,,,4.9986,0.2061,,0.7567,,,0.8573,1.6699,981.1365950056891,15.625,0,0,102640,102588,True,server,baseline,102400,TLSv1.3,TLS_AES_256_GCM_SHA384,X25519,qcomm/baseline/1,,,,2.0617,,,,,,,,,2.0695,,0.3523,,0.9497,0.5842,,1.7518,935.2665829432584,0.0,0,0,102588,102640
True,baseline,524288000,,,2026-09-05T08:52:34.848147+00:00,145,9,0145-baseline-524288000-r9,True,client,baseline,524288000,TLSv1.3,TLS_AES_256_GCM_SHA384,X25519,qcomm/baseline/1,,,2.4971,2.5437,,,,,,,,,5.0585,0.2361,,1477.1511,,,1405.5373,2882.7634,2909.9190034117955,2734.375,0,0,524448320,524448268,True,server,baseline,524288000,TLSv1.3,TLS_AES_256_GCM_SHA384,X25519,qcomm/baseline/1,,,,2.2574,,,,,,,,,2.2674,,0.3267,,1477.2852,1405.4263,,2882.8778,2909.8035303473494,2625.0,0,0,524448268,524448320
True,baseline,1073741824,,,2026-09-05T08:52:41.240401+00:00,146,9,0146-baseline-1073741824-r9,True,client,baseline,1073741824,TLSv1.3,TLS_AES_256_GCM_SHA384,X25519,qcomm/baseline/1,,,25.8373,2.5244,,,,,,,,,28.3835,0.2602,,2892.7032,,,2903.4447,5796.2254,2963.975345748286,5515.625,0,0,1074069944,1074069892,True,server,baseline,1073741824,TLSv1.3,TLS_AES_256_GCM_SHA384,X25519,qcomm/baseline/1,,,,25.6031,,,,,,,,,25.6117,,0.3695,,2892.809,2903.3617,,5796.3365,2963.918534405309,5453.125,0,0,1074069892,1074069944
True,hybrid,524288000,,,2026-09-05T08:52:44.932348+00:00,147,9,0147-hybrid-524288000-r9,True,client,hybrid,524288000,TLSv1.3,TLS_AES_256_GCM_SHA384,X25519,qcomm/hybrid/1,,,11.5765,2.3859,0.0438,2.1404,,,0.2335,0.2192,,0.1209,16.2046,0.2484,,1676.4084,,,1422.1625,3098.6534,2707.1785440733706,3078.125,1144,4581,524648570,524648493,True,server,hybrid,524288000,TLSv1.3,TLS_AES_256_GCM_SHA384,X25519,qcomm/hybrid/1,,,,11.2903,0.0589,2.3215,0.238,0.6554,,,0.1023,0.1149,13.7174,,0.1231,,1676.5191,1422.0367,,3098.7772,2707.0703889263164,2906.25,4581,1144,524648493,524648570
True,native,102400,,,2026-09-05T08:52:45.531640+00:00,148,9,0148-native-102400-r9,True,client,native,102400,TLSv1.3,TLS_AES_256_GCM_SHA384,X25519MLKEM768,qcomm/baseline/1,,,9.9267,2.9664,,,,,,,,,12.9272,0.2847,,0.7337,,,0.8338,1.6237,1009.0533965634047,0.0,0,0,102640,102588,True,server,native,102400,TLSv1.3,TLS_AES_256_GCM_SHA384,X25519MLKEM768,qcomm/baseline/1,,,,10.0037,,,,,,,,,10.0124,,0.4098,,0.9178,0.6246,,1.7221,951.3965507229545,0.0,0,0,102588,102640
True,baseline,1024,,,2026-09-05T08:52:46.118958+00:00,149,9,0149-baseline-1024-r9,True,client,baseline,1024,TLSv1.3,TLS_AES_256_GCM_SHA384,X25519,qcomm/baseline/1,,,19.6439,2.6733,,,,,,,,,22.3585,0.2156,,0.3437,,,0.333,0.7347,22.300258608956035,15.625,0,0,1244,1192,True,server,baseline,1024,TLSv1.3,TLS_AES_256_GCM_SHA384,X25519,qcomm/baseline/1,,,,19.4603,,,,,,,,,19.4694,,0.3602,,0.4099,0.2889,,0.8135,20.140135218192995,0.0,0,0,1192,1244
True,native,1024,,,2026-09-05T08:52:46.689303+00:00,150,9,0150-native-1024-r9,True,client,native,1024,TLSv1.3,TLS_AES_256_GCM_SHA384,X25519MLKEM768,qcomm/baseline/1,,,7.1297,2.8571,,,,,,,,,10.0226,0.2069,,0.3598,,,0.3174,0.7307,22.422334747502394,0.0,0,0,1244,1192,True,server,native,1024,TLSv1.3,TLS_AES_256_GCM_SHA384,X25519MLKEM768,qcomm/baseline/1,,,,7.2252,,,,,,,,,7.2339,,0.3351,,0.4307,0.278,,0.8123,20.16988797242398,0.0,0,0,1192,1244
True,hybrid,1048576,,,2026-09-05T08:52:47.263853+00:00,151,9,0151-hybrid-1048576-r9,True,client,hybrid,1048576,TLSv1.3,TLS_AES_256_GCM_SHA384,X25519,qcomm/hybrid/1,,,12.8191,2.3796,0.0442,1.9916,,,0.2252,0.2286,,0.1223,17.2978,0.2817,,3.9986,,,3.9608,8.0277,2089.9156670030025,0.0,1144,4581,1049641,1049564,True,server,hybrid,1048576,TLSv1.3,TLS_AES_256_GCM_SHA384,X25519,qcomm/hybrid/1,,,,12.37,0.0592,2.167,0.2476,0.4743,,,0.0966,0.1198,14.6386,,0.1626,,4.2088,3.7627,,8.158,2056.53542534935,0.0,4581,1144,1049564,1049641
True,hybrid,104857600,,,2026-09-05T08:52:48.549344+00:00,152,9,0152-hybrid-104857600-r9,True,client,hybrid,104857600,TLSv1.3,TLS_AES_256_GCM_SHA384,X25519,qcomm/hybrid/1,,,17.6219,2.5502,0.0446,2.3168,,,0.2299,0.2219,,0.1218,22.5947,0.2416,,342.7895,,,347.3831,690.2558,2430.579504004168,656.25,1144,4581,104929990,104929913,True,server,hybrid,104857600,TLSv1.3,TLS_AES_256_GCM_SHA384,X25519,qcomm/hybrid/1,,,,17.2753,0.056,2.5337,0.252,0.881,,,0.1077,0.114,19.907,,0.1248,,342.9268,347.2078,,690.3709,2430.1742729886214,640.625,4581,1144,104929913,104929990
True,native,1073741824,,,2026-09-05T08:52:54.892735+00:00,153,9,0153-native-1073741824-r9,True,client,native,1073741824,TLSv1.3,TLS_AES_256_GCM_SHA384,X25519MLKEM768,qcomm/baseline/1,,,10.8239,3.3908,,,,,,,,,14.2377,0.2139,,2944.8694,,,2805.1313,5750.0789,2987.762339052426,5531.25,0,0,1074069944,1074069892,True,server,native,1073741824,TLSv1.3,TLS_AES_256_GCM_SHA384,X25519MLKEM768,qcomm/baseline/1,,,,11.4472,,,,,,,,,11.4574,,0.35,,2944.966,2805.0497,,5750.1799,2987.709859999337,5328.125,0,0,1074069892,1074069944
True,native,104857600,,,2026-09-05T08:52:56.091036+00:00,154,9,0154-native-104857600-r9,True,client,native,104857600,TLSv1.3,TLS_AES_256_GCM_SHA384,X25519MLKEM768,qcomm/baseline/1,,,2.6836,2.8353,,,,,,,,,5.5374,0.2071,,290.8412,,,315.2195,606.1479,2767.841973881292,562.5,0,0,104889840,104889788,True,server,native,104857600,TLSv1.3,TLS_AES_256_GCM_SHA384,X25519MLKEM768,qcomm/baseline/1,,,,2.5436,,,,,,,,,2.552,,0.3104,,290.944,315.1287,,606.2484,2767.383138660655,562.5,0,0,104889788,104889840
True,hybrid,1073741824,,,2026-09-05T08:53:03.446661+00:00,155,9,0155-hybrid-1073741824-r9,True,client,hybrid,1073741824,TLSv1.3,TLS_AES_256_GCM_SHA384,X25519,qcomm/hybrid/1,,,2.8192,2.4948,0.0435,1.9954,,,0.4025,0.2318,,0.1246,7.4088,0.2595,,3416.6333,,,3359.0519,6775.8049,2535.4728239002275,6468.75,1144,4581,1074479944,1074479867,True,server,hybrid,1073741824,TLSv1.3,TLS_AES_256_GCM_SHA384,X25519,qcomm/hybrid/1,,,,2.2024,0.0559,2.2265,0.2356,0.407,,,0.1089,0.1154,4.5315,,0.1288,,3417.0321,3358.6416,,6775.9783,2535.4079401346376,6578.125,4581,1144,1074479867,1074479944
True,native,524288000,,,2026-09-05T08:53:06.955552+00:00,156,9,0156-native-524288000-r9,True,client,native,524288000,TLSv1.3,TLS_AES_256_GCM_SHA384,X25519MLKEM768,qcomm/baseline/1,,,26.1707,2.8751,,,,,,,,,29.0692,0.261,,1467.4624,,,1447.8961,2915.4331,2877.311093161424,2671.875,0,0,524448320,524448268,True,server,native,524288000,TLSv1.3,TLS_AES_256_GCM_SHA384,X25519MLKEM768,qcomm/baseline/1,,,,26.3313,,,,,,,,,26.3406,,0.3637,,1467.5742,1447.8136,,2915.5462,2877.1994763794173,2734.375,0,0,524448268,524448320
True,baseline,104857600,,,2026-09-05T08:53:08.142519+00:00,157,9,0157-baseline-104857600-r9,True,client,baseline,104857600,TLSv1.3,TLS_AES_256_GCM_SHA384,X25519,qcomm/baseline/1,,,12.2911,2.7497,,,,,,,,,15.0658,0.2798,,283.9062,,,313.3037,597.293,2808.8753760717104,546.875,0,0,104889840,104889788,True,server,baseline,104857600,TLSv1.3,TLS_AES_256_GCM_SHA384,X25519,qcomm/baseline/1,,,,12.1657,,,,,,,,,12.1749,,0.3796,,284.0911,313.1976,,597.4418,2808.1757921859507,546.875,0,0,104889788,104889840
True,hybrid,102400,,,2026-09-05T08:53:08.719349+00:00,158,9,0158-hybrid-102400-r9,True,client,hybrid,102400,TLSv1.3,TLS_AES_256_GCM_SHA384,X25519,qcomm/hybrid/1,,,2.5079,2.3395,0.0429,2.0428,,,0.226,0.215,,0.1204,6.9844,0.2304,,0.8124,,,1.0255,1.9012,861.7715127288028,0.0,1144,4581,102790,102713,True,server,hybrid,102400,TLSv1.3,TLS_AES_256_GCM_SHA384,X25519,qcomm/hybrid/1,,,,2.0671,0.0546,2.2233,0.2317,0.6538,,,0.0982,0.1106,4.3846,,0.1519,,1.0153,0.682,,1.9983,819.8969123755192,15.625,4581,1144,102713,102790
True,baseline,1048576,,,2026-09-05T08:53:09.313910+00:00,159,9,0159-baseline-1048576-r9,True,client,baseline,1048576,TLSv1.3,TLS_AES_256_GCM_SHA384,X25519,qcomm/baseline/1,,,20.6751,2.8796,,,,,,,,,23.6089,0.2128,,3.366,,,3.4608,6.8894,2435.221644845705,0.0,0,0,1049116,1049064,True,server,baseline,1048576,TLSv1.3,TLS_AES_256_GCM_SHA384,X25519,qcomm/baseline/1,,,,20.7092,,,,,,,,,20.7184,,0.3549,,3.5076,3.317,,6.9753,2405.232176393847,15.625,0,0,1049064,1049116
True,baseline,102400,,,2026-09-05T08:53:09.946036+00:00,160,9,0160-baseline-102400-r9,True,client,baseline,102400,TLSv1.3,TLS_AES_256_GCM_SHA384,X25519,qcomm/baseline/1,,,19.4826,2.6472,,,,,,,,,22.1757,0.2522,,0.7174,,,0.8637,1.6385,999.9389685688129,15.625,0,0,102640,102588,True,server,baseline,102400,TLSv1.3,TLS_AES_256_GCM_SHA384,X25519,qcomm/baseline/1,,,,18.7947,,,,,,,,,18.8052,,0.405,,0.9334,0.5797,,1.7228,951.009983747388,0.0,0,0,102588,102640
True,native,1048576,,,2026-09-05T08:53:10.529173+00:00,161,9,0161-native-1048576-r9,True,client,native,1048576,TLSv1.3,TLS_AES_256_GCM_SHA384,X25519MLKEM768,qcomm/baseline/1,,,3.1443,2.8882,,,,,,,,,6.0505,0.2247,,3.4239,,,3.299,6.7892,2471.1624344547217,15.625,0,0,1049116,1049064,True,server,native,1048576,TLSv1.3,TLS_AES_256_GCM_SHA384,X25519MLKEM768,qcomm/baseline/1,,,,2.6416,,,,,,,,,2.6502,,0.3307,,3.5481,3.1306,,6.8768,2439.6835737552346,15.625,0,0,1049064,1049116
True,hybrid,1024,,,2026-09-05T08:53:11.137124+00:00,162,9,0162-hybrid-1024-r9,True,client,hybrid,1024,TLSv1.3,TLS_AES_256_GCM_SHA384,X25519,qcomm/hybrid/1,,,25.7242,2.8993,0.0455,2.7105,,,0.2275,0.2259,,0.1238,31.4594,0.238,,0.3663,,,0.3392,0.7638,21.450641529196126,0.0,1144,4581,1369,1292,True,server,hybrid,1024,TLSv1.3,TLS_AES_256_GCM_SHA384,X25519,qcomm/hybrid/1,,,,25.7416,0.0601,2.9354,0.2614,1.3117,,,0.0995,0.1154,28.7796,,0.1535,,0.4375,0.3026,,0.8595,19.062245491564862,31.25,4581,1144,1292,1369
True,native,524288000,,,2026-09-05T08:53:14.652203+00:00,163,10,0163-native-524288000-r10,True,client,native,524288000,TLSv1.3,TLS_AES_256_GCM_SHA384,X25519MLKEM768,qcomm/baseline/1,,,16.553,3.0814,,,,,,,,,19.6546,0.2603,,1443.7861,,,1490.4472,2934.312,2858.798927994024,2828.125,0,0,524448320,524448268,True,server,native,524288000,TLSv1.3,TLS_AES_256_GCM_SHA384,X25519MLKEM768,qcomm/baseline/1,,,,16.6234,,,,,,,,,16.6327,,0.3729,,1444.0616,1490.0859,,2934.4214,2858.6923473227125,2656.25,0,0,524448268,524448320
True,hybrid,102400,,,2026-09-05T08:53:15.258969+00:00,164,10,0164-hybrid-102400-r10,True,client,hybrid,102400,TLSv1.3,TLS_AES_256_GCM_SHA384,X25519,qcomm/hybrid/1,,,24.7726,2.6257,0.0446,2.1059,,,0.2216,0.2278,,0.1235,29.6403,0.3072,,0.8124,,,1.0427,1.9236,851.7363277188605,0.0,1144,4581,102790,102713,True,server,hybrid,102400,TLSv1.3,TLS_AES_256_GCM_SHA384,X25519,qcomm/hybrid/1,,,,24.5323,0.0568,2.2937,0.2727,0.4915,,,0.0989,0.1235,26.926,,0.1449,,1.1246,0.6735,,2.103,779.0775083214455,0.0,4581,1144,102713,102790
True,native,1048576,,,2026-09-05T08:53:15.821677+00:00,165,10,0165-native-1048576-r10,True,client,native,1048576,TLSv1.3,TLS_AES_256_GCM_SHA384,X25519MLKEM768,qcomm/baseline/1,,,2.588,3.2807,,,,,,,,,5.8858,0.2094,,3.3366,,,3.4946,6.9017,2430.881666835707,0.0,0,0,1049116,1049064,True,server,native,1048576,TLSv1.3,TLS_AES_256_GCM_SHA384,X25519MLKEM768,qcomm/baseline/1,,,,2.9221,,,,,,,,,2.9308,,0.3952,,3.4447,3.2887,,7.0048,2395.1027866605755,15.625,0,0,1049064,1049116
True,hybrid,104857600,,,2026-09-05T08:53:17.110948+00:00,166,10,0166-hybrid-104857600-r10,True,client,hybrid,104857600,TLSv1.3,TLS_AES_256_GCM_SHA384,X25519,qcomm/hybrid/1,,,22.3522,2.5681,0.0467,2.0324,,,0.2252,0.2357,,0.1267,27.0645,0.2533,,344.8114,,,331.3349,676.2282,2480.9991656662646,625.0,1144,4581,104929990,104929913,True,server,hybrid,104857600,TLSv1.3,TLS_AES_256_GCM_SHA384,X25519,qcomm/hybrid/1,,,,22.0193,0.0565,2.2397,0.2473,0.4775,,,0.0976,0.1183,24.3589,,0.1291,,344.9361,331.1915,,676.3708,2480.4760938822315,625.0,4581,1144,104929913,104929990
True,native,1073741824,,,2026-09-05T08:53:23.610534+00:00,167,10,0167-native-1073741824-r10,True,client,native,1073741824,TLSv1.3,TLS_AES_256_GCM_SHA384,X25519MLKEM768,qcomm/baseline/1,,,2.9524,2.8551,,,,,,,,,5.8275,0.206,,2909.9737,,,3008.5061,5918.5573,2902.712318760519,5312.5,0,0,1074069944,1074069892,True,server,native,1073741824,TLSv1.3,TLS_AES_256_GCM_SHA384,X25519MLKEM768,qcomm/baseline/1,,,,2.5694,,,,,,,,,2.5778,,0.3484,,2910.0981,3008.3905,,5918.6493,2902.6671987475247,5531.25,0,0,1074069892,1074069944
True,baseline,102400,,,2026-09-05T08:53:24.196226+00:00,168,10,0168-baseline-102400-r10,True,client,baseline,102400,TLSv1.3,TLS_AES_256_GCM_SHA384,X25519,qcomm/baseline/1,,,2.5379,2.315,,,,,,,,,4.8709,0.2235,,0.704,,,0.8704,1.6297,1005.338405841566,15.625,0,0,102640,102588,True,server,baseline,102400,TLSv1.3,TLS_AES_256_GCM_SHA384,X25519,qcomm/baseline/1,,,,2.0222,,,,,,,,,2.0302,,0.3363,,0.8968,0.5919,,1.7206,952.2259676856911,15.625,0,0,102588,102640
True,native,104857600,,,2026-09-05T08:53:25.373284+00:00,169,10,0169-native-104857600-r10,True,client,native,104857600,TLSv1.3,TLS_AES_256_GCM_SHA384,X25519MLKEM768,qcomm/baseline/1,,,2.8151,2.8579,,,,,,,,,5.6919,0.2335,,294.1566,,,297.0064,591.238,2837.641694207747,578.125,0,0,104889840,104889788,True,server,native,104857600,TLSv1.3,TLS_AES_256_GCM_SHA384,X25519MLKEM768,qcomm/baseline/1,,,,2.5743,,,,,,,,,2.5829,,0.3637,,294.2781,296.8915,,591.352,2837.0946576658234,531.25,0,0,104889788,104889840
True,hybrid,1048576,,,2026-09-05T08:53:25.982597+00:00,170,10,0170-hybrid-1048576-r10,True,client,hybrid,1048576,TLSv1.3,TLS_AES_256_GCM_SHA384,X25519,qcomm/hybrid/1,,,20.3481,2.5833,0.0447,2.2318,,,0.2256,0.218,,0.1264,25.2649,0.2489,,4.0577,,,3.9309,8.0537,2083.168729900543,15.625,1144,4581,1049641,1049564,True,server,hybrid,1048576,TLSv1.3,TLS_AES_256_GCM_SHA384,X25519,qcomm/hybrid/1,,,,20.0948,0.058,2.4505,0.2687,0.8129,,,0.0956,0.1139,22.6451,,0.1638,,4.2074,3.7563,,8.1481,2059.034130656227,31.25,4581,1144,1049564,1049641
True,baseline,524288000,,,2026-09-05T08:53:29.418922+00:00,171,10,0171-baseline-524288000-r10,True,client,baseline,524288000,TLSv1.3,TLS_AES_256_GCM_SHA384,X25519,qcomm/baseline/1,,,12.9496,2.3511,,,,,,,,,15.3201,0.2259,,1446.1276,,,1396.596,2842.799,2950.8269842503814,2812.5,0,0,524448320,524448268,True,server,baseline,524288000,TLSv1.3,TLS_AES_256_GCM_SHA384,X25519,qcomm/baseline/1,,,,12.5184,,,,,,,,,12.5264,,0.3315,,1446.2653,1396.4524,,2842.9202,2950.7011839445936,2781.25,0,0,524448268,524448320
True,hybrid,1073741824,,,2026-09-05T08:53:36.900373+00:00,172,10,0172-hybrid-1073741824-r10,True,client,hybrid,1073741824,TLSv1.3,TLS_AES_256_GCM_SHA384,X25519,qcomm/hybrid/1,,,2.7395,2.4499,0.0455,2.0855,,,0.2246,0.2196,,0.1242,7.3828,0.2153,,3487.5384,,,3423.0209,6910.6437,2486.0012944959094,6656.25,1144,4581,1074479944,1074479867,True,server,hybrid,1073741824,TLSv1.3,TLS_AES_256_GCM_SHA384,X25519,qcomm/hybrid/1,,,,2.145,0.055,2.2899,0.2641,0.6712,,,0.0965,0.113,4.5319,,0.1309,,3487.663,3422.8884,,6910.7565,2485.9607170358267,6593.75,4581,1144,1074479867,1074479944
True,baseline,1024,,,2026-09-05T08:53:37.486623+00:00,173,10,0173-baseline-1024-r10,True,client,baseline,1024,TLSv1.3,TLS_AES_256_GCM_SHA384,X25519,qcomm/baseline/1,,,7.1503,2.5433,,,,,,,,,9.7211,0.266,,0.3619,,,0.3547,0.7793,21.0239958937508,15.625,0,0,1244,1192,True,server,baseline,1024,TLSv1.3,TLS_AES_256_GCM_SHA384,X25519,qcomm/baseline/1,,,,6.8341,,,,,,,,,6.8429,,0.3796,,0.4773,0.2889,,0.8975,18.25515320334262,15.625,0,0,1192,1244
True,baseline,1073741824,,,2026-09-05T08:53:43.828106+00:00,174,10,0174-baseline-1073741824-r10,True,client,baseline,1073741824,TLSv1.3,TLS_AES_256_GCM_SHA384,X25519,qcomm/baseline/1,,,2.7405,2.4037,,,,,,,,,5.1614,0.2068,,2871.9899,,,2897.6733,5769.7378,2977.582306079836,5453.125,0,0,1074069944,1074069892,True,server,baseline,1073741824,TLSv1.3,TLS_AES_256_GCM_SHA384,X25519,qcomm/baseline/1,,,,2.0885,,,,,,,,,2.0966,,0.3541,,2872.1218,2897.5395,,5769.826,2977.5367894976384,5468.75,0,0,1074069892,1074069944
True,baseline,1048576,,,2026-09-05T08:53:44.432141+00:00,175,10,0175-baseline-1048576-r10,True,client,baseline,1048576,TLSv1.3,TLS_AES_256_GCM_SHA384,X25519,qcomm/baseline/1,,,20.5744,2.5315,,,,,,,,,23.1287,0.279,,3.4419,,,3.4763,6.9802,2403.5437380017765,15.625,0,0,1049116,1049064,True,server,baseline,1048576,TLSv1.3,TLS_AES_256_GCM_SHA384,X25519,qcomm/baseline/1,,,,20.1832,,,,,,,,,20.192,,0.3659,,3.6004,3.3467,,7.0928,2365.386871193323,15.625,0,0,1049064,1049116
True,baseline,104857600,,,2026-09-05T08:53:45.591002+00:00,176,10,0176-baseline-104857600-r10,True,client,baseline,104857600,TLSv1.3,TLS_AES_256_GCM_SHA384,X25519,qcomm/baseline/1,,,2.6571,2.419,,,,,,,,,5.0927,0.193,,289.3866,,,278.0503,567.5133,2956.268337675963,562.5,0,0,104889840,104889788,True,server,baseline,104857600,TLSv1.3,TLS_AES_256_GCM_SHA384,X25519,qcomm/baseline/1,,,,2.1036,,,,,,,,,2.1117,,0.3501,,289.4606,277.9237,,567.5941,2955.847497357707,515.625,0,0,104889788,104889840
True,hybrid,524288000,,,2026-09-05T08:53:49.365822+00:00,177,10,0177-hybrid-524288000-r10,True,client,hybrid,524288000,TLSv1.3,TLS_AES_256_GCM_SHA384,X25519,qcomm/hybrid/1,,,13.7866,2.7069,0.0523,4.1021,,,0.2337,0.2314,,0.1436,20.7173,0.2651,,1705.0541,,,1486.5641,3191.698,2628.2586886353283,3109.375,1144,4581,524648570,524648493,True,server,hybrid,524288000,TLSv1.3,TLS_AES_256_GCM_SHA384,X25519,qcomm/hybrid/1,,,,13.739,0.0592,4.3154,0.2725,2.5279,,,0.1019,0.1199,18.1586,,0.132,,1705.2315,1486.4164,,3191.8546,2628.1297399950486,2906.25,4581,1144,524648493,524648570
True,native,102400,,,2026-09-05T08:53:49.971587+00:00,178,10,0178-native-102400-r10,True,client,native,102400,TLSv1.3,TLS_AES_256_GCM_SHA384,X25519MLKEM768,qcomm/baseline/1,,,24.6492,2.9736,,,,,,,,,27.6454,0.3032,,0.7354,,,0.9727,1.7707,925.2837860733044,0.0,0,0,102640,102588,True,server,native,102400,TLSv1.3,TLS_AES_256_GCM_SHA384,X25519MLKEM768,qcomm/baseline/1,,,,24.877,,,,,,,,,24.887,,0.3905,,1.0191,0.6348,,1.9354,846.5433502118424,0.0,0,0,102588,102640
True,hybrid,1024,,,2026-09-05T08:53:50.565272+00:00,179,10,0179-hybrid-1024-r10,True,client,hybrid,1024,TLSv1.3,TLS_AES_256_GCM_SHA384,X25519,qcomm/hybrid/1,,,2.5383,2.441,0.0452,1.9565,,,0.2993,0.2242,,0.1224,7.037,0.2454,,0.3538,,,0.3571,0.7693,21.297283244507994,15.625,1144,4581,1369,1292,True,server,hybrid,1024,TLSv1.3,TLS_AES_256_GCM_SHA384,X25519,qcomm/hybrid/1,,,,2.1241,0.0551,2.169,0.2509,0.4899,,,0.1041,0.1123,4.388,,0.1659,,0.4387,0.3001,,0.8634,18.976140838545287,31.25,4581,1144,1292,1369
True,native,1024,,,2026-09-05T08:53:51.156246+00:00,180,10,0180-native-1024-r10,True,client,native,1024,TLSv1.3,TLS_AES_256_GCM_SHA384,X25519MLKEM768,qcomm/baseline/1,,,13.6256,3.4522,,,,,,,,,17.1021,0.2259,,0.3489,,,0.3236,0.7256,22.579933847850054,0.0,0,0,1244,1192,True,server,native,1024,TLSv1.3,TLS_AES_256_GCM_SHA384,X25519MLKEM768,qcomm/baseline/1,,,,14.1046,,,,,,,,,14.1146,,0.3576,,0.4369,0.2837,,0.8206,19.96587862539605,0.0,0,0,1192,1244
True,baseline,104857600,,,2026-09-05T08:53:52.326842+00:00,181,11,0181-baseline-104857600-r11,True,client,baseline,104857600,TLSv1.3,TLS_AES_256_GCM_SHA384,X25519,qcomm/baseline/1,,,23.6468,2.368,,,,,,,,,26.0362,0.2577,,280.0978,,,294.5048,574.6791,2919.405978049315,500.0,0,0,104889840,104889788,True,server,baseline,104857600,TLSv1.3,TLS_AES_256_GCM_SHA384,X25519,qcomm/baseline/1,,,,23.2291,,,,,,,,,23.2372,,0.3478,,280.2544,294.3672,,574.7923,2918.831028181832,562.5,0,0,104889788,104889840
True,baseline,1024,,,2026-09-05T08:53:52.927583+00:00,182,11,0182-baseline-1024-r11,True,client,baseline,1024,TLSv1.3,TLS_AES_256_GCM_SHA384,X25519,qcomm/baseline/1,,,18.6089,2.4972,,,,,,,,,21.1298,0.2608,,0.3913,,,0.3222,0.7752,21.135190918472652,0.0,0,0,1244,1192,True,server,baseline,1024,TLSv1.3,TLS_AES_256_GCM_SHA384,X25519,qcomm/baseline/1,,,,18.3707,,,,,,,,,18.3792,,0.3701,,0.4762,0.2875,,0.9117,17.97082373587803,0.0,0,0,1192,1244
True,hybrid,1073741824,,,2026-09-05T08:54:00.455403+00:00,183,11,0183-hybrid-1073741824-r11,True,client,hybrid,1073741824,TLSv1.3,TLS_AES_256_GCM_SHA384,X25519,qcomm/hybrid/1,,,20.5186,2.6922,0.0464,1.9096,,,0.2188,0.2263,,0.1252,25.2368,0.2347,,3513.0611,,,3411.651,6924.7956,2480.920763061945,6609.375,1144,4581,1074479944,1074479867,True,server,hybrid,1073741824,TLSv1.3,TLS_AES_256_GCM_SHA384,X25519,qcomm/hybrid/1,,,,20.1658,0.0589,2.1276,0.2656,0.4863,,,0.1049,0.1149,22.3971,,0.1483,,3513.1817,3411.478,,6924.9082,2480.880422934704,6468.75,4581,1144,1074479867,1074479944
True,hybrid,104857600,,,2026-09-05T08:54:01.666461+00:00,184,11,0184-hybrid-104857600-r11,True,client,hybrid,104857600,TLSv1.3,TLS_AES_256_GCM_SHA384,X25519,qcomm/hybrid/1,,,2.5842,2.3712,0.0464,3.3237,,,0.233,0.2208,,0.124,8.3805,0.2191,,343.6296,,,292.9191,636.6434,2635.2611210608634,625.0,1144,4581,104929990,104929913,True,server,hybrid,104857600,TLSv1.3,TLS_AES_256_GCM_SHA384,X25519,qcomm/hybrid/1,,,,2.0357,0.066,3.5546,0.2356,1.9494,,,0.0956,0.1167,5.6978,,0.1319,,343.7603,292.7441,,636.756,2634.7951177531113,593.75,4581,1144,104929913,104929990
True,baseline,1073741824,,,2026-09-05T08:54:08.215272+00:00,185,11,0185-baseline-1073741824-r11,True,client,baseline,1073741824,TLSv1.3,TLS_AES_256_GCM_SHA384,X25519,qcomm/baseline/1,,,12.8097,2.6237,,,,,,,,,15.4568,0.2135,,2969.1581,,,2979.9029,5949.1394,2887.790658258907,5703.125,0,0,1074069944,1074069892,True,server,baseline,1073741824,TLSv1.3,TLS_AES_256_GCM_SHA384,X25519,qcomm/baseline/1,,,,12.4961,,,,,,,,,12.5046,,0.4822,,2969.2444,2979.8152,,5949.25,2887.7369725595663,5484.375,0,0,1074069892,1074069944
True,hybrid,1048576,,,2026-09-05T08:54:08.828681+00:00,186,11,0186-hybrid-1048576-r11,True,client,hybrid,1048576,TLSv1.3,TLS_AES_256_GCM_SHA384,X25519,qcomm/hybrid/1,,,2.92,2.4544,0.0456,2.3939,,,0.2264,0.2408,,0.1438,7.8742,0.235,,4.0659,,,4.0115,8.1572,2056.737115676948,15.625,1144,4581,1049641,1049564,True,server,hybrid,1048576,TLSv1.3,TLS_AES_256_GCM_SHA384,X25519,qcomm/hybrid/1,,,,2.1724,0.0574,2.6,0.2474,0.8131,,,0.1158,0.1273,4.8776,,0.138,,4.2336,3.7916,,8.2815,2025.866811567953,15.625,4581,1144,1049564,1049641
True,baseline,1048576,,,2026-09-05T08:54:09.423698+00:00,187,11,0187-baseline-1048576-r11,True,client,baseline,1048576,TLSv1.3,TLS_AES_256_GCM_SHA384,X25519,qcomm/baseline/1,,,2.7168,2.4167,,,,,,,,,5.1509,0.2005,,3.4415,,,3.326,6.8257,2457.948049284322,15.625,0,0,1049116,1049064,True,server,baseline,1048576,TLSv1.3,TLS_AES_256_GCM_SHA384,X25519,qcomm/baseline/1,,,,2.0748,,,,,,,,,2.0833,,0.3359,,3.5486,3.1987,,6.9013,2431.0225609667746,15.625,0,0,1049064,1049116
True,baseline,102400,,,2026-09-05T08:54:10.013342+00:00,188,11,0188-baseline-102400-r11,True,client,baseline,102400,TLSv1.3,TLS_AES_256_GCM_SHA384,X25519,qcomm/baseline/1,,,2.677,2.4294,,,,,,,,,5.1244,0.2253,,0.7325,,,0.8361,1.6255,1007.9360196862505,31.25,0,0,102640,102588,True,server,baseline,102400,TLSv1.3,TLS_AES_256_GCM_SHA384,X25519,qcomm/baseline/1,,,,2.1132,,,,,,,,,2.1217,,0.368,,0.9201,0.6091,,1.7208,952.1152952115294,0.0,0,0,102588,102640
True,native,1073741824,,,2026-09-05T08:54:16.348394+00:00,189,11,0189-native-1073741824-r11,True,client,native,1073741824,TLSv1.3,TLS_AES_256_GCM_SHA384,X25519MLKEM768,qcomm/baseline/1,,,15.7612,2.9346,,,,,,,,,18.7174,0.2049,,2892.3661,,,2861.9751,5754.4246,2985.5060024593945,5406.25,0,0,1074069944,1074069892,True,server,native,1073741824,TLSv1.3,TLS_AES_256_GCM_SHA384,X25519MLKEM768,qcomm/baseline/1,,,,15.925,,,,,,,,,15.9342,,0.335,,2892.5063,2861.8481,,5754.5045,2985.464549380403,5437.5,0,0,1074069892,1074069944
True,native,102400,,,2026-09-05T08:54:16.948731+00:00,190,11,0190-native-102400-r11,True,client,native,102400,TLSv1.3,TLS_AES_256_GCM_SHA384,X25519MLKEM768,qcomm/baseline/1,,,22.1711,2.9182,,,,,,,,,25.1135,0.2999,,0.7077,,,0.9018,1.6717,980.0801579230723,0.0,0,0,102640,102588,True,server,native,102400,TLSv1.3,TLS_AES_256_GCM_SHA384,X25519MLKEM768,qcomm/baseline/1,,,,22.0902,,,,,,,,,22.0992,,0.3717,,0.9829,0.5858,,1.8282,896.1820369762607,0.0,0,0,102588,102640
True,native,1048576,,,2026-09-05T08:54:17.545593+00:00,191,11,0191-native-1048576-r11,True,client,native,1048576,TLSv1.3,TLS_AES_256_GCM_SHA384,X25519MLKEM768,qcomm/baseline/1,,,2.5558,3.267,,,,,,,,,5.84,0.2053,,3.4626,,,3.5256,7.0462,2381.030342596009,15.625,0,0,1049116,1049064,True,server,native,1048576,TLSv1.3,TLS_AES_256_GCM_SHA384,X25519MLKEM768,qcomm/baseline/1,,,,2.9811,,,,,,,,,2.9899,,0.3237,,3.5873,3.3538,,7.127,2354.03620036481,31.25,0,0,1049064,1049116
True,native,1024,,,2026-09-05T08:54:18.139974+00:00,192,11,0192-native-1024-r11,True,client,native,1024,TLSv1.3,TLS_AES_256_GCM_SHA384,X25519MLKEM768,qcomm/baseline/1,,,13.3277,3.1788,,,,,,,,,16.5408,0.2642,,0.3558,,,0.3411,0.751,21.816245006657788,0.0,0,0,1244,1192,True,server,native,1024,TLSv1.3,TLS_AES_256_GCM_SHA384,X25519MLKEM768,qcomm/baseline/1,,,,13.6511,,,,,,,,,13.661,,0.3783,,0.4433,0.3004,,0.849,19.2979976442874,15.625,0,0,1192,1244
True,native,524288000,,,2026-09-05T08:54:21.544408+00:00,193,11,0193-native-524288000-r11,True,client,native,524288000,TLSv1.3,TLS_AES_256_GCM_SHA384,X25519MLKEM768,qcomm/baseline/1,,,4.4758,2.9343,,,,,,,,,7.4344,0.2021,,1360.4112,,,1472.2624,2832.7497,2961.29516843652,2593.75,0,0,524448320,524448268,True,server,native,524288000,TLSv1.3,TLS_AES_256_GCM_SHA384,X25519MLKEM768,qcomm/baseline/1,,,,4.6234,,,,,,,,,4.6325,,0.3322,,1360.5332,1472.1493,,2832.8365,2961.20443237723,2828.125,0,0,524448268,524448320
True,hybrid,524288000,,,2026-09-05T08:54:25.299194+00:00,194,11,0194-hybrid-524288000-r11,True,client,hybrid,524288000,TLSv1.3,TLS_AES_256_GCM_SHA384,X25519,qcomm/hybrid/1,,,6.992,2.3705,0.0439,2.6193,,,0.2193,0.2428,,0.1222,12.0832,0.2253,,1714.7716,,,1458.5221,3173.3778,2643.4318661963284,3062.5,1144,4581,524648570,524648493,True,server,hybrid,524288000,TLSv1.3,TLS_AES_256_GCM_SHA384,X25519,qcomm/hybrid/1,,,,6.4381,0.0545,2.8089,0.2369,1.1731,,,0.1043,0.1134,9.3448,,0.1404,,1714.8915,1458.3739,,3173.4884,2643.339739322822,2828.125,4581,1144,524648493,524648570
True,hybrid,1024,,,2026-09-05T08:54:25.907578+00:00,195,11,0195-hybrid-1024-r11,True,client,hybrid,1024,TLSv1.3,TLS_AES_256_GCM_SHA384,X25519,qcomm/hybrid/1,,,14.0279,2.3879,0.0467,2.3401,,,0.2279,0.221,,0.1227,18.8577,0.2402,,0.3455,,,0.3965,0.8103,20.219671726521042,0.0,1144,4581,1369,1292,True,server,hybrid,1024,TLSv1.3,TLS_AES_256_GCM_SHA384,X25519,qcomm/hybrid/1,,,,13.5873,0.0593,2.5281,0.2361,0.8813,,,0.0985,0.1158,16.244,,0.1218,,0.4756,0.3091,,0.9518,17.213700357217903,0.0,4581,1144,1292,1369
True,baseline,524288000,,,2026-09-05T08:54:29.435187+00:00,196,11,0196-baseline-524288000-r11,True,client,baseline,524288000,TLSv1.3,TLS_AES_256_GCM_SHA384,X25519,qcomm/baseline/1,,,22.827,2.7555,,,,,,,,,25.636,0.2641,,1442.4496,,,1482.9544,2925.502,2867.4080550961853,2765.625,0,0,524448320,524448268,True,server,baseline,524288000,TLSv1.3,TLS_AES_256_GCM_SHA384,X25519,qcomm/baseline/1,,,,22.7741,,,,,,,,,22.7828,,0.4414,,1442.5685,1482.8095,,2925.6104,2867.3018116151075,2750.0,0,0,524448268,524448320
True,native,104857600,,,2026-09-05T08:54:30.610419+00:00,197,11,0197-native-104857600-r11,True,client,native,104857600,TLSv1.3,TLS_AES_256_GCM_SHA384,X25519MLKEM768,qcomm/baseline/1,,,16.7099,2.8433,,,,,,,,,19.5754,0.3042,,292.7918,,,271.8546,564.7245,2970.8673875491495,531.25,0,0,104889840,104889788,True,server,native,104857600,TLSv1.3,TLS_AES_256_GCM_SHA384,X25519MLKEM768,qcomm/baseline/1,,,,16.5083,,,,,,,,,16.5166,,0.3673,,292.9254,271.7699,,564.8659,2970.123705467085,562.5,0,0,104889788,104889840
True,hybrid,102400,,,2026-09-05T08:54:31.215591+00:00,198,11,0198-hybrid-102400-r11,True,client,hybrid,102400,TLSv1.3,TLS_AES_256_GCM_SHA384,X25519,qcomm/hybrid/1,,,24.8595,2.4337,0.0439,2.0552,,,0.2231,0.2218,,0.1227,29.4532,0.24,,0.7971,,,0.9818,1.8403,890.2896266913003,15.625,1144,4581,102790,102713,True,server,hybrid,102400,TLSv1.3,TLS_AES_256_GCM_SHA384,X25519,qcomm/hybrid/1,,,,24.2729,0.0556,2.2579,0.2476,0.5798,,,0.0983,0.1161,26.6286,,0.1253,,1.0789,0.6436,,1.9774,828.5627591787194,31.25,4581,1144,102713,102790
True,native,524288000,,,2026-09-05T08:54:34.760566+00:00,199,12,0199-native-524288000-r12,True,client,native,524288000,TLSv1.3,TLS_AES_256_GCM_SHA384,X25519MLKEM768,qcomm/baseline/1,,,4.5892,2.7811,,,,,,,,,7.4014,0.1899,,1450.535,,,1527.7955,2978.3986,2816.482656149516,2656.25,0,0,524448320,524448268,True,server,native,524288000,TLSv1.3,TLS_AES_256_GCM_SHA384,X25519MLKEM768,qcomm/baseline/1,,,,4.5964,,,,,,,,,4.6044,,0.3408,,1450.6205,1527.7215,,2978.4738,2816.4115460743683,2765.625,0,0,524448268,524448320
True,native,1073741824,,,2026-09-05T08:54:41.096448+00:00,200,12,0200-native-1073741824-r12,True,client,native,1073741824,TLSv1.3,TLS_AES_256_GCM_SHA384,X25519MLKEM768,qcomm/baseline/1,,,12.067,2.9018,,,,,,,,,14.9964,0.2639,,2953.338,,,2792.9411,5746.3525,2989.6998459457545,5453.125,0,0,1074069944,1074069892,True,server,native,1073741824,TLSv1.3,TLS_AES_256_GCM_SHA384,X25519MLKEM768,qcomm/baseline/1,,,,12.2303,,,,,,,,,12.2397,,0.3618,,2953.4412,2792.8512,,5746.4644,2989.6416279895516,5296.875,0,0,1074069892,1074069944
True,hybrid,1024,,,2026-09-05T08:54:41.683601+00:00,201,12,0201-hybrid-1024-r12,True,client,hybrid,1024,TLSv1.3,TLS_AES_256_GCM_SHA384,X25519,qcomm/hybrid/1,,,10.5074,2.5216,0.0447,2.2413,,,0.2288,0.2223,,0.1204,15.3752,0.2445,,0.3681,,,0.4026,0.8384,19.541984732824424,15.625,1144,4581,1369,1292,True,server,hybrid,1024,TLSv1.3,TLS_AES_256_GCM_SHA384,X25519,qcomm/hybrid/1,,,,10.192,0.0565,2.4398,0.2402,0.6318,,,0.1143,0.1166,12.7395,,0.1236,,0.492,0.3101,,0.9666,16.950134492033932,15.625,4581,1144,1292,1369
True,baseline,524288000,,,2026-09-05T08:54:45.118992+00:00,202,12,0202-baseline-524288000-r12,True,client,baseline,524288000,TLSv1.3,TLS_AES_256_GCM_SHA384,X25519,qcomm/baseline/1,,,12.1467,2.574,,,,,,,,,14.7543,0.2679,,1463.2068,,,1387.4586,2850.7442,2942.602847354736,2734.375,0,0,524448320,524448268,True,server,baseline,524288000,TLSv1.3,TLS_AES_256_GCM_SHA384,X25519,qcomm/baseline/1,,,,11.7142,,,,,,,,,11.7234,,0.3541,,1463.3254,1387.3703,,2850.8566,2942.486830098715,2687.5,0,0,524448268,524448320
True,baseline,1048576,,,2026-09-05T08:54:45.704058+00:00,203,12,0203-baseline-1048576-r12,True,client,baseline,1048576,TLSv1.3,TLS_AES_256_GCM_SHA384,X25519,qcomm/baseline/1,,,7.1093,2.7476,,,,,,,,,9.9012,0.2537,,3.4339,,,3.4357,6.9246,2422.84261906825,15.625,0,0,1049116,1049064,True,server,baseline,1048576,TLSv1.3,TLS_AES_256_GCM_SHA384,X25519,qcomm/baseline/1,,,,6.9133,,,,,,,,,6.9219,,0.4287,,3.5616,3.3121,,7.1045,2361.491449081568,0.0,0,0,1049064,1049116
True,hybrid,1048576,,,2026-09-05T08:54:46.315509+00:00,204,12,0204-hybrid-1048576-r12,True,client,hybrid,1048576,TLSv1.3,TLS_AES_256_GCM_SHA384,X25519,qcomm/hybrid/1,,,10.9475,2.5981,0.0456,3.9641,,,0.2314,0.2299,,0.1266,17.635,0.2387,,4.1656,,,3.9374,8.1705,2053.389143871244,15.625,1144,4581,1049641,1049564,True,server,hybrid,1048576,TLSv1.3,TLS_AES_256_GCM_SHA384,X25519,qcomm/hybrid/1,,,,10.6264,0.0594,4.1628,0.2448,2.5064,,,0.104,0.1154,14.8918,,0.1558,,4.3225,3.7357,,8.2667,2029.4937520413225,15.625,4581,1144,1049564,1049641
True,baseline,1024,,,2026-09-05T08:54:46.915900+00:00,205,12,0205-baseline-1024-r12,True,client,baseline,1024,TLSv1.3,TLS_AES_256_GCM_SHA384,X25519,qcomm/baseline/1,,,2.6568,2.4123,,,,,,,,,5.0879,0.2374,,0.3664,,,0.3842,0.8051,20.35026704757173,0.0,0,0,1244,1192,True,server,baseline,1024,TLSv1.3,TLS_AES_256_GCM_SHA384,X25519,qcomm/baseline/1,,,,2.0972,,,,,,,,,2.1055,,0.3633,,0.5113,0.288,,0.9083,18.0380931410327,0.0,0,0,1192,1244
True,hybrid,1073741824,,,2026-09-05T08:54:54.428946+00:00,206,12,0206-hybrid-1073741824-r12,True,client,hybrid,1073741824,TLSv1.3,TLS_AES_256_GCM_SHA384,X25519,qcomm/hybrid/1,,,2.7773,2.4136,0.0476,2.8664,,,0.2253,0.2233,,0.1236,8.1619,0.2234,,3509.9534,,,3418.6165,6928.6544,2479.5390550869447,6687.5,1144,4581,1074479944,1074479867,True,server,hybrid,1073741824,TLSv1.3,TLS_AES_256_GCM_SHA384,X25519,qcomm/hybrid/1,,,,2.1238,0.0546,3.0669,0.2514,1.4662,,,0.1066,0.1153,5.2879,,0.141,,3510.0795,3418.4963,,6928.7715,2479.4971495307645,6484.375,4581,1144,1074479867,1074479944
True,baseline,104857600,,,2026-09-05T08:54:55.599403+00:00,207,12,0207-baseline-104857600-r12,True,client,baseline,104857600,TLSv1.3,TLS_AES_256_GCM_SHA384,X25519,qcomm/baseline/1,,,3.062,2.5098,,,,,,,,,5.5916,0.251,,283.2531,,,298.443,581.772,2883.8129026491474,515.625,0,0,104889840,104889788,True,server,baseline,104857600,TLSv1.3,TLS_AES_256_GCM_SHA384,X25519,qcomm/baseline/1,,,,2.2009,,,,,,,,,2.2105,,0.4081,,283.3884,298.3256,,581.8767,2883.2940036952846,546.875,0,0,104889788,104889840
True,hybrid,524288000,,,2026-09-05T08:54:59.651160+00:00,208,12,0208-hybrid-524288000-r12,True,client,hybrid,524288000,TLSv1.3,TLS_AES_256_GCM_SHA384,X25519,qcomm/hybrid/1,,,18.3068,2.3042,0.0437,2.1763,,,0.2239,0.2165,,0.1211,22.8941,0.2136,,1720.9193,,,1721.4465,3442.4436,2436.8178464855605,3312.5,1144,4581,524648570,524648493,True,server,hybrid,524288000,TLSv1.3,TLS_AES_256_GCM_SHA384,X25519,qcomm/hybrid/1,,,,17.7735,0.0543,2.3604,0.2609,0.7437,,,0.1028,0.1136,20.2289,,0.1306,,1721.0339,1720.987,,3442.5414,2436.7486183317938,3312.5,4581,1144,524648493,524648570
True,native,104857600,,,2026-09-05T08:55:00.822432+00:00,209,12,0209-native-104857600-r12,True,client,native,104857600,TLSv1.3,TLS_AES_256_GCM_SHA384,X25519MLKEM768,qcomm/baseline/1,,,6.0545,2.7722,,,,,,,,,8.8466,0.2066,,285.6463,,,290.916,576.6364,2909.4965215515363,515.625,0,0,104889840,104889788,True,server,native,104857600,TLSv1.3,TLS_AES_256_GCM_SHA384,X25519MLKEM768,qcomm/baseline/1,,,,5.9473,,,,,,,,,5.9561,,0.3241,,285.7445,290.8129,,576.7267,2909.0409720930206,578.125,0,0,104889788,104889840
True,baseline,1073741824,,,2026-09-05T08:55:07.227549+00:00,210,12,0210-baseline-1073741824-r12,True,client,baseline,1073741824,TLSv1.3,TLS_AES_256_GCM_SHA384,X25519,qcomm/baseline/1,,,2.6342,2.3636,,,,,,,,,5.017,0.2326,,2963.0,,,2849.8718,5812.944,2955.450660457076,5515.625,0,0,1074069944,1074069892,True,server,baseline,1073741824,TLSv1.3,TLS_AES_256_GCM_SHA384,X25519,qcomm/baseline/1,,,,2.0999,,,,,,,,,2.1085,,0.3287,,2963.1502,2849.7444,,5813.0746,2955.3842615403555,5718.75,0,0,1074069892,1074069944
True,hybrid,104857600,,,2026-09-05T08:55:08.484004+00:00,211,12,0211-hybrid-104857600-r12,True,client,hybrid,104857600,TLSv1.3,TLS_AES_256_GCM_SHA384,X25519,qcomm/hybrid/1,,,3.5025,2.3831,0.0448,2.4204,,,0.2322,0.2248,,0.1277,8.4227,0.2342,,340.5733,,,331.5032,672.1614,2496.010035684882,687.5,1144,4581,104929990,104929913,True,server,hybrid,104857600,TLSv1.3,TLS_AES_256_GCM_SHA384,X25519,qcomm/hybrid/1,,,,3.0842,0.0631,2.594,0.237,0.995,,,0.1044,0.1118,5.7823,,0.1527,,340.7136,331.3453,,672.2743,2495.5908622417965,625.0,4581,1144,104929913,104929990
True,native,102400,,,2026-09-05T08:55:09.069363+00:00,212,12,0212-native-102400-r12,True,client,native,102400,TLSv1.3,TLS_AES_256_GCM_SHA384,X25519MLKEM768,qcomm/baseline/1,,,17.653,2.9298,,,,,,,,,20.6154,0.257,,0.71,,,0.8682,1.6343,1002.5087193293765,0.0,0,0,102640,102588,True,server,native,102400,TLSv1.3,TLS_AES_256_GCM_SHA384,X25519MLKEM768,qcomm/baseline/1,,,,17.7709,,,,,,,,,17.7794,,0.3632,,0.9456,0.5742,,1.766,927.7463193657985,0.0,0,0,102588,102640
True,native,1024,,,2026-09-05T08:55:09.656393+00:00,213,12,0213-native-1024-r12,True,client,native,1024,TLSv1.3,TLS_AES_256_GCM_SHA384,X25519MLKEM768,qcomm/baseline/1,,,14.0143,2.7558,,,,,,,,,16.79,0.2051,,0.3651,,,0.3164,0.734,22.321525885558582,0.0,0,0,1244,1192,True,server,native,1024,TLSv1.3,TLS_AES_256_GCM_SHA384,X25519MLKEM768,qcomm/baseline/1,,,,13.984,,,,,,,,,13.9926,,0.3282,,0.4283,0.2836,,0.8123,20.16988797242398,15.625,0,0,1192,1244
True,native,1048576,,,2026-09-05T08:55:10.260702+00:00,214,12,0214-native-1048576-r12,True,client,native,1048576,TLSv1.3,TLS_AES_256_GCM_SHA384,X25519MLKEM768,qcomm/baseline/1,,,23.7491,3.0605,,,,,,,,,26.8606,0.3038,,3.4234,,,3.4331,6.9186,2424.943774752118,0.0,0,0,1049116,1049064,True,server,native,1048576,TLSv1.3,TLS_AES_256_GCM_SHA384,X25519MLKEM768,qcomm/baseline/1,,,,24.0677,,,,,,,,,24.077,,0.3766,,3.5936,3.3025,,7.0416,2382.585775960009,15.625,0,0,1049064,1049116
True,baseline,102400,,,2026-09-05T08:55:10.847491+00:00,215,12,0215-baseline-102400-r12,True,client,baseline,102400,TLSv1.3,TLS_AES_256_GCM_SHA384,X25519,qcomm/baseline/1,,,8.618,2.3768,,,,,,,,,11.0196,0.2776,,0.7464,,,0.8761,1.6789,975.877062362261,0.0,0,0,102640,102588,True,server,baseline,102400,TLSv1.3,TLS_AES_256_GCM_SHA384,X25519,qcomm/baseline/1,,,,8.2875,,,,,,,,,8.2952,,0.3407,,1.0016,0.5703,,1.8199,900.269245562943,0.0,0,0,102588,102640
True,hybrid,102400,,,2026-09-05T08:55:11.434400+00:00,216,12,0216-hybrid-102400-r12,True,client,hybrid,102400,TLSv1.3,TLS_AES_256_GCM_SHA384,X25519,qcomm/hybrid/1,,,17.7483,2.6049,0.0491,2.1652,,,0.2264,0.225,,0.1648,22.6455,0.243,,0.8164,,,0.9064,1.7888,915.9212880143114,15.625,1144,4581,102790,102713,True,server,hybrid,102400,TLSv1.3,TLS_AES_256_GCM_SHA384,X25519,qcomm/hybrid/1,,,,17.3568,0.0594,2.3771,0.2611,0.644,,,0.1086,0.1242,19.8342,,0.1621,,1.0312,0.641,,1.8826,870.2857749920323,15.625,4581,1144,102713,102790
True,hybrid,104857600,,,2026-09-05T08:55:12.711973+00:00,217,13,0217-hybrid-104857600-r13,True,client,hybrid,104857600,TLSv1.3,TLS_AES_256_GCM_SHA384,X25519,qcomm/hybrid/1,,,24.3894,2.3638,0.0482,2.2919,,,0.2377,0.217,,0.1231,29.1694,0.241,,341.1404,,,327.9718,669.1965,2507.068701046703,609.375,1144,4581,104929990,104929913,True,server,hybrid,104857600,TLSv1.3,TLS_AES_256_GCM_SHA384,X25519,qcomm/hybrid/1,,,,23.9203,0.0556,2.504,0.2574,0.8063,,,0.0977,0.1159,26.5237,,0.1228,,341.2658,327.8146,,669.3158,2506.62183680708,687.5,4581,1144,104929913,104929990
True,native,524288000,,,2026-09-05T08:55:16.218684+00:00,218,13,0218-native-524288000-r13,True,client,native,524288000,TLSv1.3,TLS_AES_256_GCM_SHA384,X25519MLKEM768,qcomm/baseline/1,,,2.7765,2.9185,,,,,,,,,5.7134,0.2385,,1449.733,,,1472.0317,2921.8443,2870.997609283972,2734.375,0,0,524448320,524448268,True,server,native,524288000,TLSv1.3,TLS_AES_256_GCM_SHA384,X25519MLKEM768,qcomm/baseline/1,,,,2.5941,,,,,,,,,2.6029,,0.3773,,1449.8384,1471.9585,,2921.9587,2870.8852045034037,2718.75,0,0,524448268,524448320
True,hybrid,1048576,,,2026-09-05T08:55:16.808723+00:00,219,13,0219-hybrid-1048576-r13,True,client,hybrid,1048576,TLSv1.3,TLS_AES_256_GCM_SHA384,X25519,qcomm/hybrid/1,,,6.974,2.6598,0.0475,2.3574,,,0.2273,0.2265,,0.1293,12.0983,0.249,,4.0353,,,3.9325,8.0333,2088.458790285437,15.625,1144,4581,1049641,1049564,True,server,hybrid,1048576,TLSv1.3,TLS_AES_256_GCM_SHA384,X25519,qcomm/hybrid/1,,,,6.6273,0.0567,2.4217,0.2696,0.7155,,,0.1053,0.1159,9.1483,,0.1663,,4.1917,3.717,,8.1286,2063.9736239942918,31.25,4581,1144,1049564,1049641
True,baseline,1048576,,,2026-09-05T08:55:17.405942+00:00,220,13,0220-baseline-1048576-r13,True,client,baseline,1048576,TLSv1.3,TLS_AES_256_GCM_SHA384,X25519,qcomm/baseline/1,,,2.7084,2.4746,,,,,,,,,5.2012,0.2361,,3.4417,,,5.4796,8.9875,1866.727788595271,15.625,0,0,1049116,1049064,True,server,baseline,1048576,TLSv1.3,TLS_AES_256_GCM_SHA384,X25519,qcomm/baseline/1,,,,2.199,,,,,,,,,2.2069,,0.3284,,3.6962,5.2685,,9.0814,1847.426167771489,15.625,0,0,1049064,1049116
True,baseline,1073741824,,,2026-09-05T08:55:23.874868+00:00,221,13,0221-baseline-1073741824-r13,True,client,baseline,1073741824,TLSv1.3,TLS_AES_256_GCM_SHA384,X25519,qcomm/baseline/1,,,14.3734,2.585,,,,,,,,,17.012,0.203,,2997.8341,,,2878.6888,5876.599,2923.437380022016,5640.625,0,0,1074069944,1074069892,True,server,baseline,1073741824,TLSv1.3,TLS_AES_256_GCM_SHA384,X25519,qcomm/baseline/1,,,,14.1607,,,,,,,,,14.1696,,0.3314,,2997.9209,2878.6116,,5876.6887,2923.3927575575,5515.625,0,0,1074069892,1074069944
True,baseline,1024,,,2026-09-05T08:55:24.468261+00:00,222,13,0222-baseline-1024-r13,True,client,baseline,1024,TLSv1.3,TLS_AES_256_GCM_SHA384,X25519,qcomm/baseline/1,,,2.8168,2.4536,,,,,,,,,5.2901,0.212,,0.3592,,,0.3278,0.7491,21.871579228407423,0.0,0,0,1244,1192,True,server,baseline,1024,TLSv1.3,TLS_AES_256_GCM_SHA384,X25519,qcomm/baseline/1,,,,2.1654,,,,,,,,,2.1734,,0.3453,,0.4352,0.2847,,0.8324,19.682844786160498,0.0,0,0,1192,1244
True,baseline,102400,,,2026-09-05T08:55:25.049069+00:00,223,13,0223-baseline-102400-r13,True,client,baseline,102400,TLSv1.3,TLS_AES_256_GCM_SHA384,X25519,qcomm/baseline/1,,,2.5805,2.3508,,,,,,,,,4.949,0.222,,0.7462,,,0.8459,1.6498,993.0900715238212,0.0,0,0,102640,102588,True,server,baseline,102400,TLSv1.3,TLS_AES_256_GCM_SHA384,X25519,qcomm/baseline/1,,,,2.0355,,,,,,,,,2.0439,,0.3518,,0.8979,0.624,,1.7398,941.7174387860672,0.0,0,0,102588,102640
True,native,104857600,,,2026-09-05T08:55:26.237528+00:00,224,13,0224-native-104857600-r13,True,client,native,104857600,TLSv1.3,TLS_AES_256_GCM_SHA384,X25519MLKEM768,qcomm/baseline/1,,,17.5341,3.0012,,,,,,,,,20.5577,0.2158,,290.0355,,,289.8017,579.913,2893.057406886895,515.625,0,0,104889840,104889788,True,server,native,104857600,TLSv1.3,TLS_AES_256_GCM_SHA384,X25519MLKEM768,qcomm/baseline/1,,,,17.6949,,,,,,,,,17.7052,,0.3607,,290.1243,289.7121,,580.0089,2892.5790621488736,546.875,0,0,104889788,104889840
True,native,1024,,,2026-09-05T08:55:26.810395+00:00,225,13,0225-native-1024-r13,True,client,native,1024,TLSv1.3,TLS_AES_256_GCM_SHA384,X25519MLKEM768,qcomm/baseline/1,,,12.1661,3.0018,,,,,,,,,15.1884,0.2159,,0.4163,,,0.3203,0.7896,20.749746707193516,0.0,0,0,1244,1192,True,server,native,1024,TLSv1.3,TLS_AES_256_GCM_SHA384,X25519MLKEM768,qcomm/baseline/1,,,,12.3454,,,,,,,,,12.355,,0.362,,0.4815,0.2902,,0.8719,18.79114577359789,0.0,0,0,1192,1244
True,hybrid,1024,,,2026-09-05T08:55:27.474936+00:00,226,13,0226-hybrid-1024-r13,True,client,hybrid,1024,TLSv1.3,TLS_AES_256_GCM_SHA384,X25519,qcomm/hybrid/1,,,3.1641,3.2308,0.0568,2.8863,,,0.3671,0.3313,,0.204,9.4235,0.4445,,0.5815,,,0.6353,1.2935,12.666408967916503,15.625,1144,4581,1369,1292,True,server,hybrid,1024,TLSv1.3,TLS_AES_256_GCM_SHA384,X25519,qcomm/hybrid/1,,,,2.951,0.0831,3.0557,0.3539,0.6521,,,0.1141,0.1394,6.1532,,0.2897,,0.7526,0.566,,1.505,10.88637873754153,0.0,4581,1144,1292,1369
True,baseline,104857600,,,2026-09-05T08:55:28.865719+00:00,227,13,0227-baseline-104857600-r13,True,client,baseline,104857600,TLSv1.3,TLS_AES_256_GCM_SHA384,X25519,qcomm/baseline/1,,,3.3835,2.7998,,,,,,,,,6.2064,0.2952,,322.057,,,313.243,635.3907,2640.4566513170553,578.125,0,0,104889840,104889788,True,server,baseline,104857600,TLSv1.3,TLS_AES_256_GCM_SHA384,X25519,qcomm/baseline/1,,,,2.4805,,,,,,,,,2.4912,,0.4314,,322.1797,313.1672,,635.521,2639.9152821071216,593.75,0,0,104889788,104889840
True,native,1048576,,,2026-09-05T08:55:29.486014+00:00,228,13,0228-native-1048576-r13,True,client,native,1048576,TLSv1.3,TLS_AES_256_GCM_SHA384,X25519MLKEM768,qcomm/baseline/1,,,2.7227,2.9106,,,,,,,,,5.6512,0.2467,,3.5438,,,3.3903,6.9982,2397.3616072704413,15.625,0,0,1049116,1049064,True,server,native,1048576,TLSv1.3,TLS_AES_256_GCM_SHA384,X25519MLKEM768,qcomm/baseline/1,,,,2.6147,,,,,,,,,2.6231,,0.3693,,3.6854,3.2368,,7.1315,2352.5507957652667,15.625,0,0,1049064,1049116
True,native,1073741824,,,2026-09-05T08:55:35.940530+00:00,229,13,0229-native-1073741824-r13,True,client,native,1073741824,TLSv1.3,TLS_AES_256_GCM_SHA384,X25519MLKEM768,qcomm/baseline/1,,,2.682,2.9413,,,,,,,,,5.6422,0.2106,,2988.3494,,,2862.1566,5850.5846,2936.4363321914875,5609.375,0,0,1074069944,1074069892,True,server,native,1073741824,TLSv1.3,TLS_AES_256_GCM_SHA384,X25519MLKEM768,qcomm/baseline/1,,,,2.6759,,,,,,,,,2.6854,,0.3292,,2988.4238,2862.0857,,5850.687,2936.384938042319,5468.75,0,0,1074069892,1074069944
True,hybrid,102400,,,2026-09-05T08:55:36.558575+00:00,230,13,0230-hybrid-102400-r13,True,client,hybrid,102400,TLSv1.3,TLS_AES_256_GCM_SHA384,X25519,qcomm/hybrid/1,,,10.3168,2.6059,0.0481,2.5184,,,0.234,0.2371,,0.1287,15.5529,0.2373,,0.8809,,,0.9377,1.8827,870.2395495830456,15.625,1144,4581,102790,102713,True,server,hybrid,102400,TLSv1.3,TLS_AES_256_GCM_SHA384,X25519,qcomm/hybrid/1,,,,9.9916,0.0591,2.7264,0.2627,1.0376,,,0.1032,0.1146,12.8191,,0.157,,1.1103,0.6479,,1.9782,828.2276817308666,0.0,4581,1144,102713,102790
True,hybrid,1073741824,,,2026-09-05T08:55:43.720104+00:00,231,13,0231-hybrid-1073741824-r13,True,client,hybrid,1073741824,TLSv1.3,TLS_AES_256_GCM_SHA384,X25519,qcomm/hybrid/1,,,2.6798,2.4346,0.0433,2.5401,,,0.2233,0.2192,,0.1213,7.752,0.2534,,3535.0986,,,3012.2779,6547.4611,2623.8978623332328,6359.375,1144,4581,1074479944,1074479867,True,server,hybrid,1073741824,TLSv1.3,TLS_AES_256_GCM_SHA384,X25519,qcomm/hybrid/1,,,,2.1079,0.0733,2.7323,0.2384,1.1469,,,0.096,0.1138,4.9544,,0.1686,,3535.2077,3012.1771,,6547.5757,2623.851937137588,5968.75,4581,1144,1074479867,1074479944
True,native,102400,,,2026-09-05T08:55:44.326476+00:00,232,13,0232-native-102400-r13,True,client,native,102400,TLSv1.3,TLS_AES_256_GCM_SHA384,X25519MLKEM768,qcomm/baseline/1,,,22.794,3.6457,,,,,,,,,26.4863,0.2224,,0.7328,,,0.9482,1.7478,937.407025975512,0.0,0,0,102640,102588,True,server,native,102400,TLSv1.3,TLS_AES_256_GCM_SHA384,X25519MLKEM768,qcomm/baseline/1,,,,23.3983,,,,,,,,,23.4086,,0.3714,,0.933,0.5878,,1.8352,892.7637314734089,15.625,0,0,102588,102640
True,baseline,524288000,,,2026-09-05T08:55:47.854374+00:00,233,13,0233-baseline-524288000-r13,True,client,baseline,524288000,TLSv1.3,TLS_AES_256_GCM_SHA384,X25519,qcomm/baseline/1,,,8.805,2.67,,,,,,,,,11.5142,0.2204,,1438.7928,,,1479.4918,2918.3631,2874.4223088621147,2750.0,0,0,524448320,524448268,True,server,baseline,524288000,TLSv1.3,TLS_AES_256_GCM_SHA384,X25519,qcomm/baseline/1,,,,8.3488,,,,,,,,,8.3587,,0.3803,,1438.8989,1479.3979,,2918.4607,2874.3261816066256,2703.125,0,0,524448268,524448320
True,hybrid,524288000,,,2026-09-05T08:55:51.798071+00:00,234,13,0234-hybrid-524288000-r13,True,client,hybrid,524288000,TLSv1.3,TLS_AES_256_GCM_SHA384,X25519,qcomm/hybrid/1,,,12.3981,2.7569,0.0448,2.2692,,,0.221,0.2534,,0.1259,17.5335,0.2836,,1701.786,,,1635.5358,3337.4039,2513.512973362319,3281.25,1144,4581,524648570,524648493,True,server,hybrid,524288000,TLSv1.3,TLS_AES_256_GCM_SHA384,X25519,qcomm/hybrid/1,,,,12.1002,0.0647,2.6177,0.2543,0.9029,,,0.1048,0.1187,14.8266,,0.1683,,1701.9281,1635.3516,,3337.5573,2513.397447888011,3109.375,4581,1144,524648493,524648570
True,baseline,1024,,,2026-09-05T08:55:52.415532+00:00,235,14,0235-baseline-1024-r14,True,client,baseline,1024,TLSv1.3,TLS_AES_256_GCM_SHA384,X25519,qcomm/baseline/1,,,11.0821,2.3778,,,,,,,,,13.4836,0.203,,0.3799,,,0.3278,0.7594,21.574927574400846,15.625,0,0,1244,1192,True,server,baseline,1024,TLSv1.3,TLS_AES_256_GCM_SHA384,X25519,qcomm/baseline/1,,,,10.5533,,,,,,,,,10.5617,,0.3471,,0.4581,0.2798,,0.84,19.504761904761907,31.25,0,0,1192,1244
True,native,1073741824,,,2026-09-05T08:55:59.453304+00:00,236,14,0236-native-1073741824-r14,True,client,native,1073741824,TLSv1.3,TLS_AES_256_GCM_SHA384,X25519MLKEM768,qcomm/baseline/1,,,2.9416,3.023,,,,,,,,,5.9845,0.2201,,2962.212,,,2983.6887,5945.9795,2889.325330502737,5515.625,0,0,1074069944,1074069892,True,server,native,1073741824,TLSv1.3,TLS_AES_256_GCM_SHA384,X25519MLKEM768,qcomm/baseline/1,,,,2.7335,,,,,,,,,2.743,,0.3544,,2962.3341,2983.571,,5946.0821,2889.275475022452,5640.625,0,0,1074069892,1074069944
True,native,1048576,,,2026-09-05T08:56:00.055148+00:00,237,14,0237-native-1048576-r14,True,client,native,1048576,TLSv1.3,TLS_AES_256_GCM_SHA384,X25519MLKEM768,qcomm/baseline/1,,,2.6895,2.833,,,,,,,,,5.5402,0.2097,,3.4493,,,3.4708,7.0114,2392.848218615398,0.0,0,0,1049116,1049064,True,server,native,1048576,TLSv1.3,TLS_AES_256_GCM_SHA384,X25519MLKEM768,qcomm/baseline/1,,,,2.534,,,,,,,,,2.5431,,0.358,,3.5639,3.3002,,7.1094,2359.863842237038,15.625,0,0,1049064,1049116
True,baseline,1073741824,,,2026-09-05T08:56:06.814365+00:00,238,14,0238-baseline-1073741824-r14,True,client,baseline,1073741824,TLSv1.3,TLS_AES_256_GCM_SHA384,X25519,qcomm/baseline/1,,,2.9991,2.5042,,,,,,,,,5.5222,0.2076,,2972.9381,,,3147.6913,6120.7284,2806.8340990265147,5765.625,0,0,1074069944,1074069892,True,server,baseline,1073741824,TLSv1.3,TLS_AES_256_GCM_SHA384,X25519,qcomm/baseline/1,,,,2.2249,,,,,,,,,2.2339,,0.3457,,2973.0357,3147.5899,,6120.8391,2806.783335311003,5703.125,0,0,1074069892,1074069944
True,baseline,1048576,,,2026-09-05T08:56:07.550966+00:00,239,14,0239-baseline-1048576-r14,True,client,baseline,1048576,TLSv1.3,TLS_AES_256_GCM_SHA384,X25519,qcomm/baseline/1,,,2.9633,2.5313,,,,,,,,,5.5148,0.2247,,3.369,,,3.3009,6.7312,2492.455431423817,15.625,0,0,1049116,1049064,True,server,baseline,1048576,TLSv1.3,TLS_AES_256_GCM_SHA384,X25519,qcomm/baseline/1,,,,2.2396,,,,,,,,,2.2484,,0.3855,,3.4837,3.1631,,6.8088,2464.0488779226885,15.625,0,0,1049064,1049116
True,baseline,104857600,,,2026-09-05T08:56:08.932226+00:00,240,14,0240-baseline-104857600-r14,True,client,baseline,104857600,TLSv1.3,TLS_AES_256_GCM_SHA384,X25519,qcomm/baseline/1,,,2.7086,2.5136,,,,,,,,,5.2412,0.2329,,316.4651,,,317.9346,634.4821,2644.2378752686645,609.375,0,0,104889840,104889788,True,server,baseline,104857600,TLSv1.3,TLS_AES_256_GCM_SHA384,X25519,qcomm/baseline/1,,,,2.2022,,,,,,,,,2.211,,0.3578,,316.576,317.84,,634.5916,2643.781606942166,562.5,0,0,104889788,104889840
True,native,1024,,,2026-09-05T08:56:09.612060+00:00,241,14,0241-native-1024-r14,True,client,native,1024,TLSv1.3,TLS_AES_256_GCM_SHA384,X25519MLKEM768,qcomm/baseline/1,,,23.8439,3.7028,,,,,,,,,27.5882,0.2488,,0.3674,,,0.3238,0.7437,22.030388597552776,15.625,0,0,1244,1192,True,server,native,1024,TLSv1.3,TLS_AES_256_GCM_SHA384,X25519MLKEM768,qcomm/baseline/1,,,,24.329,,,,,,,,,24.3389,,0.5653,,0.4555,0.2819,,0.8311,19.71363253519432,0.0,0,0,1192,1244
True,hybrid,102400,,,2026-09-05T08:56:10.218396+00:00,242,14,0242-hybrid-102400-r14,True,client,hybrid,102400,TLSv1.3,TLS_AES_256_GCM_SHA384,X25519,qcomm/hybrid/1,,,15.0539,2.5629,0.0452,1.9912,,,0.2179,0.2286,,0.1256,19.7304,0.2823,,0.8287,,,0.9753,1.8737,874.4195975876609,15.625,1144,4581,102790,102713,True,server,hybrid,102400,TLSv1.3,TLS_AES_256_GCM_SHA384,X25519,qcomm/hybrid/1,,,,14.5794,0.0601,2.1764,0.2591,0.5485,,,0.0945,0.1161,16.8594,,0.1603,,1.0919,0.6439,,2.006,816.7497507477567,0.0,4581,1144,102713,102790
True,hybrid,1024,,,2026-09-05T08:56:10.864134+00:00,243,14,0243-hybrid-1024-r14,True,client,hybrid,1024,TLSv1.3,TLS_AES_256_GCM_SHA384,X25519,qcomm/hybrid/1,,,2.8072,2.512,0.0455,1.942,,,0.2417,0.2356,,0.1252,7.3699,0.2166,,0.3516,,,0.3426,0.7597,21.56640779254969,0.0,1144,4581,1369,1292,True,server,hybrid,1024,TLSv1.3,TLS_AES_256_GCM_SHA384,X25519,qcomm/hybrid/1,,,,2.2425,0.057,2.1045,0.2505,0.4636,,,0.0971,0.1104,4.4519,,0.1323,,0.4224,0.3013,,0.853,19.207502930832355,0.0,4581,1144,1292,1369
True,hybrid,1048576,,,2026-09-05T08:56:11.860374+00:00,244,14,0244-hybrid-1048576-r14,True,client,hybrid,1048576,TLSv1.3,TLS_AES_256_GCM_SHA384,X25519,qcomm/hybrid/1,,,26.1997,2.7225,0.056,2.5177,,,0.2258,0.2325,,0.131,31.5819,0.2258,,3.8675,,,4.2193,8.1604,2055.9305916376647,0.0,1144,4581,1049641,1049564,True,server,hybrid,1048576,TLSv1.3,TLS_AES_256_GCM_SHA384,X25519,qcomm/hybrid/1,,,,25.7504,0.0517,2.5653,0.2487,0.8649,,,0.0993,0.1156,28.4162,,0.1388,,3.9964,4.0463,,8.2546,2032.4686841276382,15.625,4581,1144,1049564,1049641
True,hybrid,104857600,,,2026-09-05T08:56:13.146292+00:00,245,14,0245-hybrid-104857600-r14,True,client,hybrid,104857600,TLSv1.3,TLS_AES_256_GCM_SHA384,X25519,qcomm/hybrid/1,,,14.4176,2.8533,0.0478,2.0011,,,0.2584,0.2449,,0.128,19.381,0.2324,,342.8348,,,336.1623,679.082,2470.5729205015004,656.25,1144,4581,104929990,104929913,True,server,hybrid,104857600,TLSv1.3,TLS_AES_256_GCM_SHA384,X25519,qcomm/hybrid/1,,,,14.2005,0.0599,2.3751,0.2637,0.668,,,0.1057,0.1212,16.6795,,0.1544,,343.0057,335.9841,,679.1877,2470.188432446583,625.0,4581,1144,104929913,104929990
True,hybrid,524288000,,,2026-09-05T08:56:17.437572+00:00,246,14,0246-hybrid-524288000-r14,True,client,hybrid,524288000,TLSv1.3,TLS_AES_256_GCM_SHA384,X25519,qcomm/hybrid/1,,,15.575,2.7667,0.0473,1.8208,,,0.2205,0.2262,,0.1287,20.2749,0.2376,,1884.6693,,,1803.246,3687.997,2274.5701799648973,3515.625,1144,4581,524648570,524648493,True,server,hybrid,524288000,TLSv1.3,TLS_AES_256_GCM_SHA384,X25519,qcomm/hybrid/1,,,,15.321,0.0556,2.1705,0.2628,0.4953,,,0.0951,0.1153,17.5898,,0.157,,1884.8111,1803.0575,,3688.0919,2274.511651946634,3500.0,4581,1144,524648493,524648570
True,baseline,524288000,,,2026-09-05T08:56:20.819886+00:00,247,14,0247-baseline-524288000-r14,True,client,baseline,524288000,TLSv1.3,TLS_AES_256_GCM_SHA384,X25519,qcomm/baseline/1,,,14.1475,2.4439,,,,,,,,,16.6267,0.2378,,1390.383,,,1396.0031,2786.4617,3010.487457983004,2687.5,0,0,524448320,524448268,True,server,baseline,524288000,TLSv1.3,TLS_AES_256_GCM_SHA384,X25519,qcomm/baseline/1,,,,13.7786,,,,,,,,,13.7877,,0.3656,,1390.7296,1395.6789,,2786.5803,3010.3593282418597,2765.625,0,0,524448268,524448320
True,hybrid,1073741824,,,2026-09-05T08:56:28.478324+00:00,248,14,0248-hybrid-1073741824-r14,True,client,hybrid,1073741824,TLSv1.3,TLS_AES_256_GCM_SHA384,X25519,qcomm/hybrid/1,,,11.8791,2.4186,0.0434,2.5219,,,0.2267,0.2191,,0.1219,16.922,0.2438,,3536.8899,,,3487.3284,7024.3036,2445.775433738371,6703.125,1144,4581,1074479944,1074479867,True,server,hybrid,1073741824,TLSv1.3,TLS_AES_256_GCM_SHA384,X25519,qcomm/hybrid/1,,,,11.4298,0.0556,2.7139,0.2408,1.0342,,,0.1071,0.1169,14.2415,,0.1247,,3537.0166,3487.1936,,7024.4197,2445.735009825794,6546.875,4581,1144,1074479867,1074479944
True,baseline,102400,,,2026-09-05T08:56:29.097473+00:00,249,14,0249-baseline-102400-r14,True,client,baseline,102400,TLSv1.3,TLS_AES_256_GCM_SHA384,X25519,qcomm/baseline/1,,,12.7945,2.5633,,,,,,,,,15.3992,0.2611,,0.7323,,,0.8979,1.6861,971.7098629974498,0.0,0,0,102640,102588,True,server,baseline,102400,TLSv1.3,TLS_AES_256_GCM_SHA384,X25519,qcomm/baseline/1,,,,12.3744,,,,,,,,,12.3838,,0.3783,,0.981,0.5841,,1.8277,896.4272035892105,15.625,0,0,102588,102640
True,native,102400,,,2026-09-05T08:56:29.693715+00:00,250,14,0250-native-102400-r14,True,client,native,102400,TLSv1.3,TLS_AES_256_GCM_SHA384,X25519MLKEM768,qcomm/baseline/1,,,2.8265,2.879,,,,,,,,,5.724,0.2383,,0.7485,,,0.8943,1.6998,963.8781033062713,0.0,0,0,102640,102588,True,server,native,102400,TLSv1.3,TLS_AES_256_GCM_SHA384,X25519MLKEM768,qcomm/baseline/1,,,,2.5763,,,,,,,,,2.5841,,0.3818,,0.9383,0.5783,,1.781,919.9326221224032,0.0,0,0,102588,102640
True,native,104857600,,,2026-09-05T08:56:30.903455+00:00,251,14,0251-native-104857600-r14,True,client,native,104857600,TLSv1.3,TLS_AES_256_GCM_SHA384,X25519MLKEM768,qcomm/baseline/1,,,21.8147,3.1936,,,,,,,,,25.0345,0.2154,,290.7499,,,280.5637,571.3901,2936.2104803705906,546.875,0,0,104889840,104889788,True,server,native,104857600,TLSv1.3,TLS_AES_256_GCM_SHA384,X25519MLKEM768,qcomm/baseline/1,,,,22.0862,,,,,,,,,22.0954,,0.3537,,290.8143,280.489,,571.4794,2935.7516648894075,593.75,0,0,104889788,104889840
True,native,524288000,,,2026-09-05T08:56:34.198296+00:00,252,14,0252-native-524288000-r14,True,client,native,524288000,TLSv1.3,TLS_AES_256_GCM_SHA384,X25519MLKEM768,qcomm/baseline/1,,,2.7973,2.8514,,,,,,,,,5.667,0.2268,,1500.3202,,,1213.132,2713.5278,3091.40300681644,2656.25,0,0,524448320,524448268,True,server,native,524288000,TLSv1.3,TLS_AES_256_GCM_SHA384,X25519MLKEM768,qcomm/baseline/1,,,,2.56,,,,,,,,,2.5688,,0.3491,,1500.4191,1213.0691,,2713.6358,3091.2799720581515,2484.375,0,0,524448268,524448320
True,native,102400,,,2026-09-05T08:56:34.790734+00:00,253,15,0253-native-102400-r15,True,client,native,102400,TLSv1.3,TLS_AES_256_GCM_SHA384,X25519MLKEM768,qcomm/baseline/1,,,2.7499,2.8329,,,,,,,,,5.6009,0.2114,,0.7562,,,0.8424,1.6563,989.1927790859144,15.625,0,0,102640,102588,True,server,native,102400,TLSv1.3,TLS_AES_256_GCM_SHA384,X25519MLKEM768,qcomm/baseline/1,,,,2.5501,,,,,,,,,2.5588,,0.3426,,0.9406,0.5813,,1.7336,945.0853714813105,0.0,0,0,102588,102640
True,native,524288000,,,2026-09-05T08:56:38.298221+00:00,254,15,0254-native-524288000-r15,True,client,native,524288000,TLSv1.3,TLS_AES_256_GCM_SHA384,X25519MLKEM768,qcomm/baseline/1,,,2.7093,2.8217,,,,,,,,,5.5481,0.2313,,1425.8756,,,1482.5684,2908.5222,2884.1478328754033,2703.125,0,0,524448320,524448268,True,server,native,524288000,TLSv1.3,TLS_AES_256_GCM_SHA384,X25519MLKEM768,qcomm/baseline/1,,,,2.5452,,,,,,,,,2.554,,0.3437,,1426.016,1482.4437,,2908.6302,2884.040741927248,2906.25,0,0,524448268,524448320
True,baseline,1024,,,2026-09-05T08:56:38.900124+00:00,255,15,0255-baseline-1024-r15,True,client,baseline,1024,TLSv1.3,TLS_AES_256_GCM_SHA384,X25519,qcomm/baseline/1,,,2.644,2.3391,,,,,,,,,5.0006,0.2477,,0.3597,,,0.3187,0.7322,22.376399890740238,0.0,0,0,1244,1192,True,server,baseline,1024,TLSv1.3,TLS_AES_256_GCM_SHA384,X25519,qcomm/baseline/1,,,,2.088,,,,,,,,,2.097,,0.3276,,0.4341,0.2836,,0.8175,20.04159021406728,0.0,0,0,1192,1244
True,hybrid,104857600,,,2026-09-05T08:56:40.172109+00:00,256,15,0256-hybrid-104857600-r15,True,client,hybrid,104857600,TLSv1.3,TLS_AES_256_GCM_SHA384,X25519,qcomm/hybrid/1,,,2.5823,2.3307,0.0439,2.675,,,0.2438,0.2364,,0.1375,7.6909,0.4296,,338.6696,,,329.9747,668.7258,2508.833366381258,640.625,1144,4581,104929990,104929913,True,server,hybrid,104857600,TLSv1.3,TLS_AES_256_GCM_SHA384,X25519,qcomm/hybrid/1,,,,2.0099,0.0708,2.9287,0.2435,1.0942,,,0.1154,0.1277,5.0553,,0.2862,,338.7966,329.8171,,668.8413,2508.400124214817,609.375,4581,1144,104929913,104929990
True,native,1024,,,2026-09-05T08:56:40.782515+00:00,257,15,0257-native-1024-r15,True,client,native,1024,TLSv1.3,TLS_AES_256_GCM_SHA384,X25519MLKEM768,qcomm/baseline/1,,,27.2612,3.3277,,,,,,,,,30.6138,0.2712,,0.3528,,,0.3357,0.7431,22.04817655766384,0.0,0,0,1244,1192,True,server,native,1024,TLSv1.3,TLS_AES_256_GCM_SHA384,X25519MLKEM768,qcomm/baseline/1,,,,27.7749,,,,,,,,,27.7839,,0.3709,,0.4734,0.2796,,0.8562,19.135715954216305,0.0,0,0,1192,1244
True,hybrid,1048576,,,2026-09-05T08:56:41.397623+00:00,258,15,0258-hybrid-1048576-r15,True,client,hybrid,1048576,TLSv1.3,TLS_AES_256_GCM_SHA384,X25519,qcomm/hybrid/1,,,25.2267,2.6673,0.0459,1.9312,,,0.2333,0.2462,,0.127,29.9579,0.2521,,4.1106,,,3.5399,7.7153,2174.5383847679286,15.625,1144,4581,1049641,1049564,True,server,hybrid,1048576,TLSv1.3,TLS_AES_256_GCM_SHA384,X25519,qcomm/hybrid/1,,,,24.7343,0.0558,2.172,0.2627,0.4118,,,0.0946,0.1132,27.0105,,0.1339,,4.2269,3.34,,7.8033,2150.015506260172,0.0,4581,1144,1049564,1049641
True,baseline,1073741824,,,2026-09-05T08:56:48.128636+00:00,259,15,0259-baseline-1073741824-r15,True,client,baseline,1073741824,TLSv1.3,TLS_AES_256_GCM_SHA384,X25519,qcomm/baseline/1,,,2.6938,2.4277,,,,,,,,,5.1401,0.213,,3049.9454,,,3077.0319,6127.0466,2803.9396964925972,5750.0,0,0,1074069944,1074069892,True,server,baseline,1073741824,TLSv1.3,TLS_AES_256_GCM_SHA384,X25519,qcomm/baseline/1,,,,2.1029,,,,,,,,,2.1108,,0.3612,,3050.0563,3076.6902,,6127.1465,2803.8939796853233,5531.25,0,0,1074069892,1074069944
True,native,104857600,,,2026-09-05T08:56:49.292071+00:00,260,15,0260-native-104857600-r15,True,client,native,104857600,TLSv1.3,TLS_AES_256_GCM_SHA384,X25519MLKEM768,qcomm/baseline/1,,,18.3373,3.137,,,,,,,,,21.5008,0.3285,,294.8126,,,284.1083,578.9969,2897.6348578032107,562.5,0,0,104889840,104889788,True,server,native,104857600,TLSv1.3,TLS_AES_256_GCM_SHA384,X25519MLKEM768,qcomm/baseline/1,,,,18.3838,,,,,,,,,18.392,,0.3706,,295.0243,284.0047,,579.2091,2896.573275523468,546.875,0,0,104889788,104889840
True,native,1073741824,,,2026-09-05T08:56:55.634718+00:00,261,15,0261-native-1073741824-r15,True,client,native,1073741824,TLSv1.3,TLS_AES_256_GCM_SHA384,X25519MLKEM768,qcomm/baseline/1,,,23.0164,2.9985,,,,,,,,,26.0468,0.2127,,2816.8462,,,2896.9073,5713.8412,3006.7109992486317,5484.375,0,0,1074069944,1074069892,True,server,native,1073741824,TLSv1.3,TLS_AES_256_GCM_SHA384,X25519MLKEM768,qcomm/baseline/1,,,,23.1432,,,,,,,,,23.152,,0.3843,,2817.0272,2896.6515,,5713.9211,3006.668955229361,5546.875,0,0,1074069892,1074069944
True,hybrid,1024,,,2026-09-05T08:56:56.249093+00:00,262,15,0262-hybrid-1024-r15,True,client,hybrid,1024,TLSv1.3,TLS_AES_256_GCM_SHA384,X25519,qcomm/hybrid/1,,,20.6005,2.5578,0.0449,2.0824,,,0.2253,0.2313,,0.1358,25.3495,0.2495,,0.3552,,,0.4143,0.8291,19.761186829091788,0.0,1144,4581,1369,1292,True,server,hybrid,1024,TLSv1.3,TLS_AES_256_GCM_SHA384,X25519,qcomm/hybrid/1,,,,20.3483,0.0553,2.2925,0.2559,0.5641,,,0.0978,0.1288,22.7388,,0.1262,,0.4873,0.3409,,0.94,17.429787234042553,15.625,4581,1144,1292,1369
True,hybrid,524288000,,,2026-09-05T08:57:00.037470+00:00,263,15,0263-hybrid-524288000-r15,True,client,hybrid,524288000,TLSv1.3,TLS_AES_256_GCM_SHA384,X25519,qcomm/hybrid/1,,,24.463,2.6778,0.0447,1.9441,,,0.2204,0.2169,,0.1366,29.1913,0.2572,,1511.0992,,,1660.8362,3172.0171,2644.5658190178106,2968.75,1144,4581,524648570,524648493,True,server,hybrid,524288000,TLSv1.3,TLS_AES_256_GCM_SHA384,X25519,qcomm/hybrid/1,,,,24.1283,0.0565,2.2049,0.2572,0.4245,,,0.1072,0.1149,26.44,,0.1231,,1511.2557,1660.6976,,3172.1418,2644.461858546172,3000.0,4581,1144,524648493,524648570
True,baseline,104857600,,,2026-09-05T08:57:01.236712+00:00,264,15,0264-baseline-104857600-r15,True,client,baseline,104857600,TLSv1.3,TLS_AES_256_GCM_SHA384,X25519,qcomm/baseline/1,,,19.3596,2.4449,,,,,,,,,21.8433,0.2916,,296.2933,,,311.7082,608.1404,2758.7734674427156,578.125,0,0,104889840,104889788,True,server,baseline,104857600,TLSv1.3,TLS_AES_256_GCM_SHA384,X25519,qcomm/baseline/1,,,,19.0116,,,,,,,,,19.0194,,0.388,,296.399,311.6207,,608.2627,2758.2187761965347,562.5,0,0,104889788,104889840
True,hybrid,1073741824,,,2026-09-05T08:57:08.886657+00:00,265,15,0265-hybrid-1073741824-r15,True,client,hybrid,1073741824,TLSv1.3,TLS_AES_256_GCM_SHA384,X25519,qcomm/hybrid/1,,,12.614,2.5089,0.0464,1.895,,,0.2423,0.2272,,0.1234,17.1218,0.2225,,3544.0378,,,3501.1411,7045.2603,2438.500275710182,6531.25,1144,4581,1074479944,1074479867,True,server,hybrid,1073741824,TLSv1.3,TLS_AES_256_GCM_SHA384,X25519,qcomm/hybrid/1,,,,12.2277,0.0561,2.0932,0.2572,0.4093,,,0.1062,0.1263,14.4196,,0.1327,,3544.1664,3501.0114,,7045.3913,2438.4549349302997,6578.125,4581,1144,1074479867,1074479944
True,native,1048576,,,2026-09-05T08:57:09.513133+00:00,266,15,0266-native-1048576-r15,True,client,native,1048576,TLSv1.3,TLS_AES_256_GCM_SHA384,X25519MLKEM768,qcomm/baseline/1,,,23.2932,3.3504,,,,,,,,,26.6705,0.2418,,3.3602,,,3.3444,6.7687,2478.646712071742,15.625,0,0,1049116,1049064,True,server,native,1048576,TLSv1.3,TLS_AES_256_GCM_SHA384,X25519MLKEM768,qcomm/baseline/1,,,,23.8062,,,,,,,,,23.8165,,0.3654,,3.5057,3.165,,6.8842,2437.061096423695,15.625,0,0,1049064,1049116
True,baseline,102400,,,2026-09-05T08:57:10.110961+00:00,267,15,0267-baseline-102400-r15,True,client,baseline,102400,TLSv1.3,TLS_AES_256_GCM_SHA384,X25519,qcomm/baseline/1,,,11.8539,2.6731,,,,,,,,,14.5527,0.2757,,0.7079,,,0.8635,1.6284,1006.1409972979611,0.0,0,0,102640,102588,True,server,baseline,102400,TLSv1.3,TLS_AES_256_GCM_SHA384,X25519,qcomm/baseline/1,,,,11.6086,,,,,,,,,11.618,,0.3404,,0.9309,0.6155,,1.7452,938.8035755214302,0.0,0,0,102588,102640
True,baseline,524288000,,,2026-09-05T08:57:13.661552+00:00,268,15,0268-baseline-524288000-r15,True,client,baseline,524288000,TLSv1.3,TLS_AES_256_GCM_SHA384,X25519,qcomm/baseline/1,,,23.1567,2.8592,,,,,,,,,26.0581,0.2591,,1414.5788,,,1505.7756,2920.4395,2872.378626573158,2515.625,0,0,524448320,524448268,True,server,baseline,524288000,TLSv1.3,TLS_AES_256_GCM_SHA384,X25519,qcomm/baseline/1,,,,22.9425,,,,,,,,,22.9519,,0.3974,,1414.6891,1505.6979,,2920.5568,2872.263261580805,2640.625,0,0,524448268,524448320
True,hybrid,102400,,,2026-09-05T08:57:14.251160+00:00,269,15,0269-hybrid-102400-r15,True,client,hybrid,102400,TLSv1.3,TLS_AES_256_GCM_SHA384,X25519,qcomm/hybrid/1,,,2.7594,2.3737,0.045,2.5618,,,0.2405,0.2189,,0.1219,7.7943,0.2332,,0.7938,,,0.9502,1.8074,906.4955184242559,15.625,1144,4581,102790,102713,True,server,hybrid,102400,TLSv1.3,TLS_AES_256_GCM_SHA384,X25519,qcomm/hybrid/1,,,,2.1261,0.0549,2.7344,0.2479,1.089,,,0.1049,0.1158,4.9575,,0.1444,,1.0338,0.656,,1.9067,859.2856768238316,0.0,4581,1144,102713,102790
True,baseline,1048576,,,2026-09-05T08:57:14.877399+00:00,270,15,0270-baseline-1048576-r15,True,client,baseline,1048576,TLSv1.3,TLS_AES_256_GCM_SHA384,X25519,qcomm/baseline/1,,,19.9038,2.6518,,,,,,,,,22.5943,0.2179,,3.3884,,,2.9761,6.4263,2610.711606990025,15.625,0,0,1049116,1049064,True,server,baseline,1048576,TLSv1.3,TLS_AES_256_GCM_SHA384,X25519,qcomm/baseline/1,,,,19.5479,,,,,,,,,19.5564,,0.3546,,3.5011,2.8554,,6.5065,2578.53162222393,15.625,0,0,1049064,1049116
True,hybrid,524288000,,,2026-09-05T08:57:18.902519+00:00,271,16,0271-hybrid-524288000-r16,True,client,hybrid,524288000,TLSv1.3,TLS_AES_256_GCM_SHA384,X25519,qcomm/hybrid/1,,,2.697,2.5586,0.0473,3.1015,,,0.2335,0.2392,,0.1313,8.4675,0.2212,,1734.1937,,,1691.633,3425.9048,2448.5817586057856,3140.625,1144,4581,524648570,524648493,True,server,hybrid,524288000,TLSv1.3,TLS_AES_256_GCM_SHA384,X25519,qcomm/hybrid/1,,,,2.2709,0.0571,3.3095,0.2625,1.542,,,0.1101,0.1214,5.6826,,0.1197,,1734.3718,1691.4096,,3426.0167,2448.5017834268,3265.625,4581,1144,524648493,524648570
True,baseline,524288000,,,2026-09-05T08:57:22.509220+00:00,272,16,0272-baseline-524288000-r16,True,client,baseline,524288000,TLSv1.3,TLS_AES_256_GCM_SHA384,X25519,qcomm/baseline/1,,,15.7755,2.4671,,,,,,,,,18.2896,0.2653,,1498.3039,,,1503.0999,3001.482,2794.8220245865214,2687.5,0,0,524448320,524448268,True,server,baseline,524288000,TLSv1.3,TLS_AES_256_GCM_SHA384,X25519,qcomm/baseline/1,,,,15.3429,,,,,,,,,15.3512,,0.366,,1498.4235,1503.0098,,3001.5997,2794.712432840395,2718.75,0,0,524448268,524448320
True,hybrid,102400,,,2026-09-05T08:57:23.131581+00:00,273,16,0273-hybrid-102400-r16,True,client,hybrid,102400,TLSv1.3,TLS_AES_256_GCM_SHA384,X25519,qcomm/hybrid/1,,,24.8925,2.6562,0.0477,2.0623,,,0.2421,0.2256,,0.1248,29.7171,0.2511,,0.7989,,,1.0056,1.8691,876.5716120057782,0.0,1144,4581,102790,102713,True,server,hybrid,102400,TLSv1.3,TLS_AES_256_GCM_SHA384,X25519,qcomm/hybrid/1,,,,24.3793,0.0542,2.268,0.243,0.5842,,,0.0984,0.1137,26.7483,,0.1236,,1.0857,0.6635,,2.027,808.2881105081401,0.0,4581,1144,102713,102790
True,native,102400,,,2026-09-05T08:57:23.744029+00:00,274,16,0274-native-102400-r16,True,client,native,102400,TLSv1.3,TLS_AES_256_GCM_SHA384,X25519MLKEM768,qcomm/baseline/1,,,13.9752,2.8493,,,,,,,,,16.8679,0.2119,,0.735,,,0.8992,1.692,968.3215130023642,31.25,0,0,102640,102588,True,server,native,102400,TLSv1.3,TLS_AES_256_GCM_SHA384,X25519MLKEM768,qcomm/baseline/1,,,,13.9583,,,,,,,,,13.9667,,0.3298,,0.9611,0.5926,,1.783,918.9007291082446,15.625,0,0,102588,102640
True,native,1048576,,,2026-09-05T08:57:24.357165+00:00,275,16,0275-native-1048576-r16,True,client,native,1048576,TLSv1.3,TLS_AES_256_GCM_SHA384,X25519MLKEM768,qcomm/baseline/1,,,19.4688,2.9367,,,,,,,,,22.4287,0.2738,,3.4017,,,3.4688,6.9577,2411.3163832875803,0.0,0,0,1049116,1049064,True,server,native,1048576,TLSv1.3,TLS_AES_256_GCM_SHA384,X25519MLKEM768,qcomm/baseline/1,,,,19.5614,,,,,,,,,19.5815,,0.3545,,3.5556,3.3145,,7.0611,2376.0060047301413,31.25,0,0,1049064,1049116
True,native,104857600,,,2026-09-05T08:57:25.523706+00:00,276,16,0276-native-104857600-r16,True,client,native,104857600,TLSv1.3,TLS_AES_256_GCM_SHA384,X25519MLKEM768,qcomm/baseline/1,,,2.9237,2.9239,,,,,,,,,5.867,0.2384,,288.2237,,,292.4448,580.7456,2888.9097050412433,562.5,0,0,104889840,104889788,True,server,native,104857600,TLSv1.3,TLS_AES_256_GCM_SHA384,X25519MLKEM768,qcomm/baseline/1,,,,2.6134,,,,,,,,,2.622,,0.3607,,288.4112,292.2717,,580.8608,2888.336758135512,500.0,0,0,104889788,104889840
True,hybrid,1073741824,,,2026-09-05T08:57:33.163167+00:00,277,16,0277-hybrid-1073741824-r16,True,client,hybrid,1073741824,TLSv1.3,TLS_AES_256_GCM_SHA384,X25519,qcomm/hybrid/1,,,3.814,2.4729,0.0528,2.1515,,,0.2283,0.2242,,0.1263,8.5473,0.2192,,3556.2712,,,3490.7028,7047.058,2437.878215845534,6406.25,1144,4581,1074479944,1074479867,True,server,hybrid,1073741824,TLSv1.3,TLS_AES_256_GCM_SHA384,X25519,qcomm/hybrid/1,,,,3.0599,0.0552,2.3872,0.2457,0.7184,,,0.1,0.1146,5.5444,,0.1183,,3556.4261,3490.5324,,7047.1962,2437.8304075030574,6609.375,4581,1144,1074479867,1074479944
True,native,524288000,,,2026-09-05T08:57:36.688797+00:00,278,16,0278-native-524288000-r16,True,client,native,524288000,TLSv1.3,TLS_AES_256_GCM_SHA384,X25519MLKEM768,qcomm/baseline/1,,,2.6189,2.847,,,,,,,,,5.4836,0.2057,,1483.8852,,,1461.2718,2945.2296,2848.2017157507853,2828.125,0,0,524448320,524448268,True,server,native,524288000,TLSv1.3,TLS_AES_256_GCM_SHA384,X25519MLKEM768,qcomm/baseline/1,,,,2.5375,,,,,,,,,2.5457,,0.3606,,1483.9601,1461.2083,,2945.3244,2848.110041800489,2703.125,0,0,524448268,524448320
True,baseline,102400,,,2026-09-05T08:57:37.291777+00:00,279,16,0279-baseline-102400-r16,True,client,baseline,102400,TLSv1.3,TLS_AES_256_GCM_SHA384,X25519,qcomm/baseline/1,,,12.6498,2.5193,,,,,,,,,15.1973,0.2526,,0.72,,,0.922,1.6984,964.6726330664155,15.625,0,0,102640,102588,True,server,baseline,102400,TLSv1.3,TLS_AES_256_GCM_SHA384,X25519,qcomm/baseline/1,,,,12.2538,,,,,,,,,12.2628,,0.369,,0.9692,0.5961,,1.7932,913.6738790988177,15.625,0,0,102588,102640
True,baseline,1073741824,,,2026-09-05T08:57:43.711615+00:00,280,16,0280-baseline-1073741824-r16,True,client,baseline,1073741824,TLSv1.3,TLS_AES_256_GCM_SHA384,X25519,qcomm/baseline/1,,,15.6289,2.6614,,,,,,,,,18.32,0.2115,,2918.414,,,2880.5054,5798.995,2962.5597511292904,5421.875,0,0,1074069944,1074069892,True,server,baseline,1073741824,TLSv1.3,TLS_AES_256_GCM_SHA384,X25519,qcomm/baseline/1,,,,15.2727,,,,,,,,,15.2816,,0.3605,,2918.517,2880.4084,,5799.0903,2962.511065571785,5531.25,0,0,1074069892,1074069944
True,hybrid,1048576,,,2026-09-05T08:57:44.302112+00:00,281,16,0281-hybrid-1048576-r16,True,client,hybrid,1048576,TLSv1.3,TLS_AES_256_GCM_SHA384,X25519,qcomm/hybrid/1,,,6.4948,2.3861,0.0449,2.0203,,,0.2317,0.2259,,0.123,11.0076,0.2446,,3.9801,,,3.9468,7.9995,2097.283080192512,31.25,1144,4581,1049641,1049564,True,server,hybrid,1048576,TLSv1.3,TLS_AES_256_GCM_SHA384,X25519,qcomm/hybrid/1,,,,5.976,0.0558,2.2127,0.2529,0.4869,,,0.1095,0.1156,8.2885,,0.123,,4.1322,3.7756,,8.0904,2073.718975575991,31.25,4581,1144,1049564,1049641
True,hybrid,1024,,,2026-09-05T08:57:44.901232+00:00,282,16,0282-hybrid-1024-r16,True,client,hybrid,1024,TLSv1.3,TLS_AES_256_GCM_SHA384,X25519,qcomm/hybrid/1,,,2.6603,2.3573,0.0448,1.9221,,,0.218,0.2396,,0.1243,7.0372,0.2162,,0.4676,,,0.3742,0.9008,18.18827708703375,0.0,1144,4581,1369,1292,True,server,hybrid,1024,TLSv1.3,TLS_AES_256_GCM_SHA384,X25519,qcomm/hybrid/1,,,,2.0757,0.0577,2.0978,0.2382,0.497,,,0.0957,0.1131,4.2723,,0.132,,0.555,0.3117,,0.9904,16.54281098546042,15.625,4581,1144,1292,1369
True,hybrid,104857600,,,2026-09-05T08:57:46.176736+00:00,283,16,0283-hybrid-104857600-r16,True,client,hybrid,104857600,TLSv1.3,TLS_AES_256_GCM_SHA384,X25519,qcomm/hybrid/1,,,19.6373,2.7195,0.0443,2.3019,,,0.2202,0.2272,,0.1239,24.768,0.2816,,343.505,,,331.4223,675.0094,2485.4788688868625,640.625,1144,4581,104929990,104929913,True,server,hybrid,104857600,TLSv1.3,TLS_AES_256_GCM_SHA384,X25519,qcomm/hybrid/1,,,,19.45,0.0567,2.5121,0.2546,0.8272,,,0.0955,0.121,22.0614,,0.1663,,343.6536,331.3171,,675.1592,2484.927406750882,609.375,4581,1144,104929913,104929990
True,native,1073741824,,,2026-09-05T08:57:52.748082+00:00,284,16,0284-native-1073741824-r16,True,client,native,1073741824,TLSv1.3,TLS_AES_256_GCM_SHA384,X25519MLKEM768,qcomm/baseline/1,,,2.618,2.8984,,,,,,,,,5.5356,0.2092,,2946.4402,,,3028.6575,5975.1835,2875.2036124078863,5750.0,0,0,1074069944,1074069892,True,server,native,1073741824,TLSv1.3,TLS_AES_256_GCM_SHA384,X25519MLKEM768,qcomm/baseline/1,,,,2.5585,,,,,,,,,2.5665,,0.3384,,2946.5245,3028.5806,,5975.2881,2875.15328072633,5609.375,0,0,1074069892,1074069944
True,baseline,1048576,,,2026-09-05T08:57:53.348945+00:00,285,16,0285-baseline-1048576-r16,True,client,baseline,1048576,TLSv1.3,TLS_AES_256_GCM_SHA384,X25519,qcomm/baseline/1,,,14.3681,2.3741,,,,,,,,,16.7623,0.2128,,3.3847,,,3.4363,6.879,2438.9033289722342,0.0,0,0,1049116,1049064,True,server,baseline,1048576,TLSv1.3,TLS_AES_256_GCM_SHA384,X25519,qcomm/baseline/1,,,,13.7649,,,,,,,,,13.7732,,0.3777,,3.4985,3.3221,,6.9631,2409.446367278942,15.625,0,0,1049064,1049116
True,native,1024,,,2026-09-05T08:57:53.953110+00:00,286,16,0286-native-1024-r16,True,client,native,1024,TLSv1.3,TLS_AES_256_GCM_SHA384,X25519MLKEM768,qcomm/baseline/1,,,21.9123,2.9685,,,,,,,,,24.9116,0.2099,,0.3712,,,0.3779,0.8107,20.209695325027752,0.0,0,0,1244,1192,True,server,native,1024,TLSv1.3,TLS_AES_256_GCM_SHA384,X25519MLKEM768,qcomm/baseline/1,,,,21.7922,,,,,,,,,21.8012,,0.3461,,0.4503,0.2903,,0.8849,18.51508645044638,0.0,0,0,1192,1244
True,baseline,1024,,,2026-09-05T08:57:54.559337+00:00,287,16,0287-baseline-1024-r16,True,client,baseline,1024,TLSv1.3,TLS_AES_256_GCM_SHA384,X25519,qcomm/baseline/1,,,21.0389,2.478,,,,,,,,,23.5642,0.2228,,0.3709,,,0.3729,0.8053,20.34521296411275,0.0,0,0,1244,1192,True,server,baseline,1024,TLSv1.3,TLS_AES_256_GCM_SHA384,X25519,qcomm/baseline/1,,,,20.6489,,,,,,,,,20.6575,,0.3583,,0.4874,0.2876,,0.9188,17.831954723552457,0.0,0,0,1192,1244
True,baseline,104857600,,,2026-09-05T08:57:55.787721+00:00,288,16,0288-baseline-104857600-r16,True,client,baseline,104857600,TLSv1.3,TLS_AES_256_GCM_SHA384,X25519,qcomm/baseline/1,,,23.1919,2.6312,,,,,,,,,25.8464,0.2655,,283.8505,,,337.9132,621.8414,2697.9895516766815,546.875,0,0,104889840,104889788,True,server,baseline,104857600,TLSv1.3,TLS_AES_256_GCM_SHA384,X25519,qcomm/baseline/1,,,,22.9991,,,,,,,,,23.0083,,0.3674,,283.9907,337.801,,621.9553,2697.495463098393,546.875,0,0,104889788,104889840
