{
  "host": "127.0.0.1",
  "port": 44330,
  "tls_version": "1.3",
  "ciphers_requested": "AESGCM:CHACHA20:AES256:AES128",
  "cert_file": "server_cert.pem",
  "key_file": "server_key.pem",
  "use_hybrid": true,
  "client_hello_time_ms": 0.09940005838871002,
  "server_hello_time_ms": 0.09089999366551638,
  "ecdh_time_ms": 0.219399924390018,
  "mlkem_decapsulation_time_ms": 0.45739999040961266,
  "signature_generation_time_ms": 1.3772000093013048,
  "key_derivation_time_ms": 0.2597999991849065,
  "total_handshake_time_ms": 110.00999994575977,
  "handshake_time_ms": 110.00999994575977,
  "bytes_received": 102400,
  "per_recv_call_time_ms": [
    0.21840003319084644,
    0.020000035874545574,
    0.015400000847876072,
    0.016200006939470768,
    0.02380006480962038,
    0.010699965059757233,
    0.008499948307871819
  ],
  "decrypt_time_ms": 0.5857000360265374,
  "bytes_sent": 102400,
  "encrypt_time_ms": 0.3819999983534217,
  "transfer_duration_ms": 0.9722999529913068,
  "throughput_bytes_per_sec": 105317293.99447533,
  "success": true
}