{
  "host": "127.0.0.1",
  "port": 44330,
  "tls_version": "1.3",
  "ciphers_requested": "AESGCM:CHACHA20:AES256:AES128",
  "cert_file": "server_cert.pem",
  "key_file": "server_key.pem",
  "use_hybrid": true,
  "client_hello_time_ms": 0.10020006448030472,
  "server_hello_time_ms": 0.09250000584870577,
  "ecdh_time_ms": 0.215300009585917,
  "mlkem_decapsulation_time_ms": 0.5500999977812171,
  "signature_generation_time_ms": 0.6182000506669283,
  "key_derivation_time_ms": 0.32919994555413723,
  "total_handshake_time_ms": 108.37459994945675,
  "handshake_time_ms": 108.37459994945675,
  "bytes_received": 102400,
  "per_recv_call_time_ms": [
    0.17829996068030596,
    0.018999911844730377,
    0.020000035874545574,
    0.010300078429281712,
    0.009599956683814526,
    0.016200006939470768,
    0.04979991354048252
  ],
  "decrypt_time_ms": 0.5131999496370554,
  "bytes_sent": 102400,
  "encrypt_time_ms": 0.29090000316500664,
  "transfer_duration_ms": 0.8080999832600355,
  "throughput_bytes_per_sec": 126716993.09644593,
  "success": true
}