{
  "host": "127.0.0.1",
  "port": 44330,
  "tls_version": "1.3",
  "ciphers_requested": "AESGCM:CHACHA20:AES256:AES128",
  "ca_file": "server_cert.pem",
  "payload_bytes": 1024,
  "use_hybrid": true,
  "tcp_connect_time_ms": 0.6457000272348523,
  "client_hello_time_ms": 0.1191999763250351,
  "server_hello_time_ms": 6.488500046543777,
  "ecdh_time_ms": 0.27900002896785736,
  "mlkem_encapsulation_time_ms": 0.24309998843818903,
  "signature_verification_time_ms": 0.7291999645531178,
  "key_derivation_time_ms": 0.20599993877112865,
  "total_handshake_time_ms": 15.368999913334846,
  "handshake_time_ms": 15.368999913334846,
  "ping_rtt_ms": 0.4395999712869525,
  "bytes_sent": 1024,
  "encrypt_time_ms": 0.06560003384947777,
  "bytes_received": 1024,
  "decrypt_time_ms": 0.11419993825256824,
  "end_to_end_transfer_time_ms": 0.1805999781936407,
  "throughput_bytes_per_sec": 5669989.6104198815,
  "success": true
}