{
  "host": "127.0.0.1",
  "port": 44330,
  "tls_version": "1.3",
  "ciphers_requested": "AESGCM:CHACHA20:AES256:AES128",
  "ca_file": "server_cert.pem",
  "payload_bytes": 1024,
  "use_hybrid": true,
  "tcp_connect_time_ms": 0.6850999779999256,
  "client_hello_time_ms": 0.16199995297938585,
  "server_hello_time_ms": 7.4894999852404,
  "ecdh_time_ms": 0.2962000435218215,
  "mlkem_encapsulation_time_ms": 0.18069997895509005,
  "signature_verification_time_ms": 0.7362000178545713,
  "key_derivation_time_ms": 0.22869999520480633,
  "total_handshake_time_ms": 17.033500014804304,
  "handshake_time_ms": 17.033500014804304,
  "ping_ping_rtt_ms": 0.46849995851516724,
  "bytes_sent": 1024,
  "encrypt_time_ms": 0.07880001794546843,
  "bytes_received": 1024,
  "decrypt_time_ms": 0.14889996964484453,
  "end_to_end_transfer_time_ms": 0.228899996727705,
  "throughput_bytes_per_sec": 4473569.308164432,
  "success": true
}