{
  "host": "127.0.0.1",
  "port": 44330,
  "tls_version": "1.3",
  "ciphers_requested": "AESGCM:CHACHA20:AES256:AES128",
  "ca_file": "server_cert.pem",
  "payload_bytes": 102400,
  "use_hybrid": true,
  "tcp_connect_time_ms": 0.7130000740289688,
  "client_hello_time_ms": 0.1281999284401536,
  "server_hello_time_ms": 7.04499997664243,
  "ecdh_time_ms": 0.19350007642060518,
  "mlkem_encapsulation_time_ms": 0.19619998056441545,
  "signature_verification_time_ms": 1.8240000354126096,
  "key_derivation_time_ms": 0.3024999750778079,
  "total_handshake_time_ms": 16.75260008778423,
  "handshake_time_ms": 16.75260008778423,
  "ping_ping_rtt_ms": 0.618400052189827,
  "bytes_sent": 102400,
  "encrypt_time_ms": 0.3423000453040004,
  "bytes_received": 102400,
  "decrypt_time_ms": 0.6019999273121357,
  "end_to_end_transfer_time_ms": 0.9452999802306294,
  "throughput_bytes_per_sec": 108325401.6095684,
  "success": true
}