{
  "host": "127.0.0.1",
  "port": 44330,
  "tls_version": "1.3",
  "ciphers_requested": "AESGCM:CHACHA20:AES256:AES128",
  "ca_file": "server_cert.pem",
  "payload_bytes": 102400,
  "use_hybrid": true,
  "tcp_connect_time_ms": 0.6390999769791961,
  "client_hello_time_ms": 0.12310000602155924,
  "server_hello_time_ms": 6.326699978671968,
  "ecdh_time_ms": 0.2682000631466508,
  "mlkem_encapsulation_time_ms": 0.2392000751569867,
  "signature_verification_time_ms": 0.9178000036627054,
  "key_derivation_time_ms": 0.24750002194195986,
  "total_handshake_time_ms": 15.10940003208816,
  "handshake_time_ms": 15.10940003208816,
  "ping_rtt_ms": 0.448299921117723,
  "bytes_sent": 102400,
  "encrypt_time_ms": 0.354300020262599,
  "bytes_received": 102400,
  "decrypt_time_ms": 0.4285000031813979,
  "end_to_end_transfer_time_ms": 0.7836000295355916,
  "throughput_bytes_per_sec": 130678912.88963884,
  "success": true
}