{
  "versions": [
    {
      "tls_version": "1.3_hybrid",
      "runs": 16,
      "success_rate": 1.0,
      "server_stats": {
        "port": {
          "mean": 44330.0,
          "std": 0.0,
          "n": 16
        },
        "client_hello_time_ms": {
          "mean": 0.10956875485135242,
          "std": 0.010062204291858869,
          "n": 16
        },
        "server_hello_time_ms": {
          "mean": 0.10686250607250258,
          "std": 0.011999005946317061,
          "n": 16
        },
        "ecdh_time_ms": {
          "mean": 0.22449373500421643,
          "std": 0.020555264152390586,
          "n": 16
        },
        "mlkem_decapsulation_time_ms": {
          "mean": 0.5334937741281465,
          "std": 0.09659601663403493,
          "n": 16
        },
        "signature_generation_time_ms": {
          "mean": 0.7971874947543256,
          "std": 0.3843222585149335,
          "n": 16
        },
        "key_derivation_time_ms": {
          "mean": 0.25525000819470733,
          "std": 0.04299516210020614,
          "n": 16
        },
        "total_handshake_time_ms": {
          "mean": 110.57882499881089,
          "std": 2.691001208136555,
          "n": 16
        },
        "handshake_time_ms": {
          "mean": 110.57882499881089,
          "std": 2.691001208136555,
          "n": 16
        },
        "bytes_received": {
          "mean": 1073741824.0,
          "std": 0.0,
          "n": 16
        },
        "decrypt_time_ms": {
          "mean": 3352.6494437319343,
          "std": 56.58176662516916,
          "n": 16
        },
        "bytes_sent": {
          "mean": 1073741824.0,
          "std": 0.0,
          "n": 16
        },
        "encrypt_time_ms": {
          "mean": 2228.468025001348,
          "std": 69.27030917784944,
          "n": 16
        },
        "transfer_duration_ms": {
          "mean": 5583.816431259038,
          "std": 97.58481694461761,
          "n": 16
        },
        "throughput_bytes_per_sec": {
          "mean": 192350722.6487341,
          "std": 3381470.886565285,
          "n": 16
        }
      },
      "client_stats": {
        "port": {
          "mean": 44330.0,
          "std": 0.0,
          "n": 16
        },
        "payload_bytes": {
          "mean": 1073741824.0,
          "std": 0.0,
          "n": 16
        },
        "tcp_connect_time_ms": {
          "mean": 0.6610499913222156,
          "std": 0.03896622541795485,
          "n": 16
        },
        "client_hello_time_ms": {
          "mean": 0.13306249456945807,
          "std": 0.012542934487130218,
          "n": 16
        },
        "server_hello_time_ms": {
          "mean": 6.405962478311267,
          "std": 0.24351587262668042,
          "n": 16
        },
        "ecdh_time_ms": {
          "mean": 0.2581500230007805,
          "std": 0.03666996445795312,
          "n": 16
        },
        "mlkem_encapsulation_time_ms": {
          "mean": 0.22669999452773482,
          "std": 0.04353793686749823,
          "n": 16
        },
        "signature_verification_time_ms": {
          "mean": 1.1767249961849302,
          "std": 0.40523182862181945,
          "n": 16
        },
        "key_derivation_time_ms": {
          "mean": 0.2733062647166662,
          "std": 0.03653607553167673,
          "n": 16
        },
        "total_handshake_time_ms": {
          "mean": 15.657406256650575,
          "std": 0.6229601466604989,
          "n": 16
        },
        "handshake_time_ms": {
          "mean": 15.657406256650575,
          "std": 0.6229601466604989,
          "n": 16
        },
        "ping_ping_rtt_ms": {
          "mean": 0.4897812395938672,
          "std": 0.056688921651384734,
          "n": 16
        },
        "bytes_sent": {
          "mean": 1073741824.0,
          "std": 0.0,
          "n": 16
        },
        "encrypt_time_ms": {
          "mean": 2092.8930562513415,
          "std": 55.14675316844364,
          "n": 16
        },
        "bytes_received": {
          "mean": 1073741824.0,
          "std": 0.0,
          "n": 16
        },
        "decrypt_time_ms": {
          "mean": 3406.026562486659,
          "std": 67.26056718538473,
          "n": 16
        },
        "end_to_end_transfer_time_ms": {
          "mean": 5498.921337501088,
          "std": 97.24875097910386,
          "n": 16
        },
        "throughput_bytes_per_sec": {
          "mean": 195321696.9697371,
          "std": 3475695.730277097,
          "n": 16
        }
      }
    }
  ]
}